0,Tom,Aaron,,--,155 lbs.,--,,5,3,0,
1,Danny,Abbadi,The Assassin,"5' 11""",155 lbs.,--,Orthodox,4,6,0,
2,Nariman,Abbasov,Bayraktar,"5' 8""",155 lbs.,"66.0""",Orthodox,28,4,0,
3,Darion,Abbey,,"6' 2""",265 lbs.,"80.0""",Orthodox,9,5,0,
4,David,Abbott,Tank,"6' 0""",265 lbs.,--,Switch,10,15,0,
5,Hamdy,Abdelwahab,The Hammer,"6' 2""",265 lbs.,"72.0""",Southpaw,7,1,0,
6,Farida,Abdueva,,"5' 3""",115 lbs.,"66.0""",Orthodox,8,2,0,
7,Mansur,Abdul-Malik,,"6' 2""",185 lbs.,"80.0""",Orthodox,9,2,1,
8,Akbar,Abdullaev,,"5' 9""",155 lbs.,"70.0""",Orthodox,13,0,0,
9,Tahir,Abdullayev,Tank,"5' 8""",170 lbs.,"73.0""",Orthodox,20,3,0,
10,Shamil,Abdurakhimov,Abrek,"6' 3""",235 lbs.,"76.0""",Orthodox,20,8,0,
11,Hiroyuki,Abe,Abe Ani,"5' 6""",145 lbs.,--,Orthodox,8,15,3,
12,Daichi,Abe,,"5' 11""",170 lbs.,"71.0""",Orthodox,6,2,0,
13,Papy,Abedi,Makambo,"5' 11""",185 lbs.,--,Southpaw,10,4,0,
14,Ricardo,Abreu,Demente,"5' 11""",185 lbs.,--,Orthodox,5,1,0,
15,Klidson,Abreu,White Bear,"6' 0""",205 lbs.,"74.0""",Orthodox,15,4,0,
16,Cyborg,Abreu,,--,--,--,,0,0,0,
17,Loai,Abushaar,,--,155 lbs.,--,,7,1,0,
18,Daniel,Acacio,,"5' 8""",180 lbs.,--,Orthodox,30,18,0,
19,John,Adajar,The Outlaw,"5' 9""",170 lbs.,"75.0""",Orthodox,6,2,0,
20,Scott,Adams,,"6' 0""",225 lbs.,--,Southpaw,8,1,0,
21,Juan,Adams,The Kraken,"6' 5""",265 lbs.,"80.0""",Orthodox,5,3,0,
22,Anthony,Adams,Sugafoot,"6' 1""",185 lbs.,"76.0""",Orthodox,8,2,0,
23,Matt,Adams,Bad,"5' 11""",235 lbs.,"75.0""",Orthodox,6,3,0,
24,Zarrukh,Adashev,The Lion,"5' 5""",125 lbs.,"65.0""",Southpaw,4,4,0,
25,Israel,Adesanya,The Last Stylebender,"6' 4""",185 lbs.,"80.0""",Switch,24,6,0,
26,Sam,Adkins,The Experience,"6' 3""",225 lbs.,--,Orthodox,7,20,2,
27,Mohamed,Ado,,"5' 11""",170 lbs.,"76.0""",Switch,5,1,0,
28,Nick,Agallar,,"5' 8""",155 lbs.,--,Orthodox,24,6,0,
29,Mariya,Agapova,Money Mashka,"5' 6""",125 lbs.,"68.0""",Southpaw,10,5,0,
30,Kantharaj,Agasa,Kannadiga,--,135 lbs.,--,,12,3,0,
31,Marcelo,Aguiar,,"5' 10""",170 lbs.,--,Orthodox,2,3,1,
32,Fabio,Aguiar,,"6' 0""",185 lbs.,--,,17,1,0,
33,Edwin,Aguilar,Tigre,"5' 10""",185 lbs.,--,,26,19,0,
34,Jessica,Aguilar,Jag,"5' 3""",115 lbs.,"63.0""",Orthodox,20,8,0,
35,Kevin,Aguilar,Angel of Death,"5' 7""",155 lbs.,"73.0""",Orthodox,17,5,0,
36,Jesus,Aguilar,,"5' 4""",125 lbs.,"62.0""",Orthodox,12,4,0,
37,Christian,Aguilera,The Beast,"5' 9""",170 lbs.,"72.0""",Switch,14,8,0,
38,Nick,Aguirre,Slick,"5' 9""",135 lbs.,"74.0""",Southpaw,7,2,0,
39,,Agulali,,"5' 9""",125 lbs.,"67.0""",Switch,13,2,0,
40,Ahejiang,Ailinuer,,"5' 9""",145 lbs.,"72.0""",Southpaw,17,4,0,
41,Mike,Aina,Iron,"5' 9""",155 lbs.,--,Orthodox,14,6,1,
42,Ashiek,Ajim,Peak Physique,"5' 8""",135 lbs.,"71.0""",Switch,6,2,0,
43,Hitomi,Akano,Girlfight Monster,"5' 4""",135 lbs.,--,Southpaw,18,10,0,
44,Omari,Akhmedov,Wolverine,"6' 0""",185 lbs.,"73.0""",Orthodox,21,6,1,
45,Yoshihiro,Akiyama,,"5' 10""",170 lbs.,"75.0""",Orthodox,14,6,0,
46,Rostem,Akman,,"5' 10""",170 lbs.,"72.0""",Switch,6,2,0,
47,Razak,Al-Hassan,,"6' 2""",205 lbs.,--,Orthodox,13,5,0,
48,Abdul-Kareem,Al-Selwady,Pride of Palestine,"5' 8""",155 lbs.,"69.0""",Orthodox,16,4,0,
49,Mostapha,Al-Turk,,"6' 2""",245 lbs.,"77.0""",Orthodox,6,6,0,
50,Herdem,Alacabek,,"6' 2""",205 lbs.,"75.0""",Orthodox,5,1,0,
51,Javi,Alanis,,"5' 6""",135 lbs.,--,,0,4,0,
52,,Alatengheili,The Mongolian Knight,"5' 5""",135 lbs.,"66.0""",Orthodox,17,10,2,
53,Amir,Albazi,The Prince,"5' 5""",125 lbs.,"68.0""",Orthodox,17,3,0,
54,Brett,Albee,,--,225 lbs.,--,,3,2,0,
55,John,Albert,Prince,"5' 8""",135 lbs.,"68.0""",Orthodox,6,5,0,
56,Junior,Albini,Baby,"6' 3""",264 lbs.,"74.0""",Orthodox,14,6,0,
57,Wes,Albritton,,"5' 10""",188 lbs.,--,Orthodox,0,1,0,
58,Aleksandra,Albu,Stitch,"5' 2""",115 lbs.,"63.0""",Orthodox,3,2,0,
59,Israel,Albuquerque,,--,185 lbs.,--,Orthodox,0,3,0,
60,Juan,Alcain,,--,--,--,,1,2,0,
61,Iuri,Alcantara,Marajo,"5' 9""",135 lbs.,"71.0""",Southpaw,35,10,0,
62,Ildemar,Alcantara,Marajo,"6' 2""",185 lbs.,"78.0""",Orthodox,21,11,0,
63,Alfonso,Alcarez,,"5' 3""",145 lbs.,--,,1,3,1,
64,Gilbert,Aldana,El Peligro,"6' 1""",250 lbs.,--,Orthodox,6,2,0,
65,Irene,Aldana,,"5' 9""",135 lbs.,"68.0""",Orthodox,15,8,0,
66,Hector,Aldana,,"5' 11""",170 lbs.,"72.0""",Orthodox,4,3,0,
67,Jose,Alday,Pochito,"5' 7""",135 lbs.,"68.0""",Orthodox,14,6,1,
68,Jose,Aldo,,"5' 7""",135 lbs.,"70.0""",Orthodox,32,10,0,
69,JJ,Aldrich,,"5' 5""",125 lbs.,"67.0""",Southpaw,15,8,0,
70,Irina,Alekseeva,Russian Ronda,"5' 8""",135 lbs.,"67.0""",Orthodox,5,4,0,
71,Talita,Alencar,Problem Child,"5' 1""",115 lbs.,"58.0""",Orthodox,8,1,1,
72,Jim,Alers,The Beast,"5' 9""",145 lbs.,"71.0""",Orthodox,13,3,0,
73,John,Alessio,The Natural,"5' 10""",155 lbs.,"72.0""",Orthodox,35,17,0,
74,Houston,Alexander,The Assassin,"6' 0""",205 lbs.,"72.0""",Orthodox,17,15,1,
75,Kenneth,Alexander,The Machine,"5' 9""",155 lbs.,--,Orthodox,7,6,0,
76,Lucas,Alexander,The Lion,"5' 11""",145 lbs.,"73.0""",Orthodox,8,5,0,
77,Marcio,Alexandre Junior,Lyoto,"6' 0""",185 lbs.,"75.0""",Southpaw,17,4,0,
78,Olaf,Alfonso,,"6' 2""",170 lbs.,--,Orthodox,8,12,0,
79,Pablo,Alfonso,The Hurricane,"5' 8""",145 lbs.,--,,9,7,0,
80,Levi,Alford,,--,--,--,,1,7,0,
81,Bill,Algeo,Senor Perfecto,"6' 0""",145 lbs.,"73.0""",Switch,18,9,0,
82,Royce,Alger,,"5' 10""",199 lbs.,--,Orthodox,3,2,0,
83,Amir,Aliakbari,,"6' 3""",250 lbs.,--,,10,1,0,
84,Sultan,Aliev,,"5' 11""",170 lbs.,"74.0""",Orthodox,15,3,0,
85,Nurullo,Aliev,Tajik Eagle,"5' 10""",155 lbs.,"72.0""",Orthodox,12,0,0,
86,Kimbert,Alintozon,The Hunter,"5' 3""",135 lbs.,"65.0""",Orthodox,7,4,0,
87,Ikram,Aliskerov,,"6' 0""",185 lbs.,"76.0""",Southpaw,18,2,0,
88,Leon,Aliu,The Albanian Lion,"6' 0""",185 lbs.,"74.0""",Orthodox,10,2,0,
89,Michael,Aljarouj,The Soldier,"5' 5""",125 lbs.,"66.0""",Orthodox,13,4,0,
90,John,Allan,,"6' 1""",205 lbs.,"75.0""",Orthodox,13,7,0,
91,George,Allen,,"6' 2""",205 lbs.,--,Open Stance,13,19,2,
92,Arnold,Allen,Almighty,"5' 8""",145 lbs.,"70.0""",Southpaw,21,4,0,
93,Brendan,Allen,All In,"6' 2""",185 lbs.,"75.0""",Orthodox,27,7,0,
94,Daniel,Allen,,"6' 0""",155 lbs.,"75.0""",Southpaw,5,0,0,
95,Ben,Alloway,Blanco,"5' 11""",170 lbs.,"76.0""",Orthodox,18,8,0,
96,Asu,Almabayev,Zulfikar,"5' 4""",125 lbs.,"65.0""",Orthodox,24,3,0,
97,Bekzat,Almakhan,The Turan Warrior,"5' 7""",135 lbs.,"68.0""",Orthodox,12,4,0,
98,John Dave,Almanza,The Striker,"5' 7""",125 lbs.,"67.0""",Southpaw,6,1,0,
99,Ricardo,Almeida,Big Dog,"6' 0""",170 lbs.,"74.0""",Orthodox,13,5,0,
100,Magno,Almeida,,"6' 0""",155 lbs.,--,,10,3,0,
101,Thomas,Almeida,Thominhas,"5' 7""",145 lbs.,"70.0""",Southpaw,22,5,0,
102,Ericka,Almeida,,"5' 6""",115 lbs.,--,Orthodox,7,3,0,
103,Estefani,Almeida,,"5' 4""",125 lbs.,--,Orthodox,7,3,0,
104,Jailton,Almeida,Malhadinho,"6' 3""",225 lbs.,"79.0""",Orthodox,22,5,0,
105,Lucas,Almeida,,"5' 11""",145 lbs.,"71.0""",Orthodox,15,5,0,
106,Cesar,Almeida,Cesinha,"6' 1""",185 lbs.,"74.0""",Orthodox,7,3,0,
107,Mauricio,Alonso,,"6' 2""",170 lbs.,--,,13,7,0,
108,Sarah,Alpar,Too Sweet,"5' 4""",135 lbs.,"63.0""",Southpaw,9,6,0,
109,Ali,AlQaisi,The Royal Fighter,"5' 6""",135 lbs.,"68.0""",Orthodox,8,5,0,
110,Abe,Alsaghir,The Killer,"5' 8""",155 lbs.,"71.0""",Orthodox,9,0,0,
111,Rico,Altamirano,,"5' 10""",170 lbs.,--,,4,3,0,
112,Victor,Altamirano,El Magnifico,"5' 8""",125 lbs.,"70.0""",Switch,12,5,0,
113,Mike,Altman,,"5' 10""",185 lbs.,--,Orthodox,1,4,0,
114,Patricia,Alujas,The Angel,"5' 4""",115 lbs.,"64.0""",Orthodox,9,3,0,
115,Sean,Alvarez,,"6' 0""",235 lbs.,--,Orthodox,4,3,0,
116,Eddie,Alvarez,,"5' 9""",155 lbs.,"69.0""",Orthodox,29,6,0,
117,Jaime,Alvarez,,"5' 8""",125 lbs.,"69.0""",Orthodox,6,1,0,
118,Joel,Alvarez,El Fenomeno,"6' 3""",170 lbs.,"77.0""",Orthodox,23,5,0,
119,Thiago,Alves,Pitbull,"5' 9""",170 lbs.,"70.0""",Orthodox,23,15,0,
120,Anthony,Alves,,--,--,--,,1,4,0,
121,Amilcar,Alves,,"6' 0""",170 lbs.,--,Southpaw,15,12,0,
122,Warlley,Alves,,"5' 11""",185 lbs.,"72.0""",Orthodox,15,8,0,
123,Rafael,Alves,The Turn,"5' 8""",155 lbs.,"68.0""",Orthodox,20,12,0,
124,Sam,Alvey,Smile'N,"6' 2""",185 lbs.,"75.0""",Southpaw,33,18,1,
125,Christopher,Alvidrez,The Newborn,"6' 0""",170 lbs.,"74.0""",Orthodox,7,1,0,
126,Mahamed,Aly,,"6' 2""",205 lbs.,"77.0""",Orthodox,5,2,0,
127,Andre,Amado,Dida,"6' 0""",154 lbs.,--,Orthodox,6,4,1,
128,Adlan,Amagov,Borz,"6' 2""",170 lbs.,"76.0""",Orthodox,14,2,1,
129,Maiara,Amanajas dos Santos,,"5' 5""",115 lbs.,--,Southpaw,7,3,0,
130,Chris,Amarante,,--,185 lbs.,--,,2,0,0,
131,Melissa,Amaya,La Mamba,--,115 lbs.,--,,8,0,0,
132,Jimmy,Ambriz,The Titan,"6' 2""",315 lbs.,--,Southpaw,17,21,1,
133,JJ,Ambrose,,"5' 10""",170 lbs.,--,Orthodox,28,7,0,
134,Alen,Amedovski,,"5' 10""",185 lbs.,"74.0""",Orthodox,8,4,0,
135,Hyder,Amil,The Hurricane,"5' 9""",145 lbs.,"70.0""",Switch,11,3,0,
136,Hamid,Amiri,The Storm,--,145 lbs.,--,,9,0,0,
137,Makwan,Amirkhani,Mr. Finland,"5' 10""",145 lbs.,"72.0""",Southpaw,17,9,0,
138,Jaqueline,Amorim,,"5' 3""",115 lbs.,"68.0""",Orthodox,11,2,0,
139,Yaroslav,Amosov,,"6' 0""",170 lbs.,"75.0""",Orthodox,30,1,0,
140,Bertrand,Amoussou,,"5' 8""",190 lbs.,--,Orthodox,1,1,0,
141,Karl,Amoussou,The Psycho,"5' 11""",185 lbs.,--,Orthodox,27,7,2,
142,Eryk,Anders,Ya Boi,"6' 1""",185 lbs.,"75.0""",Southpaw,18,9,0,
143,Matt,Andersen,,"6' 2""",230 lbs.,--,Southpaw,14,8,1,
144,Andy,Anderson,The Hammer,"5' 6""",240 lbs.,--,,0,1,0,
145,Lowell,Anderson,,"5' 6""",160 lbs.,--,Orthodox,0,1,0,
146,Corey,Anderson,Overtime,"6' 3""",205 lbs.,"79.0""",Orthodox,14,5,0,
147,Derek,Anderson,Barbaric,"6' 0""",155 lbs.,--,,14,3,0,
148,Megan,Anderson,,"6' 0""",145 lbs.,"72.0""",Orthodox,11,5,0,
149,Liam,Anderson,,"6' 3""",185 lbs.,"75.0""",Orthodox,6,3,0,
150,Damien,Anderson,Demon Hands,"5' 8""",145 lbs.,"69.0""",Southpaw,5,1,0,
151,Tatsuya,Ando,Kirinji,"5' 4""",145 lbs.,"68.0""",Southpaw,14,4,1,
152,Alex,Andrade,El Toro,"5' 11""",200 lbs.,--,Orthodox,10,5,0,
153,Jessica,Andrade,Bate Estaca,"5' 1""",115 lbs.,"62.0""",Orthodox,26,15,0,
154,Viscardi,Andrade,,"5' 11""",170 lbs.,"75.0""",Orthodox,19,6,0,
155,Jermaine,Andre,,"5' 7""",200 lbs.,--,Orthodox,14,4,0,
156,Fellipe,Andrew,,--,--,--,,0,0,0,
157,Dylan,Andrews,The Villain,"6' 1""",185 lbs.,"74.0""",Switch,18,7,0,
158,Pavel,Andrusca,,"5' 7""",145 lbs.,"66.0""",Orthodox,9,0,0,
159,Reese,Andy,Riptide,"6' 0""",205 lbs.,--,Orthodox,7,3,0,
160,,Angga,The Hitman,"5' 7""",145 lbs.,"68.0""",Orthodox,13,3,0,
161,Julius,Anglickas,,"6' 3""",205 lbs.,--,Orthodox,5,1,0,
162,Collin,Anglin,,"5' 9""",145 lbs.,"71.0""",Orthodox,8,3,0,
163,Chad,Anheliger,The Monster,"5' 6""",135 lbs.,"64.0""",Orthodox,13,8,0,
164,Yoji,Anjo,Mr. 200%,"5' 11""",205 lbs.,--,Orthodox,0,5,1,
165,Magomed,Ankalaev,,"6' 3""",205 lbs.,"75.0""",Orthodox,22,2,1,
166,Gadzhimurad,Antigulov,,"5' 11""",205 lbs.,"70.0""",Orthodox,20,8,0,
167,Adam,Antolin,Captain Chaos,"5' 5""",125 lbs.,"63.0""",Orthodox,12,3,0,
168,Angelo,Antonio,,--,205 lbs.,--,Orthodox,1,4,0,
169,Vanilto,Antunes,,"6' 0""",170 lbs.,"72.0""",Orthodox,16,7,0,
170,Azunna,Anyanwu,Zulu,"6' 1""",251 lbs.,--,Orthodox,14,5,0,
171,Shinsho,Anzai,Animal,"5' 7""",170 lbs.,"70.0""",Orthodox,10,3,0,
172,Jin,Aoi,,"5' 7""",145 lbs.,"67.0""",Orthodox,16,7,1,
173,Shinya,Aoki,Tobikan Judan,"5' 11""",154 lbs.,--,Southpaw,39,7,0,
174,,Aoriqileng,The Mongolian Murderer,"5' 7""",135 lbs.,"69.0""",Orthodox,26,14,0,
175,Alex,Apodaca,,"5' 7""",135 lbs.,"71.0""",Switch,4,1,0,
176,Josh,Appelt,,"5' 10""",255 lbs.,--,Southpaw,15,7,0,
177,Erik,Apple,,"6' 0""",170 lbs.,--,Orthodox,10,3,0,
178,Kenji,Arai,,"5' 10""",145 lbs.,--,Southpaw,15,15,5,
179,Romie,Aram,,"5' 10""",170 lbs.,--,Orthodox,7,1,0,
180,Felipe,Arantes,Sertanejo,"5' 8""",135 lbs.,"73.0""",Orthodox,18,10,1,
181,Igor,Araujo,,"6' 1""",170 lbs.,"77.0""",Orthodox,25,9,0,
182,Viviane,Araujo,Vivi,"5' 4""",125 lbs.,"68.0""",Orthodox,13,7,0,
183,Julio,Arce,,"5' 7""",145 lbs.,"70.0""",Southpaw,19,6,0,
184,Art,Arciniega,King Arthur,"5' 8""",145 lbs.,--,,15,7,0,
185,Alice,Ardelean,,"5' 3""",115 lbs.,"62.0""",Orthodox,12,7,0,
186,Tristan,Arenal,,--,155 lbs.,--,,7,4,0,
187,Gabriel,Arges,,--,170 lbs.,--,,0,0,0,
188,Dan,Argueta,The Determined,"5' 7""",135 lbs.,"68.0""",Southpaw,9,3,0,
189,Nell,Ariano,,--,205 lbs.,--,,6,0,0,
190,Reza,Arianto,The Crazy Lion,--,155 lbs.,--,,5,0,0,
191,Ryoga,Arimoto,,"5' 3""",125 lbs.,"63.0""",Orthodox,10,2,2,
192,Hashem,Arkhagha,,"6' 2""",185 lbs.,"75.0""",Orthodox,6,1,0,
193,Andrei,Arlovski,The Pitbull,"6' 3""",240 lbs.,"77.0""",Orthodox,34,24,0,
194,Lucas,Armand,Do or Die,--,264 lbs.,--,,6,0,0,
195,Garrett,Armfield,,"5' 6""",135 lbs.,"70.0""",Orthodox,10,5,0,
196,Joey,Armstrong,,--,--,--,,5,2,0,
197,Austin,Arnett,,"6' 0""",145 lbs.,"72.0""",Orthodox,16,6,0,
198,Ricardo,Arona,The Brazilian Tiger,"5' 11""",205 lbs.,--,Orthodox,14,5,0,
199,Eli,Aronov,The Israeli Tank,"5' 10""",185 lbs.,"72.0""",Orthodox,6,1,0,
200,Chalid,Arrab,Die Faust,"5' 11""",205 lbs.,--,Orthodox,7,3,0,
201,Akbarh,Arreola,El Caballero,"5' 10""",155 lbs.,"71.0""",Southpaw,23,11,1,
202,Matt,Arroyo,No Regard,"5' 10""",170 lbs.,"72.0""",Orthodox,3,3,0,
203,Antonio,Arroyo,,"6' 3""",185 lbs.,"73.0""",Orthodox,9,5,0,
204,Gilles,Arsene,,"5' 9""",190 lbs.,--,Southpaw,1,1,0,
205,Veta,Arteaga,,"5' 7""",125 lbs.,--,,3,1,0,
206,Cesar,Arzamendia,Goku,"5' 11""",155 lbs.,--,Orthodox,8,3,0,
207,Kai,Asakura,,"5' 8""",135 lbs.,"69.0""",Orthodox,23,6,0,
208,Teddy,Ash,Bear,"6' 1""",185 lbs.,"73.0""",Switch,14,5,0,
209,Arman,Ashimov,Mustafa Ozturik,"5' 6""",125 lbs.,--,,11,3,1,
210,Yanal,Ashmouz,Red Fox,"5' 9""",155 lbs.,"69.0""",Orthodox,8,2,0,
211,,Asjabharan,,"5' 6""",135 lbs.,--,,7,6,0,
212,Askar,Askar,AK-47,"5' 7""",145 lbs.,"69.0""",Orthodox,11,1,0,
213,Askar,Askarov,Bullet,"5' 6""",125 lbs.,"67.0""",Orthodox,14,1,1,
214,Cyril,Asker,Silverback,"6' 0""",247 lbs.,"74.0""",Orthodox,9,4,0,
215,Khusein,Askhabov,Nohcho,"5' 8""",145 lbs.,"69.0""",Orthodox,23,1,0,
216,Scott,Askham,,"6' 3""",185 lbs.,"75.0""",Southpaw,14,4,0,
217,Ben,Askren,Funky,"5' 11""",170 lbs.,"73.0""",Orthodox,19,2,0,
218,Ibo,Aslan,The Last Ottoman,"6' 3""",205 lbs.,"77.0""",Orthodox,14,4,0,
219,Tom,Aspinall,,"6' 5""",255 lbs.,"78.0""",Orthodox,15,3,0,
220,Steven,Asplund,Concrete,"6' 5""",260 lbs.,"78.0""",Orthodox,8,2,0,
221,Bruno,Assis,Brunao,"6' 2""",185 lbs.,--,Orthodox,8,4,0,
222,Junior,Assuncao,,"5' 9""",145 lbs.,"72.0""",Orthodox,16,6,0,
223,Raphael,Assuncao,,"5' 5""",135 lbs.,"66.0""",Orthodox,28,10,0,
224,Michael,Aswell Jr.,The Texas Kid,"5' 8""",145 lbs.,"69.0""",Orthodox,11,5,0,
225,Bazigit,Atajev,Volk,"6' 1""",230 lbs.,--,Orthodox,17,1,0,
226,Rich,Attonito,The Raging Bull,"5' 10""",170 lbs.,"72.0""",Orthodox,10,5,0,
227,Olivier,Aubin-Mercier,The Canadian Gangster,"5' 9""",155 lbs.,"70.0""",Southpaw,11,5,0,
228,Pat,Audinwood,Awesomely Awesome,"6' 0""",155 lbs.,--,Orthodox,11,2,1,
229,Jose,Augusto,Gugu,"6' 3""",251 lbs.,--,,6,2,0,
230,Marcus,Aurelio,Maximus,"5' 10""",155 lbs.,"74.0""",Orthodox,22,10,0,
231,David,Avellan,,"5' 9""",185 lbs.,--,Orthodox,2,1,0,
232,Blas,Avena,The Disciple,"6' 0""",170 lbs.,"74.0""",Orthodox,8,7,0,
233,Levi,Avera,,"6' 1""",170 lbs.,--,,18,15,0,
234,Anthony,Avila,,"5' 7""",145 lbs.,--,,13,5,0,
235,Chris,Avila,,"5' 10""",145 lbs.,--,Orthodox,5,4,0,
236,Julia,Avila,Raging Panda,"5' 7""",135 lbs.,"68.0""",Orthodox,9,4,0,
237,Saad,Awad,Assassin,"5' 11""",155 lbs.,--,,20,9,0,
238,Javy,Ayala,Eye Candy,"6' 1""",265 lbs.,--,,10,5,0,
239,Jessin,Ayari,,"6' 0""",155 lbs.,"73.0""",Orthodox,16,6,0,
240,Abu,Azaitar,Captain Morocco,"5' 9""",185 lbs.,"76.0""",Orthodox,14,4,1,
241,Ottman,Azaitar,Bulldozer,"5' 8""",155 lbs.,"71.0""",Switch,13,3,0,
242,Luiz,Azeredo,,"5' 9""",154 lbs.,--,Orthodox,15,10,0,
243,Luciano,Azevedo,,"6' 3""",161 lbs.,--,Orthodox,17,9,1,
244,Hunter,Azure,,"5' 8""",145 lbs.,"69.0""",Orthodox,9,2,0,
245,Niklas,Backstrom,,"6' 1""",145 lbs.,--,Orthodox,11,3,0,
246,Seth,Baczynski,The Polish Pistola,"6' 3""",170 lbs.,"75.0""",Orthodox,20,14,0,
247,Abdul Azeem,Badakhshi,The Afghan Lion,--,145 lbs.,--,,13,3,0,
248,Ryan,Bader,Darth,"6' 2""",205 lbs.,"74.0""",Orthodox,23,5,0,
249,Izabela,Badurek,,"5' 5""",115 lbs.,--,Orthodox,6,3,0,
250,Miguel,Baeza,Caramel Thunder,"6' 2""",170 lbs.,"74.0""",Orthodox,10,4,0,
251,Ali,Bagautinov,Puncher,"5' 4""",125 lbs.,"65.0""",Orthodox,15,6,0,
252,Mehdi,Baghdad,The Sultan,"6' 1""",155 lbs.,--,Orthodox,11,5,0,
253,Melsik,Baghdasaryan,The Gun,"5' 9""",145 lbs.,"70.0""",Southpaw,8,4,0,
254,Siyar,Bahadurzada,The Great,"5' 11""",170 lbs.,"73.0""",Orthodox,24,8,1,
255,Ignacio,Bahamondes,La Jaula,"6' 3""",170 lbs.,"75.0""",Orthodox,18,7,0,
256,Bahatebole,Batebolati,Lion King,"5' 8""",170 lbs.,"71.0""",Southpaw,10,1,1,
257,Shamar,Bailey,,"5' 9""",155 lbs.,"75.0""",Southpaw,16,11,0,
258,Jordan,Bailey,,"5' 9""",145 lbs.,--,,6,3,0,
259,Scott,Baker,,"6' 0""",210 lbs.,--,,1,1,0,
260,Bryan,Baker,The Beast,"6' 3""",185 lbs.,--,Orthodox,18,5,0,
261,Jin,Bala,,"5' 9""",155 lbs.,--,,23,3,0,
262,,Balajin,The Snow Leopard,"5' 9""",145 lbs.,"72.0""",Orthodox,23,4,0,
263,Gary,Balletto,Batman,"5' 8""",170 lbs.,"70.0""",Switch,11,4,0,
264,Eros,Baluyot,,"5' 4""",125 lbs.,"65.0""",Orthodox,7,1,0,
265,Oluwale,Bamgbose,Holy War Angel,"5' 11""",185 lbs.,"78.0""",Switch,6,4,0,
266,Stephen,Banaszak,,"6' 0""",145 lbs.,--,,5,5,0,
267,Marcin,Bandel,Bomba,"5' 10""",155 lbs.,--,Orthodox,15,7,0,
268,Humberto,Bandenay,,"5' 11""",145 lbs.,"71.0""",Southpaw,14,7,0,
269,Tae Hyun,Bang,Supernatural,"5' 9""",155 lbs.,"71.0""",Switch,18,10,0,
270,Yohan,Banks,,--,--,--,,2,1,0,
271,Shauna,Bannon,Mama B,"5' 5""",115 lbs.,"65.0""",Switch,7,3,0,
272,Antonio,Banuelos,,"5' 5""",135 lbs.,"63.0""",Orthodox,20,11,1,
273,Iwo,Baraniewski,Rudy,"6' 0""",205 lbs.,"73.0""",Orthodox,9,0,0,
274,Renan,Barao,The Baron,"5' 6""",145 lbs.,"70.0""",Orthodox,34,9,0,
275,Junior,Barata,,"5' 10""",170 lbs.,--,Orthodox,9,3,1,
276,Maycee,Barber,The Future,"5' 5""",125 lbs.,"65.0""",Switch,15,3,0,
277,Bryan,Barberena,Bam Bam,"6' 0""",185 lbs.,"72.0""",Southpaw,18,12,0,
278,Djani,Barbir,,"6' 3""",185 lbs.,"79.0""",Orthodox,7,1,0,
279,Dione,Barbosa,The Witch,"5' 6""",125 lbs.,"66.0""",Orthodox,10,4,0,
280,Marcio,Barbosa,Ticoto,"5' 6""",145 lbs.,"70.0""",Orthodox,19,2,0,
281,Edson,Barboza,Junior,"5' 11""",155 lbs.,"75.0""",Orthodox,24,15,0,
282,Raoni,Barcelos,,"5' 7""",135 lbs.,"67.0""",Orthodox,22,5,0,
283,Daniel,Barez,,"5' 6""",125 lbs.,"66.0""",Orthodox,17,8,0,
284,Danny,Barlow,LeftHand2God,"6' 2""",185 lbs.,"79.0""",Southpaw,9,2,0,
285,Luke,Barnatt,The Bigslow,"6' 6""",185 lbs.,"77.0""",Orthodox,13,4,0,
286,James,Barnes,Mooka,"5' 8""",135 lbs.,"71.0""",Orthodox,14,5,0,
287,Nick,Barnes,,"5' 11""",170 lbs.,--,,11,2,0,
288,Shonte,Barnes,Shyne,"5' 11""",185 lbs.,"76.0""",Southpaw,6,2,1,
289,Josh,Barnett,The Warmaster,"6' 3""",250 lbs.,"78.0""",Orthodox,35,8,0,
290,Chris,Barnett,Beastboy,"5' 9""",261 lbs.,"75.0""",Orthodox,23,10,0,
291,Chris,Barnhizer,,--,--,--,,2,3,0,
292,David,Baron,,"5' 6""",155 lbs.,--,Switch,17,4,1,
293,Phil,Baroni,The New York Bad Ass,"5' 9""",170 lbs.,"72.0""",Orthodox,15,18,0,
294,Dan,Barrera,The Fireman,"5' 9""",170 lbs.,--,Orthodox,3,1,0,
295,Carlos,Barreto,,"6' 4""",230 lbs.,--,Orthodox,14,9,0,
296,Jose,Barreto,,--,185 lbs.,--,Southpaw,0,1,0,
297,Peter,Barrett,Slippery,"5' 10""",145 lbs.,"73.0""",Southpaw,11,5,0,
298,Marc-Andre,Barriault,Powerbar,"6' 1""",185 lbs.,"74.0""",Orthodox,17,11,0,
299,David,Barrios,,"5' 6""",145 lbs.,--,,4,8,0,
300,Alexandre,Barros,Baixinho,"5' 9""",170 lbs.,--,Southpaw,22,11,0,
301,Ricardo,Barros,,"6' 1""",205 lbs.,--,,2,2,0,
302,Francimar,Barroso,Bodao,"6' 1""",205 lbs.,"75.0""",Orthodox,19,7,0,
303,Pat,Barry,HD,"5' 11""",235 lbs.,"74.0""",Orthodox,8,7,0,
304,Dean,Barry,The Sniper,"5' 10""",170 lbs.,"72.0""",Orthodox,4,2,0,
305,Enrique,Barzola,El Fuerte,"5' 7""",145 lbs.,"70.0""",Orthodox,17,5,2,
306,Javid,Basharat,The Snow Leopard,"5' 9""",135 lbs.,"69.0""",Orthodox,15,2,0,
307,Farid,Basharat,Ferocious,"5' 8""",135 lbs.,"71.0""",Orthodox,16,0,0,
308,Austin,Bashi,,"5' 6""",145 lbs.,"70.0""",Orthodox,14,2,0,
309,Stephen,Bass,Bigfish,"5' 9""",145 lbs.,--,Orthodox,11,2,0,
310,Sean,Bassett,,--,155 lbs.,--,,0,4,0,
311,Ryan,Bastianelli,Relentless,"5' 5""",135 lbs.,--,,6,7,0,
312,Shayna,Baszler,The Queen of Spades,"5' 7""",135 lbs.,--,Orthodox,15,11,0,
313,Namsrai,Batbayar,Steppe Warrior,"5' 4""",125 lbs.,"68.0""",Orthodox,10,2,0,
314,Michel,Batista,,"6' 3""",260 lbs.,--,Orthodox,4,1,0,
315,Bryan,Battle,The Butcher,"6' 1""",185 lbs.,"77.0""",Orthodox,13,2,0,
316,Alan,Baudot,The Black Samourai,"6' 3""",243 lbs.,"79.0""",Orthodox,8,3,0,
317,Mario,Bautista,,"5' 9""",135 lbs.,"69.0""",Switch,18,3,0,
318,Chris,Beal,Real Deal,"5' 7""",125 lbs.,"69.0""",Orthodox,10,5,0,
319,Donovan,Beard,The Highlight Reel,"6' 2""",185 lbs.,"78.0""",Orthodox,7,2,0,
320,Rudy,Bears,,"5' 11""",170 lbs.,--,Southpaw,16,15,0,
321,Salvador,Becerra,,"5' 9""",155 lbs.,--,,5,2,0,
322,Ariel,Beck,,"5' 6""",125 lbs.,"66.0""",Southpaw,4,5,0,
323,Jack,Becker,,"5' 10""",155 lbs.,"71.0""",Orthodox,13,6,0,
324,Jeff,Bedard,Little Popeye,"5' 6""",145 lbs.,--,Orthodox,13,3,0,
325,Eric,Bedard,Lucky Strikes,"6' 2""",239 lbs.,--,,6,7,0,
326,Johnny,Bedford,Brutal,"5' 10""",135 lbs.,"71.0""",Orthodox,21,13,1,
327,Rolando,Bedoya,The Machine,"5' 11""",155 lbs.,"74.0""",Orthodox,14,5,0,
328,Chase,Beebe,,"5' 7""",135 lbs.,"67.0""",Orthodox,24,13,1,
329,Lyle,Beerbohm,Fancy Pants,"5' 10""",155 lbs.,--,Southpaw,24,3,0,
330,Allan,Begosso,Mini,"5' 5""",135 lbs.,"66.0""",Orthodox,7,2,1,
331,Azamat,Bekoev,Iron,"6' 0""",185 lbs.,"72.0""",Orthodox,20,5,0,
332,Mirsad,Bektic,,"5' 8""",145 lbs.,"70.0""",Orthodox,13,4,0,
333,Diana,Belbita,The Warrior Princess,"5' 7""",125 lbs.,"68.0""",Orthodox,15,10,0,
334,Alan,Belcher,The Talent,"6' 2""",185 lbs.,"75.0""",Orthodox,18,8,0,
335,Vitor,Belfort,The Phenom,"6' 0""",185 lbs.,"74.0""",Southpaw,26,14,0,
336,Yousri,Belgaroui,,"6' 6""",185 lbs.,"79.0""",Orthodox,11,3,0,
337,Rodolfo,Bellato,Trator,"6' 3""",205 lbs.,"75.0""",Orthodox,13,3,1,
338,Danilo,Belluardo,Caterpillar,"6' 0""",155 lbs.,"74.0""",Southpaw,12,5,0,
339,Joey,Beltran,The Mexicutioner,"6' 1""",185 lbs.,"75.0""",Orthodox,17,14,0,
340,Marco,Beltran,Psycho,"5' 8""",125 lbs.,"69.0""",Orthodox,8,6,0,
341,Joseph,Benavidez,,"5' 4""",125 lbs.,"65.0""",Southpaw,28,8,0,
342,Mike,Bencic,Batman,"6' 0""",215 lbs.,--,Orthodox,1,2,0,
343,Dave,Beneteau,Dangerous,"6' 2""",250 lbs.,--,Orthodox,6,5,1,
344,Karla,Benitez,,"5' 3""",113 lbs.,--,,14,11,1,
345,Gabriel,Benitez,Moggly,"5' 8""",155 lbs.,"71.0""",Southpaw,23,13,0,
346,Charles,Bennett,Krazy Horse,"5' 8""",155 lbs.,--,Orthodox,30,33,2,
347,Josh,Bennett,,"6' 4""",259 lbs.,--,Orthodox,11,14,0,
348,DeAnna,Bennett,The Argentine Assassin,"5' 4""",125 lbs.,"68.0""",Orthodox,8,3,1,
349,Benjamin,Bennett,Mr. Alaska,"6' 0""",170 lbs.,"73.0""",Switch,7,1,0,
350,Lance,Benoist,,"5' 11""",170 lbs.,"72.0""",Southpaw,7,2,0,
351,Joe,Benoit,,"5' 9""",170 lbs.,--,Orthodox,11,4,0,
352,Ryan,Benoit,Baby Face,"5' 5""",125 lbs.,"68.0""",Orthodox,10,8,0,
353,Delphine,Benouaich,,"5' 3""",115 lbs.,"63.0""",Orthodox,8,2,0,
354,Pat,Benson,,"5' 9""",155 lbs.,--,,3,5,3,
355,Len,Bentley,,"5' 9""",155 lbs.,--,,10,6,0,
356,Steve,Berger,The Red Nosed Pitbull,"5' 11""",170 lbs.,--,Orthodox,21,23,2,
357,Theodor,Berggren,Simba,"5' 11""",170 lbs.,"75.0""",Switch,8,4,0,
358,Kenneth,Bergh,,"6' 2""",205 lbs.,"74.0""",Orthodox,8,0,0,
359,Bret,Bergmark,The Angry Hick,"5' 9""",170 lbs.,--,,6,1,1,
360,Keith,Berish,Sha Bang Bang,"6' 0""",205 lbs.,--,Orthodox,5,1,0,
361,Arlind,Berisha,,"6' 6""",205 lbs.,"77.0""",Orthodox,5,1,0,
362,Dennis,Bermudez,The Menace,"5' 6""",155 lbs.,"66.0""",Orthodox,17,9,0,
363,Manny,Bermudez,The Bermudez Triangle,"5' 10""",145 lbs.,"71.0""",Orthodox,14,2,0,
364,Talita,Bernardo,,"5' 4""",135 lbs.,"68.0""",Orthodox,6,4,0,
365,Dave,Berry,,--,--,--,,0,1,0,
366,Keith,Berry,,"6' 1""",185 lbs.,--,,15,14,1,
367,Dieusel,Berto,,"5' 9""",200 lbs.,--,,0,3,0,
368,Edson,Berto,Little Tiger,"5' 6""",155 lbs.,--,Orthodox,17,12,1,
369,Aieza,Bertolso,,--,115 lbs.,--,,7,0,0,
370,Allen,Berube,Monstah Lobstah,"5' 8""",155 lbs.,--,Orthodox,4,3,0,
371,Anton,Berzin,The Body Snatcher,"6' 2""",205 lbs.,--,Orthodox,5,1,0,
372,Scott,Bessac,,"6' 4""",245 lbs.,--,,4,6,0,
373,Matt,Bessette,The Mangler,"5' 10""",145 lbs.,"70.0""",Orthodox,22,9,0,
374,Khadzhi,Bestaev,Best,"6' 6""",185 lbs.,"76.0""",,10,4,0,
375,Fernando,Bettega,,--,170 lbs.,--,,7,5,0,
376,Arjan,Bhullar,,"6' 1""",245 lbs.,"75.0""",Orthodox,9,1,0,
377,KB,Bhullar,The Bengal,"6' 4""",185 lbs.,"78.0""",Switch,8,2,0,
378,Magomed,Bibulatov,Chaborz,"5' 5""",125 lbs.,"65.0""",Orthodox,14,2,0,
379,David,Bielkheden,,"5' 10""",155 lbs.,"71.0""",Orthodox,24,12,0,
380,Alivia,Bierley,,--,135 lbs.,--,,4,1,0,
381,Blake,Bilder,El Animal,"5' 8""",145 lbs.,"68.0""",Switch,8,2,1,
382,Jonas,Bilharinho,,"5' 11""",145 lbs.,"75.0""",Switch,9,1,1,
383,Jeremiah,Billington,,"5' 9""",205 lbs.,--,Orthodox,11,2,0,
384,Scott,Bills,,"5' 10""",170 lbs.,--,,7,9,1,
385,Anthony,Birchak,El Toro,"5' 8""",135 lbs.,"69.0""",Orthodox,16,8,0,
386,Chris,Birchler,The Big Buck,"6' 3""",205 lbs.,--,Switch,7,4,0,
387,Angad,Bisht,,"5' 7""",125 lbs.,"67.0""",Orthodox,10,3,0,
388,Michael,Bisping,The Count,"6' 1""",185 lbs.,"75.0""",Orthodox,30,9,0,
389,Amaury,Bitetti,,"5' 9""",185 lbs.,--,Orthodox,5,2,0,
390,Caio,Bittencourt,Leao,"6' 0""",185 lbs.,"75.0""",Orthodox,14,7,0,
391,Davi,Bittencourt,The Black,"5' 5""",135 lbs.,"65.0""",Orthodox,14,4,0,
392,Simon,Biyong,,--,205 lbs.,--,,7,1,0,
393,Jan,Blachowicz,,"6' 2""",205 lbs.,"78.0""",Orthodox,29,12,2,
394,Jason,Black,The Black Legion,"5' 8""",155 lbs.,--,Orthodox,23,4,1,
395,Brad,Blackburn,Bad Brad,"5' 10""",170 lbs.,"73.0""",Orthodox,18,13,1,
396,Jason,Blackford,,--,--,--,,3,3,0,
397,Tom,Blackledge,,--,205 lbs.,--,Orthodox,10,7,0,
398,Sherrard,Blackledge,The Thriller,"5' 11""",155 lbs.,"75.0""",Orthodox,5,1,0,
399,Da'Mon,Blackshear,The Monster,"5' 10""",135 lbs.,"72.0""",Switch,17,8,1,
400,Chasen,Blair,Mestizo,"5' 10""",155 lbs.,"71.0""",Orthodox,7,4,0,
401,Erin,Blanchfield,Cold Blooded,"5' 4""",125 lbs.,"66.0""",Orthodox,14,2,0,
402,Maximo,Blanco,Maxi,"5' 8""",145 lbs.,"71.0""",Orthodox,12,8,1,
403,David,Blanco,,"5' 7""",145 lbs.,--,,2,0,0,
404,Curtis,Blaydes,Razor,"6' 4""",265 lbs.,"80.0""",Orthodox,20,6,0,
405,Tereza,Bleda,,"5' 9""",125 lbs.,"71.0""",Orthodox,7,2,0,
406,Arlene,Blencowe,Angerfist,"5' 5""",145 lbs.,--,,9,6,0,
407,Byron,Bloodworth,,"5' 8""",135 lbs.,--,Orthodox,6,3,0,
408,Dashawn,Boatwright,"Buck, the 400-pound Silverback","6' 0""",205 lbs.,--,Orthodox,3,1,0,
409,Dan,Bobish,,"6' 2""",345 lbs.,--,Southpaw,17,9,0,
410,Mark,Bocek,,"5' 8""",155 lbs.,"75.0""",Orthodox,12,5,0,
411,Kyle,Bochniak,Killer B,"5' 7""",145 lbs.,"70.0""",Orthodox,8,5,0,
412,James,Bochnovic,,"6' 4""",205 lbs.,"81.0""",Orthodox,8,3,0,
413,Jeremy,Boczulak,,--,--,--,,0,2,0,
414,Tim,Boetsch,The Barbarian,"6' 0""",185 lbs.,"74.0""",Orthodox,21,13,0,
415,Galore,Bofando,,"5' 11""",170 lbs.,"72.0""",Switch,5,3,0,
416,Jay,Bogan,,--,145 lbs.,--,,6,6,0,
417,Roman,Bogatov,,"5' 8""",155 lbs.,"73.0""",Orthodox,10,1,0,
418,Derek,Bohi,Marshmallow,"6' 4""",260 lbs.,--,,8,5,0,
419,Jerry,Bohlander,,"5' 11""",199 lbs.,--,Orthodox,11,4,0,
420,Mandy,Bohm,Monster,"5' 7""",125 lbs.,"71.0""",Orthodox,8,2,0,
421,Kotetsu,Boku,,"5' 9""",154 lbs.,--,Orthodox,25,11,2,
422,Gaston,Bolanos,The Dreamkiller,"5' 7""",145 lbs.,"69.0""",Orthodox,9,5,0,
423,Otgonbaatar,Boldbaatar,Conqueror,"5' 5""",125 lbs.,"67.0""",Orthodox,6,1,0,
424,Kyle,Bolt,,"6' 2""",185 lbs.,--,,8,4,0,
425,Denys,Bondar,Psycho,"5' 6""",125 lbs.,"69.0""",Orthodox,14,5,0,
426,Luc,Bondole,,"6' 2""",205 lbs.,--,,5,2,2,
427,Tony,Bonello,The Gun,"6' 2""",185 lbs.,--,,16,3,1,
428,Gabriel,Bonfim,Marretinha,"6' 1""",170 lbs.,"72.0""",Orthodox,20,1,0,
429,Ismael,Bonfim,Marreta,"5' 8""",155 lbs.,"71.0""",Orthodox,20,7,0,
430,Jesse,Bongfeldt,Water,"6' 0""",185 lbs.,--,Orthodox,16,5,1,
431,Marcos,Bonilla,Murder Marx,"5' 10""",145 lbs.,--,,4,4,0,
432,Stephan,Bonnar,The American Psycho,"6' 4""",205 lbs.,"79.0""",Orthodox,15,9,0,
433,Rogerio,Bontorin,,"5' 5""",125 lbs.,"67.0""",Orthodox,16,4,0,
434,Luca,Borando,,--,155 lbs.,--,,9,1,0,
435,Ray,Borg,The Tazmexican Devil,"5' 4""",135 lbs.,"63.0""",Orthodox,13,5,0,
436,Igor,Borisov,,"6' 0""",235 lbs.,--,Orthodox,1,1,0,
437,Kevin,Borjas,El Gallo Negro,"5' 5""",125 lbs.,"68.0""",Orthodox,11,6,0,
438,Calen,Born,,"5' 8""",170 lbs.,"72.0""",Switch,7,1,0,
439,Caio,Borralho,The Natural,"6' 1""",185 lbs.,"75.0""",Southpaw,18,2,0,
440,Zachary,Borrego,The Dragon,"6' 2""",185 lbs.,"78.0""",Switch,3,1,0,
441,Viacheslav,Borshchev,Slava Claus,"5' 11""",155 lbs.,"69.0""",Orthodox,8,7,1,
442,Tanner,Boser,The Bulldozer,"6' 2""",245 lbs.,"75.0""",Orthodox,22,11,1,
443,Steve,Bosse,The Boss,"5' 11""",205 lbs.,"72.0""",Orthodox,12,2,0,
444,Marcus,Bossett,The Grasshopper,"6' 1""",215 lbs.,--,Orthodox,1,3,0,
445,Chris,Bostick,,--,--,--,,6,3,0,
446,Poliana,Botelho,,"5' 8""",125 lbs.,"67.0""",Orthodox,8,5,0,
447,Francois,Botha,White Buffalo,"6' 2""",260 lbs.,--,Orthodox,0,1,0,
448,Ilian,Bouafia,The Gorilla,"6' 5""",185 lbs.,"78.0""",Southpaw,7,0,0,
449,Gregory,Bouchelaghem,,"6' 2""",183 lbs.,--,Switch,5,4,0,
450,Roy,Boughton,Black Dynamite,"6' 0""",205 lbs.,--,,14,8,0,
451,Rich,Bouphanouvong,,"5' 7""",170 lbs.,--,,1,4,0,
452,Mike,Bourke,The Rhino,"6' 0""",275 lbs.,--,Orthodox,10,16,1,
453,Jess,Bouscal,,--,155 lbs.,--,,3,2,0,
454,Tai,Bowden,,"5' 11""",230 lbs.,--,,1,1,0,
455,Melton,Bowen,The Punisher,"6' 0""",225 lbs.,--,Orthodox,0,1,0,
456,Kyron,Bowen,Bullseye,"6' 3""",185 lbs.,"73.0""",Orthodox,9,5,0,
457,Brian,Bowles,,"5' 7""",135 lbs.,"70.0""",Orthodox,10,3,0,
458,Roger,Bowling,Relentless,"5' 9""",155 lbs.,"68.0""",Orthodox,12,6,0,
459,Blake,Bowman,,"6' 2""",170 lbs.,--,,2,6,0,
460,Ashe,Bowman,The Archer,"5' 9""",155 lbs.,--,,9,11,0,
461,Anvar,Boynazarov,The Uzbek,"5' 9""",145 lbs.,--,Orthodox,3,1,0,
462,Colley,Bradford,,"5' 7""",145 lbs.,--,,0,1,0,
463,Kyle,Bradley,,"5' 9""",155 lbs.,"71.0""",Orthodox,19,12,0,
464,Paul,Bradley,The Gentleman,"5' 9""",170 lbs.,--,Orthodox,23,8,0,
465,Sean,Brady,,"5' 10""",170 lbs.,"72.0""",Orthodox,19,2,0,
466,Ebenezer Fontes,Braga,Pitbull,"6' 0""",199 lbs.,--,Orthodox,13,7,2,
467,Ramiz,Brahimaj,,"5' 10""",170 lbs.,"72.0""",Orthodox,13,7,0,
468,Adam,Bramhald,Samurai,"5' 10""",135 lbs.,"70.0""",Orthodox,13,3,0,
469,Joe,Brammer,The South Side Strangler,"5' 8""",155 lbs.,--,Orthodox,7,3,1,
470,David,Branch,,"6' 1""",185 lbs.,"78.0""",Orthodox,22,6,0,
471,Billy,Brand,,"5' 6""",135 lbs.,"65.0""",Orthodox,5,2,0,
472,Diego,Brandao,DB,"5' 7""",145 lbs.,"64.0""",Orthodox,22,11,0,
473,Bruna,Brasil,,"5' 6""",115 lbs.,"65.0""",Orthodox,11,7,1,
474,Michael,Bravo,,--,155 lbs.,--,,7,4,0,
475,Martin,Bravo,El Toro,"5' 8""",145 lbs.,"71.0""",Southpaw,11,3,0,
476,Roman,Bravo-Young,,--,205 lbs.,--,,0,1,0,
477,Mike,Breeden,Money,"5' 10""",155 lbs.,"70.0""",Orthodox,11,6,0,
478,Tom,Breese,,"6' 3""",185 lbs.,"73.0""",Southpaw,12,3,0,
479,Elves,Brener,,"5' 10""",155 lbs.,"72.0""",Orthodox,16,6,0,
480,Chris,Brennan,The Westside Strangler,"5' 8""",170 lbs.,--,Orthodox,21,13,1,
481,Lucas,Brennan,Skywalker,"5' 10""",155 lbs.,"72.0""",Southpaw,11,3,0,
482,Charlie,Brenneman,The Spaniard,"5' 10""",155 lbs.,"70.0""",Orthodox,19,8,0,
483,Robert,Breslin,The Bullet,"5' 11""",155 lbs.,--,,3,9,0,
484,Mack,Brewer,,--,205 lbs.,--,,0,1,0,
485,Marcos,Brigagao,Ironside,"6' 3""",205 lbs.,"76.0""",Southpaw,11,1,0,
486,Jason,Brilz,Hitman,"5' 11""",205 lbs.,"71.0""",Orthodox,22,6,1,
487,Marcus,Brimage,The Bama Beast,"5' 4""",135 lbs.,"71.0""",Southpaw,7,7,0,
488,Aaron,Brink,,"6' 3""",205 lbs.,--,Orthodox,26,26,0,
489,Henry,Briones,Bure,"5' 8""",135 lbs.,"69.0""",Orthodox,16,8,1,
490,Marcelo,Brito,Jungle Boy,"6' 1""",170 lbs.,--,Orthodox,13,8,0,
491,Joanderson,Brito,Tubarao,"5' 8""",145 lbs.,"72.0""",Orthodox,19,5,1,
492,Kaik,Brito,,"6' 0""",170 lbs.,"74.0""",Orthodox,20,6,0,
493,Icaro,Brito,,--,145 lbs.,--,,7,1,0,
494,Antwain,Britt,The Juggernaut,"6' 1""",205 lbs.,"77.0""",,11,6,0,
495,Drew,Brokenshire,,--,--,--,,16,6,0,
496,Mike,Bronzoulis,The Greek,"6' 0""",155 lbs.,--,,18,9,1,
497,Jonathan,Brookins,,"6' 0""",145 lbs.,"74.0""",Southpaw,16,10,0,
498,Will,Brooks,Ill,"5' 10""",155 lbs.,"72.0""",Orthodox,18,4,0,
499,Jarred,Brooks,The Monkey God,"5' 3""",125 lbs.,"62.0""",Switch,13,2,0,
500,Rob,Broughton,The Bear,"6' 2""",265 lbs.,"74.0""",Orthodox,16,7,1,
501,Lee,Brousseau,Manimal,"6' 1""",205 lbs.,--,,5,3,0,
502,Matt,Brown,The Immortal,"6' 0""",170 lbs.,"75.0""",Orthodox,26,19,0,
503,Mike,Brown,,"5' 6""",145 lbs.,"70.0""",Orthodox,26,9,0,
504,Dominic,Brown,,"5' 11""",190 lbs.,--,,16,23,0,
505,Todd,Brown,Bulldog,"5' 11""",205 lbs.,--,Orthodox,16,4,0,
506,Terrell,Brown,,--,185 lbs.,--,,3,1,0,
507,Chris,Brown,,--,170 lbs.,--,,10,1,0,
508,Frederick,Brown,,"6' 0""",235 lbs.,--,,3,2,0,
509,Randy,Brown,Rudeboy,"6' 3""",170 lbs.,"78.0""",Orthodox,20,8,0,
510,Damien,Brown,Beatdown,"5' 10""",155 lbs.,"68.0""",Orthodox,17,12,0,
511,TJ,Brown,Downtown,"5' 9""",145 lbs.,"72.0""",Switch,17,11,0,
512,Humberto,Brown Morrison,,"5' 10""",145 lbs.,--,,4,6,0,
513,Travis,Browne,Hapa,"6' 6""",255 lbs.,"79.0""",Orthodox,18,7,1,
514,Junie,Browning,,"5' 9""",155 lbs.,--,Orthodox,5,6,0,
515,Jules,Bruchez,,"6' 0""",205 lbs.,--,Southpaw,1,2,0,
516,Justin,Bruckmann,Loaf,"5' 9""",170 lbs.,--,Orthodox,7,3,0,
517,Cody,Brundage,,"6' 0""",185 lbs.,"72.0""",Orthodox,12,9,1,
518,Steve,Bruno,Hollywood,"5' 10""",170 lbs.,--,Orthodox,15,6,0,
519,Fernando,Bruno,Acougueiro,"5' 6""",145 lbs.,--,,15,4,0,
520,Derek,Brunson,The One,"6' 1""",185 lbs.,"77.0""",Southpaw,23,9,0,
521,Josh,Bryant,The Beast,"5' 10""",185 lbs.,--,Orthodox,15,4,0,
522,Dennis,Bryant,The Beard,"6' 0""",205 lbs.,--,Orthodox,5,2,0,
523,Robert,Bryczek,,"6' 0""",185 lbs.,"75.0""",Orthodox,18,7,0,
524,Lukasz,Brzeski,The Bull,"6' 3""",236 lbs.,"78.0""",Orthodox,9,7,1,
525,Marcus,Buchecha,,"6' 2""",255 lbs.,"77.0""",Orthodox,5,3,1,
526,Justin,Buchholz,,"6' 0""",155 lbs.,"73.0""",Orthodox,15,10,0,
527,Zak,Bucia,,"5' 10""",170 lbs.,--,,17,8,0,
528,Courtney,Buck,,"5' 10""",135 lbs.,--,Orthodox,12,11,0,
529,Joaquin,Buckley,New Mansa,"5' 10""",170 lbs.,"76.0""",Southpaw,21,8,0,
530,Martin,Buday,Badys,"6' 4""",265 lbs.,"77.0""",Orthodox,16,2,0,
531,Julia,Budd,,"5' 7""",145 lbs.,"67.0""",,10,2,0,
532,Dylan,Budka,The Mindless Hulk,"6' 0""",185 lbs.,"75.0""",Switch,7,5,0,
533,Mike,Budnik,,"5' 9""",145 lbs.,"68.0""",Orthodox,13,4,0,
534,Francisco,Bueno,,"5' 9""",225 lbs.,--,Orthodox,5,2,0,
535,Mayra,Bueno Silva,Sheetara,"5' 6""",135 lbs.,"66.0""",Orthodox,10,7,1,
536,Paul,Buentello,The Headhunter,"6' 2""",245 lbs.,"77.0""",Orthodox,35,17,0,
537,Marek,Bujlo,Bujdzilla,"6' 4""",265 lbs.,"77.0""",Orthodox,6,1,0,
538,Modestas,Bukauskas,The Baltic Gladiator,"6' 3""",205 lbs.,"76.0""",Switch,21,7,0,
539,Ilias,Bulaid,The Blade,--,145 lbs.,--,,9,0,0,
540,Lee Kwan,Bum,,"6' 2""",286 lbs.,--,Orthodox,0,1,0,
541,Josh,Bumgarner,,"6' 1""",170 lbs.,--,,6,4,0,
542,Shawn,Bunch,Bunch the Great,"5' 5""",135 lbs.,--,,7,3,0,
543,Felipe,Bunes,Felipinho,"5' 7""",125 lbs.,"69.0""",Orthodox,14,9,0,
544,Shane,Burgos,Hurricane,"5' 11""",145 lbs.,"75.0""",Orthodox,15,3,0,
545,Joshua,Burkman,The People's Warrior,"5' 10""",170 lbs.,"72.0""",Orthodox,28,16,0,
546,Justin,Burlinson,,"6' 1""",170 lbs.,"74.0""",Switch,6,1,0,
547,Mads,Burnell,,"5' 8""",145 lbs.,"69.0""",Orthodox,9,3,0,
548,Mikey,Burnett,The Eastside Assassin,"5' 6""",170 lbs.,--,Orthodox,5,2,0,
549,Kevin,Burns,The Fire,"5' 10""",170 lbs.,"74.0""",Orthodox,12,7,0,
550,Gilbert,Burns,Durinho,"5' 10""",170 lbs.,"71.0""",Orthodox,22,10,0,
551,Josh,Burns,The Hammer,"6' 1""",244 lbs.,--,,8,10,0,
552,Herbert,Burns,The Blaze,"5' 9""",145 lbs.,"73.0""",Orthodox,11,6,0,
553,Derrick,Burnsed,,--,155 lbs.,--,,1,0,3,
554,Nah-Shon,Burrell,The Rock n Rolla,"5' 11""",170 lbs.,--,Orthodox,15,7,0,
555,Martin,Buschkamp,,"5' 9""",145 lbs.,--,Orthodox,9,0,0,
556,George,Bush,,"6' 1""",205 lbs.,--,,5,2,0,
557,Bubba,Bush,The Fightin' Texas Aggie,"6' 0""",185 lbs.,--,Orthodox,8,3,0,
558,Dakota,Bush,,"5' 10""",155 lbs.,"73.0""",Orthodox,8,4,0,
559,Murilo,Bustamante,,"6' 2""",183 lbs.,--,Orthodox,15,8,1,
560,Nick,Bustamante,,"5' 9""",170 lbs.,--,,5,3,0,
561,Eduardo,Bustillos,,"5' 8""",135 lbs.,--,,5,3,0,
562,Jason,Butcher,,"6' 3""",185 lbs.,--,,10,2,0,
563,Todd,Butler,,"6' 1""",200 lbs.,--,Southpaw,1,4,0,
564,Goldman,Butler,,--,--,--,,1,4,0,
565,Ian,Butler,,"5' 8""",155 lbs.,--,,3,3,0,
566,Raphael,Butler,The Silencer,"6' 3""",261 lbs.,--,,9,2,1,
567,Jesse,Butler,,"5' 10""",135 lbs.,"73.0""",Orthodox,12,6,0,
568,JP,Buys,Young Savage,"5' 5""",135 lbs.,"67.0""",Orthodox,9,6,0,
569,Dennis,Buzukja,The Great,"5' 9""",145 lbs.,"70.0""",Switch,12,7,0,
570,Charles,Byrd,Kid Dynamite,"5' 10""",185 lbs.,"73.0""",Orthodox,10,7,0,
571,Steve,Byrnes,The Sergeant,"6' 0""",170 lbs.,--,Orthodox,6,1,0,
572,Michael,Byrnes,,"5' 11""",155 lbs.,--,,5,3,0,
573,Yan,Cabral,,"5' 11""",155 lbs.,"73.0""",Orthodox,13,3,0,
574,Davi,Cabral de Souza,Young Lion,--,185 lbs.,--,,7,0,0,
575,Juan,Cabrera,Papi Juancho,--,185 lbs.,--,,9,1,0,
576,Alvin,Cacdac,,"5' 6""",125 lbs.,--,Orthodox,18,13,0,
577,Alex,Caceres,Bruce Leeroy,"5' 10""",145 lbs.,"73.0""",Southpaw,21,15,0,
578,Vince,Cachero,The Anomaly,"5' 6""",145 lbs.,"68.0""",Orthodox,7,4,0,
579,Priscila,Cachoeira,Zombie Girl,"5' 7""",135 lbs.,"65.0""",Orthodox,13,9,0,
580,Yudi,Cahyadi,Prabu Gagak Lumayung,"5' 6""",145 lbs.,"68.0""",Orthodox,8,3,0,
581,Travis,Calanoc,The Dark Knight,"5' 8""",145 lbs.,--,Orthodox,5,1,0,
582,Ricky,Calatayud,,"5' 9""",125 lbs.,--,,16,2,0,
583,Lucas,Caldas,,"5' 8""",155 lbs.,"70.0""",Orthodox,6,2,0,
584,Carlos,Calderon,Chief,"5' 11""",145 lbs.,"71.0""",Southpaw,6,3,0,
585,Darrion,Caldwell,The Wolf,"5' 10""",135 lbs.,--,,10,1,0,
586,Nicolle,Caliari,,"5' 3""",115 lbs.,"62.0""",Orthodox,9,4,0,
587,Taylor,Callens,,"5' 10""",155 lbs.,--,,6,0,0,
588,Cynthia,Calvillo,,"5' 4""",115 lbs.,"64.0""",Orthodox,9,6,1,
589,Joe,Camacho,,"5' 9""",155 lbs.,--,Orthodox,13,19,3,
590,Frank,Camacho,The Crank,"5' 10""",155 lbs.,"73.0""",Orthodox,22,10,0,
591,Lucas,Camacho,,"6' 4""",265 lbs.,"80.0""",Orthodox,6,1,0,
592,Matheus,Camilo,Jaguar,"5' 10""",155 lbs.,"69.0""",Orthodox,11,3,0,
593,Fabricio,Camoes,Morango,"5' 10""",155 lbs.,"71.0""",Orthodox,14,9,1,
594,Chris,Camozzi,,"6' 2""",185 lbs.,"75.0""",Orthodox,24,13,0,
595,Brian,Camozzi,Mantis,"6' 2""",170 lbs.,"78.0""",Orthodox,7,5,0,
596,Ricky,Camp,2 Slick,"5' 7""",135 lbs.,--,,11,4,0,
597,Mike,Campbell,The Beast,"5' 9""",155 lbs.,--,Southpaw,13,4,0,
598,Thomas,Campbell,,--,--,--,,3,3,0,
599,Shane,Campbell,Shaolin,"6' 0""",155 lbs.,"71.0""",Orthodox,14,6,0,
600,Charlie,Campbell,The Cannibal,"6' 0""",155 lbs.,"72.0""",Orthodox,9,3,0,
601,Kitt,Campbell,The Killer,"6' 1""",170 lbs.,"73.0""",Orthodox,16,7,0,
602,Kurtis,Campbell,The Pink Panther,"5' 9""",145 lbs.,"72.0""",Switch,9,1,0,
603,John,Campetella,,"5' 9""",235 lbs.,--,Orthodox,0,1,0,
604,Wagner,Campos,Galeto,"5' 6""",145 lbs.,--,Southpaw,12,10,0,
605,Derek,Campos,The Stallion,"5' 9""",155 lbs.,--,,19,6,0,
606,Will,Campuzano,,"5' 9""",125 lbs.,"70.0""",Orthodox,14,6,0,
607,Aleksa,Camur,,"6' 1""",205 lbs.,"74.0""",Orthodox,6,3,0,
608,Chico,Camus,The King,"5' 6""",125 lbs.,"66.0""",Orthodox,17,7,0,
609,Asbel,Cancio,,"5' 10""",225 lbs.,--,,0,1,0,
610,Carlos,Candelario,The Cannon,"5' 8""",125 lbs.,"68.0""",Southpaw,8,3,0,
611,Ronaldo,Candido,Pacman,"5' 6""",125 lbs.,--,Southpaw,6,0,0,
612,Luiz,Cane,Banha,"6' 2""",185 lbs.,"77.0""",Southpaw,17,7,0,
613,Guido,Cannetti,Ninja,"5' 6""",135 lbs.,"68.0""",Southpaw,10,8,0,
614,Jared,Cannonier,The Killa Gorilla,"5' 11""",185 lbs.,"77.0""",Switch,18,10,0,
615,Jose,Canseco,,"6' 4""",240 lbs.,--,Orthodox,0,1,0,
616,Cody,Canterbury,,"5' 8""",155 lbs.,--,,1,10,0,
617,Bo,Cantrell,Redrum,"6' 2""",235 lbs.,--,Orthodox,10,10,0,
618,Steve,Cantwell,The Robot,"6' 2""",185 lbs.,"75.0""",Orthodox,7,6,0,
619,Gigi,Canuto,Diamond,"5' 2""",115 lbs.,"64.0""",Orthodox,7,2,0,
620,Paul,Capaldo,,"5' 7""",135 lbs.,--,,6,0,0,
621,Phil,Caracappa,The Hitman,"5' 8""",135 lbs.,"70.0""",Orthodox,6,1,0,
622,Frank,Caracci,,--,--,--,,2,3,0,
623,Gina,Carano,Conviction,"5' 8""",145 lbs.,--,Orthodox,7,1,0,
624,Dos,Caras Jr.,,"6' 4""",225 lbs.,--,Orthodox,9,5,0,
625,Bryan,Caraway,Kid Lightning,"5' 8""",135 lbs.,"68.0""",Orthodox,21,9,0,
626,Remo,Cardarelli,,--,135 lbs.,--,,7,5,0,
627,Phil,Cardella,,"5' 11""",155 lbs.,--,,8,5,0,
628,Edgar,Cardenas,Kitty Katt,--,145 lbs.,--,,4,1,0,
629,Chris,Cariaso,Kamikaze,"5' 3""",125 lbs.,"64.0""",Southpaw,17,8,0,
630,Ronald,Carillo,,--,125 lbs.,--,,4,2,0,
631,Rafael,Carino,,"6' 8""",245 lbs.,--,Orthodox,2,1,1,
632,Don,Carlo-Clauss,,--,170 lbs.,--,,10,7,0,
633,Antonio,Carlos Junior,Cara de Sapato,"6' 2""",185 lbs.,"79.0""",Orthodox,11,5,0,
634,Spike,Carlyle,Alpha Ginger,"5' 8""",145 lbs.,"71.0""",Switch,9,3,0,
635,Francis,Carmont,Limitless,"6' 3""",205 lbs.,"78.0""",Orthodox,25,12,0,
636,Liz,Carmouche,Girlrilla,"5' 6""",125 lbs.,"66.0""",Orthodox,13,7,0,
637,Roan,Carneiro,Jucao,"5' 11""",170 lbs.,"76.0""",Orthodox,21,11,0,
638,Ariane,Carnelossi,Sorriso,"5' 2""",115 lbs.,"61.0""",Orthodox,15,5,0,
639,Luana,Carolina,Dread,"5' 6""",135 lbs.,"69.0""",Orthodox,11,5,0,
640,Tim,Caron,The Bear,"6' 1""",185 lbs.,--,Orthodox,7,1,0,
641,Clayton,Carpenter,,"5' 6""",125 lbs.,"66.0""",Orthodox,8,3,0,
642,Gabriel,Carrasco,,"5' 6""",135 lbs.,--,,7,0,0,
643,Cody,Carrillo,,"5' 10""",155 lbs.,--,,11,16,0,
644,Cain,Carrizosa,The Insane,"5' 8""",155 lbs.,--,Orthodox,10,3,0,
645,Roger,Carroll,The Leprechaun,"5' 10""",170 lbs.,--,,16,14,0,
646,Jonny,Carson,,"5' 10""",155 lbs.,--,,11,7,0,
647,Scott,Carson,,"6' 2""",215 lbs.,--,,4,2,0,
648,Shonie,Carter,Mr. International,"5' 10""",170 lbs.,--,Southpaw,51,31,7,
649,Jack,Cartwright,,"5' 9""",135 lbs.,"68.0""",Orthodox,10,1,0,
650,Bruno,Carvalho,,"5' 8""",154 lbs.,--,,10,5,0,
651,Antonio,Carvalho,Pato,"5' 9""",145 lbs.,"70.0""",Orthodox,15,6,0,
652,Rafael,Carvalho,,"6' 3""",185 lbs.,--,,14,1,0,
653,Shane,Carwin,The Engineer,"6' 2""",265 lbs.,"80.0""",Orthodox,12,2,0,
654,Johnny,Case,Hollywood,"5' 10""",155 lbs.,"72.0""",Orthodox,22,6,0,
655,Kevin,Casey,King,"5' 11""",185 lbs.,"77.0""",Southpaw,9,5,2,
656,Cortney,Casey,Cast Iron,"5' 7""",125 lbs.,"67.0""",Orthodox,10,10,0,
657,Brandon,Cash,Money,"6' 5""",255 lbs.,--,Orthodox,10,4,0,
658,Bendy,Casimir,,"5' 5""",145 lbs.,--,Southpaw,20,14,2,
659,Dwayne,Cason,,"5' 10""",212 lbs.,--,Orthodox,1,1,0,
660,Joe,Cason,,"6' 3""",205 lbs.,--,,9,1,0,
661,John,Castaneda,Sexi Mexi,"5' 6""",135 lbs.,"71.0""",Switch,21,8,1,
662,Eric,Castile,,"5' 8""",145 lbs.,--,,3,2,0,
663,Gil,Castillo,,"5' 9""",170 lbs.,--,Southpaw,8,5,0,
664,Danny,Castillo,Last Call,"5' 9""",155 lbs.,"71.0""",Orthodox,17,10,0,
665,Raul,Castillo,,"5' 11""",185 lbs.,--,Orthodox,7,1,0,
666,Jenna,Castillo,,"5' 2""",125 lbs.,--,,1,0,0,
667,Tim,Catalfo,Obake,"5' 11""",235 lbs.,--,Orthodox,4,2,0,
668,Nick,Catone,The Jersey Devil,"6' 0""",185 lbs.,"72.0""",Southpaw,10,4,0,
669,Luke,Caudillo,Lil' Hulk,"5' 7""",155 lbs.,--,Orthodox,17,17,0,
670,Gesias,Cavalcante,JZ,"5' 8""",155 lbs.,"71.0""",Orthodox,21,10,1,
671,Rafael,Cavalcante,Feijao,"6' 1""",205 lbs.,"74.0""",Orthodox,12,7,0,
672,Jacqueline,Cavalcanti,,"5' 8""",135 lbs.,"70.0""",Orthodox,10,2,0,
673,Igor,Cavalcanti,Jacare,"5' 11""",185 lbs.,"79.0""",Orthodox,13,2,0,
674,Magnus,Cedenblad,Jycken,"6' 5""",185 lbs.,"79.0""",Orthodox,14,5,0,
675,Yosdenis,Cedeno,Pink Panther,"5' 8""",155 lbs.,"69.0""",Orthodox,10,6,1,
676,Henry,Cejudo,Triple C,"5' 4""",135 lbs.,"64.0""",Orthodox,16,6,0,
677,Adam,Cella,El Naturel,"6' 2""",170 lbs.,--,,6,8,0,
678,Vinicius,Cenci,Chambinho,"6' 1""",155 lbs.,"74.0""",Orthodox,7,2,0,
679,Vlasto,Cepo,El Chapo,"6' 0""",185 lbs.,"73.0""",Orthodox,14,4,0,
680,Katlyn,Cerminara,Blonde Fighter,"5' 9""",125 lbs.,"68.0""",Orthodox,18,6,0,
681,Rafael,Cerqueira,The Lion,"6' 3""",205 lbs.,"76.0""",Southpaw,11,4,0,
682,Donald,Cerrone,Cowboy,"6' 1""",155 lbs.,"73.0""",Orthodox,36,17,0,
683,Jared,Chaffee,,"5' 10""",155 lbs.,--,,5,2,0,
684,Luan,Chagas,Tarzan,"6' 0""",170 lbs.,"75.0""",Orthodox,15,3,1,
685,Dagiisuren,Chagnaadorj,,"5' 8""",145 lbs.,"71.0""",Orthodox,12,2,0,
686,Edgar,Chairez,Puro Chicali,"5' 7""",125 lbs.,"71.0""",Orthodox,14,7,0,
687,Ansar,Chalangov,,"5' 9""",170 lbs.,--,Orthodox,14,5,0,
688,Alex,Chambers,Astro Girl,"5' 3""",115 lbs.,"63.0""",Southpaw,5,5,0,
689,Michael,Chandler,Iron,"5' 8""",155 lbs.,"71.0""",Orthodox,23,11,0,
690,Chelsea,Chandler,,"5' 8""",135 lbs.,"68.0""",Southpaw,7,4,0,
691,Eduardo,Chapolin,,"5' 7""",125 lbs.,"67.0""",Orthodox,15,3,0,
692,Donnie,Chappell,,"5' 11""",178 lbs.,--,Southpaw,0,1,0,
693,Joe,Charles,The Ghetto Man,"6' 1""",260 lbs.,--,Southpaw,6,13,0,
694,Dan,Charles,The Man,"6' 2""",228 lbs.,--,,10,6,1,
695,Morgan,Charriere,The Last Pirate,"5' 8""",145 lbs.,"69.0""",Orthodox,21,13,1,
696,Terrance,Chatman,The Answer,"6' 0""",265 lbs.,"76.0""",Orthodox,5,2,0,
697,Jeisla,Chaves,A Braba,"5' 6""",115 lbs.,"68.0""",Orthodox,8,1,0,
698,Ernest,Chavez,EJ,"5' 8""",145 lbs.,"70.0""",Orthodox,10,2,0,
699,Emilio,Chavez,,"5' 9""",145 lbs.,--,,12,9,0,
700,Danny,Chavez,The Colombian Warrior,"5' 8""",145 lbs.,"67.0""",Orthodox,11,5,1,
701,Gabriel,Checco,Zangief,"6' 1""",185 lbs.,--,Switch,10,2,0,
702,Albert,Cheng,,"5' 11""",170 lbs.,--,Orthodox,7,4,0,
703,Fabio,Cherant,Water Buffalo,"6' 1""",205 lbs.,"74.0""",Southpaw,7,4,0,
704,Ion,Cherdivara,,--,205 lbs.,--,,1,1,0,
705,Mark,Cherico,The Pride of Bloomfield,"5' 7""",145 lbs.,"69.0""",Orthodox,11,1,0,
706,Macy,Chiasson,,"5' 11""",135 lbs.,"72.0""",Orthodox,11,6,0,
707,Michael,Chiesa,Maverick,"6' 1""",170 lbs.,"75.0""",Southpaw,20,7,0,
708,Giga,Chikadze,Ninja,"6' 0""",145 lbs.,"74.0""",Orthodox,15,6,0,
709,Khamzat,Chimaev,Borz,"6' 2""",185 lbs.,"75.0""",Orthodox,15,1,0,
710,Sako,Chivitchian,,"5' 11""",155 lbs.,--,Orthodox,8,1,0,
711,Mu Bae,Choi,,"6' 2""",230 lbs.,--,Orthodox,12,6,0,
712,Hong Man,Choi,Techno Goliath,"7' 2""",330 lbs.,--,Orthodox,4,5,0,
713,Dooho,Choi,The Korean Superboy,"5' 10""",145 lbs.,"70.0""",Orthodox,17,4,1,
714,SeungWoo,Choi,Sting,"6' 0""",145 lbs.,"74.0""",Orthodox,11,8,0,
715,SeungGuk,Choi,,"5' 6""",125 lbs.,"64.0""",Orthodox,7,3,0,
716,DongHun,Choi,,"5' 5""",125 lbs.,"66.0""",Switch,9,0,0,
717,Mark,Choinski,The Shark,"5' 8""",155 lbs.,"69.0""",Orthodox,8,1,0,
718,Levan,Chokheli,,"5' 11""",170 lbs.,"72.0""",Orthodox,15,3,0,
719,John,Cholish,,"5' 11""",155 lbs.,"74.0""",Orthodox,8,3,0,
720,Ryo,Chonan,Piranah,"5' 9""",170 lbs.,"70.0""",Orthodox,22,13,0,
721,Will,Chope,The Kill,"6' 4""",145 lbs.,--,Switch,34,13,0,
722,Cody,Chovancek,The Best Fisherman in MMA,"5' 8""",135 lbs.,"67.0""",Switch,9,0,0,
723,Joachim,Christensen,,"6' 3""",205 lbs.,"76.0""",Orthodox,14,6,0,
724,Kevin,Christian,,"6' 7""",205 lbs.,"80.0""",Orthodox,9,4,0,
725,Dan,Christison,The Sandman,"6' 8""",265 lbs.,--,Orthodox,20,7,0,
726,Anthony,Christodoulou,,"5' 9""",155 lbs.,--,Orthodox,12,7,0,
727,Murad,Chunkaiev,,"5' 11""",185 lbs.,--,Orthodox,8,4,0,
728,Cameron,Church,,"5' 11""",155 lbs.,"72.0""",Orthodox,4,1,0,
729,Steven,Ciaccio,Stryker,"6' 0""",170 lbs.,--,,4,4,0,
730,Mike,Ciesnolevicz,,"6' 0""",235 lbs.,--,Orthodox,19,4,0,
731,Hannah,Cifers,Shockwave,"5' 1""",115 lbs.,"62.0""",Orthodox,10,7,0,
732,Branko,Cikatic,,"6' 1""",215 lbs.,--,Orthodox,0,2,0,
733,Nikolajus,Cilkinas,,--,--,--,Orthodox,2,6,0,
734,Misha,Cirkunov,,"6' 3""",205 lbs.,"77.0""",Orthodox,15,9,0,
735,Johnny,Cisneros,The Tattooed Terror,"5' 11""",170 lbs.,--,,9,6,0,
736,Sean,Clancy Jr.,The One,"6' 1""",170 lbs.,"72.0""",Orthodox,9,0,0,
737,Laverne,Clark,,"5' 11""",170 lbs.,--,Orthodox,27,21,1,
738,Logan,Clark,,"6' 2""",185 lbs.,--,Orthodox,18,6,0,
739,Mychal,Clark,,"6' 3""",224 lbs.,--,Orthodox,10,14,0,
740,Dominic,Clark,,"5' 10""",155 lbs.,--,,10,7,0,
741,Heather,Clark,Hurricane,"5' 6""",115 lbs.,"64.0""",Orthodox,7,6,0,
742,Devin,Clark,Brown Bear,"6' 0""",205 lbs.,"75.0""",Orthodox,14,9,0,
743,Jessica-Rose,Clark,,"5' 5""",135 lbs.,"64.0""",Orthodox,11,9,0,
744,Shannon,Clark,MMA Barbie,"5' 5""",125 lbs.,"64.0""",Orthodox,5,1,0,
745,John,Clarke,,--,170 lbs.,--,,1,1,0,
746,Mitch,Clarke,Danger Zone,"5' 10""",155 lbs.,"73.0""",Orthodox,11,5,0,
747,Rich,Clementi,No Love,"5' 9""",155 lbs.,"72.0""",Southpaw,45,23,1,
748,Chris,Clements,The Menace,"5' 10""",170 lbs.,"70.0""",Orthodox,12,6,0,
749,Charlie,Cleveland,The Reaper,"6' 2""",246 lbs.,"75.0""",Southpaw,6,2,0,
750,RJ,Clifford,,--,160 lbs.,--,,4,3,0,
751,Mark,Climaco,,"5' 4""",125 lbs.,"65.0""",Southpaw,9,2,0,
752,Josh,Clopton,The Gentleman,"5' 6""",145 lbs.,--,Orthodox,6,2,1,
753,Brian,Cobb,,"5' 11""",155 lbs.,--,Orthodox,20,9,0,
754,Darryl,Cobb,,"5' 9""",185 lbs.,--,,6,8,0,
755,Dave,Cochran,,"5' 6""",155 lbs.,--,,26,29,1,
756,Dakota,Cochrane,,"5' 8""",155 lbs.,--,,29,12,0,
757,Marloes,Coenen,,"5' 9""",145 lbs.,"67.0""",,23,8,0,
758,Marc,Cofer,,--,185 lbs.,--,,7,5,0,
759,John,Cofer,The Potter,"5' 9""",155 lbs.,--,Southpaw,8,4,0,
760,Chris,Coggins,,--,--,--,,7,10,0,
761,Felipe,Colares,Cabocao,"5' 8""",145 lbs.,"69.0""",Orthodox,10,4,0,
762,Wayne,Cole,,"6' 1""",205 lbs.,--,Orthodox,16,25,0,
763,Devin,Cole,,"6' 4""",240 lbs.,--,Orthodox,20,10,1,
764,Coltin,Cole,,--,185 lbs.,--,,4,5,0,
765,Ivan,Cole,JP,"5' 9""",135 lbs.,--,,2,3,0,
766,Chandler,Cole,The Hammer,"5' 10""",264 lbs.,"72.0""",Orthodox,10,4,0,
767,Mark,Coleman,The Hammer,"6' 1""",205 lbs.,"75.0""",Orthodox,16,10,0,
768,Cortez,Coleman,Hollywood,"6' 1""",185 lbs.,--,,13,8,0,
769,Clay,Collard,Cassius,"5' 11""",145 lbs.,"73.0""",Orthodox,14,7,0,
770,Jamie,Colleen,,"5' 3""",115 lbs.,"65.0""",Orthodox,4,1,0,
771,Jake,Collier,The Prototype,"6' 3""",230 lbs.,"78.0""",Orthodox,13,10,0,
772,Shane,Collins,Hollywood,"5' 9""",145 lbs.,"71.0""",Orthodox,8,0,0,
773,Christian,Colombo,,"6' 5""",265 lbs.,--,Orthodox,8,3,1,
774,Willian,Colorado,,"5' 10""",135 lbs.,"72.0""",,11,1,0,
775,Wes,Combs,The Soldier,"6' 2""",205 lbs.,--,Orthodox,20,6,0,
776,Rose,Conceicao,,"4' 7""",115 lbs.,"65.0""",Orthodox,7,1,0,
777,Roque,Conceicao,,"5' 4""",125 lbs.,"67.0""",Orthodox,10,3,0,
778,Carlos,Condit,The Natural Born Killer,"6' 2""",170 lbs.,"75.0""",Orthodox,32,14,0,
779,Chris,Condo,,"6' 0""",335 lbs.,--,Orthodox,0,1,0,
780,Jack,Congdon,.50 Cal,"6' 2""",170 lbs.,"75.0""",Switch,7,2,0,
781,Tristan,Connelly,Boondock,"5' 10""",145 lbs.,"68.0""",Orthodox,14,8,0,
782,Callum,Connor,007,--,155 lbs.,--,,8,0,0,
783,Marcos,Conrado Jr.,,"6' 2""",220 lbs.,--,Orthodox,5,1,0,
784,Jeremiah,Constant,,"6' 1""",240 lbs.,--,Orthodox,11,8,0,
785,Jonathan,Contrestano,JT,--,155 lbs.,--,,6,0,0,
786,Bob,Cook,Crazy,"5' 9""",170 lbs.,--,Orthodox,5,0,0,
787,Mike,Cook,,"6' 1""",205 lbs.,--,Orthodox,13,13,0,
788,Chad,Cook,,"6' 2""",205 lbs.,--,,10,12,0,
789,TJ,Cook,,--,205 lbs.,--,,13,5,0,
790,Dewey,Cooper,The Black Cobra,--,205 lbs.,--,,2,1,0,
791,Brett,Cooper,,"6' 0""",170 lbs.,--,Orthodox,23,12,0,
792,Bill,Cooper,,--,155 lbs.,--,,2,1,0,
793,Bobby,Cooper,Super Duper,"6' 1""",155 lbs.,--,,12,7,0,
794,Amanda,Cooper,ABC,"5' 3""",115 lbs.,"64.0""",Switch,3,5,0,
795,Kit,Cope,Havoc,"6' 0""",170 lbs.,--,Orthodox,6,7,0,
796,Chris,Cope,C-Murder,"6' 0""",170 lbs.,"72.0""",Orthodox,8,4,0,
797,Josh,Copeland,Cuddly Bear,"6' 1""",265 lbs.,--,Orthodox,12,4,0,
798,Michael,Cora,Kookie Monster,"6' 1""",170 lbs.,"77.0""",Southpaw,4,1,0,
799,Akira,Corassani,,"5' 8""",145 lbs.,"68.0""",Orthodox,12,6,0,
800,Muhsin,Corbbrey,,"5' 10""",155 lbs.,--,Orthodox,17,9,0,
801,Alden,Coria,Cobra,"5' 8""",125 lbs.,"67.0""",Orthodox,13,3,0,
802,Daniel,Cormier,DC,"5' 11""",235 lbs.,"72.0""",Orthodox,22,3,0,
803,Nora,Cornolle,,"5' 7""",135 lbs.,"67.0""",Orthodox,10,4,0,
804,Clint,Coronel,,--,155 lbs.,--,,2,5,0,
805,Henry,Corrales,,"5' 9""",145 lbs.,--,,13,3,0,
806,Bethe,Correia,Pitbull,"5' 5""",135 lbs.,"64.0""",Orthodox,11,6,1,
807,Wesley,Correira,Cabbage,"6' 3""",260 lbs.,--,Orthodox,20,16,0,
808,Waldo,Cortes Acosta,Salsa Boy,"6' 4""",260 lbs.,"78.0""",Orthodox,17,4,0,
809,Tracy,Cortez,,"5' 5""",125 lbs.,"65.0""",Orthodox,12,4,0,
810,Reyes,Cortez Jr.,,"5' 7""",135 lbs.,"68.0""",Orthodox,7,3,0,
811,Chad,Corvin,The Brave Warrior,"6' 5""",255 lbs.,--,,5,0,0,
812,Louis,Cosce,,"5' 9""",170 lbs.,"71.0""",Orthodox,7,2,0,
813,Orion,Cosce,Galaxy,"5' 11""",170 lbs.,"71.0""",Switch,8,2,0,
814,Miguel,Cosio,,"6' 4""",205 lbs.,--,,1,13,0,
815,Jadson,Costa,,"5' 7""",155 lbs.,--,Orthodox,22,8,0,
816,Guilherme,Costa,The Prodigy,--,155 lbs.,--,,7,1,0,
817,Paulo,Costa,The Eraser,"6' 1""",205 lbs.,"72.0""",Orthodox,16,4,0,
818,Randy,Costa,The Zohan,"5' 9""",135 lbs.,"73.0""",Switch,6,4,0,
819,Alessandro,Costa,Nono,"5' 4""",125 lbs.,"67.0""",Orthodox,17,5,0,
820,Melquizael,Costa,The Dalmatian,"5' 10""",145 lbs.,"71.0""",Southpaw,26,8,0,
821,Vitor,Costa,,"6' 2""",185 lbs.,"75.0""",Orthodox,8,2,0,
822,Oscar,Cota,Elevation,"6' 0""",230 lbs.,"72.0""",Orthodox,11,3,0,
823,Patrick,Cote,The Predator,"5' 11""",170 lbs.,"75.0""",Orthodox,23,11,0,
824,JC,Cottrell,,"5' 9""",155 lbs.,--,Orthodox,17,5,0,
825,JR,Coughran,Bam Bam,"5' 6""",145 lbs.,--,Orthodox,4,1,0,
826,Rashad,Coulter,Daywalker,"5' 11""",205 lbs.,"76.0""",Orthodox,9,4,0,
827,Dave,Courchaine,,"5' 8""",170 lbs.,--,,20,7,0,
828,Randy,Couture,The Natural,"6' 1""",205 lbs.,"75.0""",Orthodox,19,11,0,
829,Kim,Couture,Sugar Free,"5' 8""",135 lbs.,--,Orthodox,3,8,0,
830,Ryan,Couture,,"5' 10""",155 lbs.,"73.0""",Orthodox,11,5,0,
831,Nikk,Covert,The Brick,"5' 8""",185 lbs.,--,,3,4,0,
832,Colby,Covington,Chaos,"5' 11""",170 lbs.,"72.0""",Orthodox,17,5,0,
833,Hailey,Cowan,All Hail,"5' 8""",135 lbs.,"67.0""",Southpaw,7,6,0,
834,Jeff,Cox,The Grinder,"5' 10""",155 lbs.,--,Orthodox,10,7,0,
835,Nathan,Coy,Soulforce,"5' 10""",170 lbs.,"69.0""",Southpaw,15,7,0,
836,Andrew,Craig,Highlight,"6' 1""",170 lbs.,"76.0""",Orthodox,9,4,0,
837,Paul,Craig,Bearjew,"6' 3""",205 lbs.,"76.0""",Orthodox,17,10,1,
838,Dan,Cramer,,"6' 2""",170 lbs.,--,Orthodox,11,4,0,
839,Alberto,Crane,,"5' 5""",155 lbs.,--,Orthodox,15,5,0,
840,Tim,Credeur,,"6' 3""",185 lbs.,"75.0""",Orthodox,12,4,0,
841,Paul,Creighton,,"5' 6""",155 lbs.,--,Southpaw,3,1,0,
842,Helena,Crevar,,--,--,--,,0,0,0,
843,Alexander,Crispim,,--,145 lbs.,--,,8,6,0,
844,Alex,Crispin,,--,155 lbs.,--,,0,1,0,
845,Melissa,Croden,Scare,"5' 9""",135 lbs.,"68.0""",Orthodox,8,3,0,
846,Kevin,Croom,Crash,"5' 11""",135 lbs.,"73.0""",Orthodox,21,15,0,
847,Kiefer,Crosbie,BDK,"5' 11""",170 lbs.,"70.0""",Switch,10,6,0,
848,Ken,Cross,The Boss,"6' 0""",155 lbs.,"72.0""",Southpaw,11,3,0,
849,Jeff,Crotty,,--,155 lbs.,--,,1,1,0,
850,Allen,Crowder,Pretty Boy,"6' 3""",245 lbs.,"76.0""",Orthodox,10,4,0,
851,Daron,Cruickshank,Detroit Superstar,"5' 8""",155 lbs.,"72.0""",Switch,18,10,0,
852,Richard,Crunkilton,Cleat,"5' 7""",155 lbs.,--,Orthodox,19,4,0,
853,Jimmy,Crute,,"6' 2""",205 lbs.,"74.0""",Orthodox,14,4,2,
854,Marcio,Cruz,Pe de Pano,"6' 4""",232 lbs.,--,Orthodox,8,3,0,
855,Dominick,Cruz,The Dominator,"5' 8""",135 lbs.,"68.0""",Orthodox,24,4,0,
856,Aalon,Cruz,,"6' 0""",145 lbs.,"78.0""",Switch,8,4,0,
857,Timmy,Cuamba,Twilight,"5' 9""",135 lbs.,"71.0""",Orthodox,10,4,0,
858,Jay,Cucciniello,,"5' 7""",155 lbs.,--,Orthodox,8,1,0,
859,Emilio,Cuellar,Show Kid,--,125 lbs.,--,,6,1,0,
860,Josh,Culibao,Kuya,"5' 10""",145 lbs.,"73.0""",Orthodox,11,4,1,
861,Chris,Culley,,--,145 lbs.,--,,20,15,0,
862,Abel,Cullum,The Silent Assassin,"5' 7""",139 lbs.,--,Orthodox,20,6,0,
863,Zak,Cummings,,"6' 0""",205 lbs.,"75.0""",Southpaw,25,7,0,
864,Everett,Cummings,,--,205 lbs.,--,,12,0,0,
865,Patrick,Cummins,Durkin,"6' 2""",205 lbs.,"76.0""",Orthodox,10,7,0,
866,Luke,Cummo,,"6' 0""",170 lbs.,"74.0""",Orthodox,6,6,0,
867,Hugo,Cunha,Silverback,"6' 3""",263 lbs.,"79.0""",Orthodox,8,2,0,
868,Alton,Cunningham,The Bo-Man,"6' 2""",205 lbs.,"77.0""",Orthodox,4,2,0,
869,AJ,Cunningham,The Savage,"5' 10""",135 lbs.,"71.0""",Orthodox,11,5,0,
870,Tommy,Cuozzi Jr.,Little T,"5' 9""",145 lbs.,"71.0""",Orthodox,8,1,0,
871,Santo,Curatolo,,"5' 3""",125 lbs.,"62.0""",Southpaw,6,2,0,
872,Larry,Cureton,,"6' 2""",240 lbs.,--,Orthodox,0,2,0,
873,Jeff,Curran,Big Frog,"5' 6""",135 lbs.,"69.0""",Orthodox,36,18,1,
874,Kailin,Curran,,"5' 4""",115 lbs.,"65.0""",Orthodox,4,5,0,
875,Pat,Curran,Paddy Mike,"5' 9""",145 lbs.,--,,22,7,0,
876,Will,Currie,Drago,"6' 3""",185 lbs.,"76.0""",Switch,12,4,0,
877,Chris,Curtis,Action-Man,"5' 10""",170 lbs.,"75.0""",Orthodox,32,13,0,
878,Ion,Cutelaba,The Hulk,"6' 1""",205 lbs.,"75.0""",Southpaw,20,12,1,
879,Gleidson,Cutis,Poney,"5' 9""",155 lbs.,--,Orthodox,7,4,0,
880,Sarah,D'alelio,The Monster,"5' 7""",145 lbs.,--,,11,7,0,
881,Douglas,Da Lapa,Robozinho,--,185 lbs.,--,,6,0,0,
882,Marcos,da Matta,Parrumpinha,"5' 4""",145 lbs.,--,,11,3,0,
883,Henrique,da Silva,Frankenstein,"6' 3""",205 lbs.,"76.0""",Orthodox,14,5,0,
884,Ariane,da Silva,Queen of Violence,"5' 6""",125 lbs.,"67.0""",Orthodox,17,11,0,
885,Alex,Da Silva,Leko,"5' 8""",155 lbs.,"73.0""",Orthodox,21,4,0,
886,Radley,Da Silva,Snake Eyes,"5' 9""",145 lbs.,"71.0""",Orthodox,8,1,0,
887,Deni,Daffa,,"6' 0""",155 lbs.,"74.0""",Orthodox,6,2,0,
888,Nicolas,Dalby,Lokomotivo,"5' 11""",170 lbs.,"74.0""",Orthodox,24,6,1,
889,Paul,Daley,Semtex,"5' 9""",170 lbs.,"76.0""",Orthodox,39,15,2,
890,Dave,Dalgliesh,,"6' 2""",205 lbs.,--,Orthodox,30,19,2,
891,Richard,Dalton,,"6' 1""",205 lbs.,--,Orthodox,4,3,1,
892,Aisling,Daly,Ais the Bash,"5' 2""",115 lbs.,"64.0""",Orthodox,16,6,0,
893,Marko,Damiani,,"6' 0""",170 lbs.,--,,0,2,0,
894,Leonardo,Damiani,Puppy,"5' 10""",170 lbs.,"69.0""",Orthodox,10,3,1,
895,Rodrigo,Damm,,"5' 7""",155 lbs.,"71.0""",Orthodox,13,9,0,
896,Carina,Damm,Beauty But the Beast,"5' 4""",135 lbs.,--,,2,13,0,
897,Batgerel,Danaa,Storm,"5' 7""",135 lbs.,"70.0""",Orthodox,12,5,0,
898,Cindy,Dandois,Battlecat,"5' 7""",135 lbs.,--,Orthodox,8,3,0,
899,Peter,Danesoe,The Asian Viking,"5' 9""",135 lbs.,"68.0""",Orthodox,8,4,0,
900,Jarjis,Danho,Man Mountain,"6' 3""",265 lbs.,"74.0""",Orthodox,7,1,1,
901,Jose,Daniel Medina,Chicho,"6' 0""",185 lbs.,"74.0""",Orthodox,11,7,0,
902,Raymond,Daniels,,"6' 2""",185 lbs.,--,Southpaw,0,1,0,
903,Marques,Daniels,,--,155 lbs.,--,,5,5,0,
904,Anvarbek,Daniyalbekov,,--,185 lbs.,--,,8,0,0,
905,Alexandre,Dantas,Cafe,"6' 2""",238 lbs.,--,Orthodox,0,3,0,
906,Eduardo,Dantas,Dudu,"5' 10""",135 lbs.,--,,20,4,0,
907,Mac,Danzig,,"5' 8""",155 lbs.,"70.0""",Orthodox,21,12,1,
908,Karen,Darabedyan,,"5' 7""",155 lbs.,"68.0""",Orthodox,13,6,0,
909,Adam,Darby,,"6' 3""",170 lbs.,"78.0""",,8,1,0,
910,Beneil,Dariush,,"5' 10""",155 lbs.,"72.0""",Southpaw,23,8,1,
911,Alvi,Dasuyev,Spartan,--,170 lbs.,--,,9,0,0,
912,Sean,Daugherty,,"6' 0""",175 lbs.,--,,0,2,0,
913,Kyle,Daukaus,,"6' 2""",185 lbs.,"76.0""",Southpaw,17,5,0,
914,Chris,Daukaus,,"6' 3""",205 lbs.,"76.0""",Orthodox,12,7,0,
915,Brian,Davidson,,"5' 6""",145 lbs.,--,,13,4,0,
916,Rick,Davis,The Flying Squirrel,"5' 9""",155 lbs.,--,Orthodox,3,1,1,
917,Marcus,Davis,The Irish Hand Grenade,"5' 10""",170 lbs.,"70.0""",Southpaw,22,11,0,
918,LC,Davis,,"5' 8""",135 lbs.,"69.0""",Southpaw,23,8,0,
919,Phil,Davis,Mr. Wonderful,"6' 2""",205 lbs.,"79.0""",Orthodox,17,4,0,
920,Lemont,Davis,,"5' 8""",170 lbs.,--,Orthodox,2,6,0,
921,Mike,Davis,,--,--,--,,2,0,0,
922,Justin,Davis,Dangerous,"5' 11""",205 lbs.,--,,13,16,0,
923,Alexis,Davis,,"5' 6""",135 lbs.,"68.0""",Orthodox,21,11,0,
924,Danny,Davis,,"6' 2""",170 lbs.,--,,13,11,1,
925,Brandon,Davis,Killer B,"5' 10""",135 lbs.,"72.0""",Orthodox,14,10,0,
926,Mike,Davis,Beast Boy,"6' 0""",155 lbs.,"72.0""",Orthodox,12,4,0,
927,Hakeem,Dawodu,Mean,"5' 8""",145 lbs.,"73.0""",Orthodox,13,4,1,
928,Grant,Dawson,KGD,"5' 10""",155 lbs.,"72.0""",Switch,24,3,1,
929,Jason,Day,Dooms,"6' 0""",185 lbs.,"72.0""",Orthodox,19,12,0,
930,Martin,Day,The Spartan,"5' 10""",145 lbs.,"73.0""",Orthodox,8,6,0,
931,Angel,De Anda,The Dream,"5' 9""",225 lbs.,--,Orthodox,18,6,0,
932,Yorgan,De Castro,The Mad Titan,"6' 0""",250 lbs.,"74.0""",Orthodox,6,3,0,
933,Geraldo,de Freitas,Spartan,"5' 7""",135 lbs.,"72.0""",Orthodox,12,6,0,
934,Philip,De Fries,,"6' 5""",250 lbs.,"79.0""",Orthodox,12,6,0,
935,Chris,de la Rocha,,"6' 3""",250 lbs.,"80.0""",Orthodox,5,3,0,
936,Montana,De La Rosa,,"5' 7""",125 lbs.,"68.0""",Orthodox,13,9,1,
937,Mark,De La Rosa,Bumblebee,"5' 6""",135 lbs.,"65.0""",Orthodox,11,5,0,
938,Mike,de la Torre,El Cucuy,"5' 11""",145 lbs.,"71.0""",Orthodox,14,7,0,
939,Rodrigo,de Lima,Monstro,"5' 7""",155 lbs.,--,Orthodox,8,3,1,
940,Edilberto,de Oliveira,Crocota,"6' 0""",170 lbs.,--,Orthodox,29,15,2,
941,Johil,de Oliveira,,"5' 6""",170 lbs.,--,Orthodox,17,15,1,
942,Jorge,de Oliveira,Blade,"5' 8""",155 lbs.,--,Orthodox,9,2,0,
943,Jair,De Oliveira,Mamute,"5' 9""",205 lbs.,"69.0""",,6,1,0,
944,Isabela,de Padua,Belinha,"5' 3""",125 lbs.,"64.0""",Orthodox,5,2,0,
945,Gloria,de Paula,Glorinha,"5' 5""",115 lbs.,"67.0""",Orthodox,6,5,0,
946,Germaine,de Randamie,The Iron Lady,"5' 9""",135 lbs.,"71.0""",Orthodox,10,5,0,
947,Reinier,de Ridder,RdR,"6' 4""",185 lbs.,"78.0""",Southpaw,22,4,0,
948,Crezio,de Souza,,--,170 lbs.,--,Orthodox,1,2,0,
949,Carl,Deaton,The Anishinaabe Kid,"5' 7""",155 lbs.,"69.0""",Orthodox,17,7,0,
950,Tom,DeBlass,,"6' 0""",185 lbs.,--,Orthodox,9,2,0,
951,Marcos,Degli,Tailandes,--,125 lbs.,--,,14,3,0,
952,Issac,DeJesus,,--,145 lbs.,--,,12,7,1,
953,Rafael,Del Real,,"5' 11""",225 lbs.,--,,6,20,0,
954,Shane,del Rosario,,"6' 4""",250 lbs.,--,Southpaw,11,2,0,
955,Wallen,Del Rosario,,"5' 4""",125 lbs.,"67.0""",Orthodox,8,2,0,
956,Yadier,del Valle,The Cuban Problem,"5' 9""",145 lbs.,"69.0""",Southpaw,11,1,0,
957,Jose,Delano,,"5' 8""",145 lbs.,"70.0""",Orthodox,17,3,0,
958,Humberto,DeLeon,,--,135 lbs.,--,,7,7,0,
959,Rolando,Delgado,Roli,"6' 3""",155 lbs.,"77.0""",Orthodox,11,6,1,
960,Israel,Delgado,,"5' 10""",155 lbs.,--,,0,2,0,
961,Jose,Delgado,,"5' 11""",145 lbs.,"73.0""",Switch,12,3,0,
962,Ante,Delija,Walking Trouble,"6' 3""",239 lbs.,"78.0""",Orthodox,26,8,0,
963,Jack,Della Maddalena,,"5' 11""",170 lbs.,"73.0""",Switch,18,4,0,
964,Roland,Delorme,,"5' 9""",135 lbs.,"71.0""",Orthodox,9,5,0,
965,Jon,Delos Reyes,The Heat,"5' 6""",125 lbs.,"67.0""",Orthodox,8,5,0,
966,Jason,DeLucia,,"5' 11""",190 lbs.,--,Southpaw,33,21,1,
967,Justin,DeMoney,,--,170 lbs.,--,,15,7,1,
968,Vanessa,Demopoulos,Lil Monster,"5' 2""",115 lbs.,"59.0""",Orthodox,11,8,0,
969,Chris,Dempsey,,"5' 10""",185 lbs.,"72.0""",Orthodox,11,5,0,
970,Nick,Denis,The Ninja of Love,"5' 7""",135 lbs.,--,Orthodox,11,3,0,
971,Thomas,Denny,The Wildman,"5' 10""",170 lbs.,--,Orthodox,27,21,1,
972,Robert,Densley,The Wrecker,"5' 9""",155 lbs.,--,,9,10,0,
973,Jason,Dent,Dynamite,"5' 10""",155 lbs.,"71.0""",Orthodox,22,13,0,
974,Mackenzie,Dern,,"5' 4""",115 lbs.,"63.0""",Orthodox,17,5,0,
975,Booker,DeRousse,,"6' 2""",205 lbs.,--,,6,5,0,
976,Tony,DeSouza,,"6' 0""",170 lbs.,"70.0""",Southpaw,11,4,0,
977,Robelis,Despaigne,The Big Boy,"6' 7""",265 lbs.,"84.0""",Orthodox,6,2,0,
978,Cory,Devela,The One,"5' 0""",185 lbs.,--,Orthodox,16,7,0,
979,John,Devine,,--,--,--,,6,4,0,
980,Edwin,DeWees,Babyface,"6' 1""",185 lbs.,--,Orthodox,38,17,0,
981,Rabindra,Dhant,,"5' 7""",135 lbs.,"69.0""",Switch,11,1,0,
982,Alessio,Di Chirico,Manzo,"6' 0""",185 lbs.,"74.0""",Orthodox,13,7,0,
983,Micol,Di Segni,,"5' 3""",115 lbs.,"60.0""",Orthodox,7,3,0,
984,Cyrille,Diabate,The Snake,"6' 6""",205 lbs.,"81.0""",Southpaw,19,10,1,
985,Thomas,Diagne,,"6' 1""",154 lbs.,--,,6,6,1,
986,Marc,Diakiese,Bonecrusher,"5' 10""",155 lbs.,"73.0""",Orthodox,17,7,0,
987,Tyler,Diamond,,"5' 7""",145 lbs.,"69.0""",Orthodox,9,1,0,
988,Blood,Diamond,,"5' 11""",170 lbs.,"76.0""",Switch,3,3,0,
989,Eldo Xavier,Dias,,"5' 11""",180 lbs.,--,,0,1,0,
990,Rafael,Dias,,"5' 9""",145 lbs.,--,Orthodox,17,12,2,
991,Hacran,Dias,Barnabe,"5' 8""",155 lbs.,"69.0""",Orthodox,23,6,1,
992,Victor,Dias,Crazy Horse,"5' 6""",125 lbs.,"69.0""",Orthodox,11,3,0,
993,Luis Felipe,Dias,,"5' 10""",185 lbs.,"74.0""",,18,6,0,
994,Magno,Dias,The Violence,"5' 5""",135 lbs.,"67.0""",,6,2,0,
995,Nick,Diaz,,"6' 1""",170 lbs.,"76.0""",Southpaw,26,10,0,
996,Nate,Diaz,,"6' 0""",170 lbs.,"76.0""",Southpaw,22,13,0,
997,Michael,Diaz,,--,260 lbs.,--,,1,2,0,
998,Ryan,Diaz,,--,145 lbs.,--,,13,14,0,
999,Adrian,Diaz,,"5' 10""",145 lbs.,--,Southpaw,11,4,1,
1000,Ozzy,Diaz,,"6' 4""",185 lbs.,"79.0""",Orthodox,10,4,0,
1001,Juan,Diaz,Pegajoso,"5' 8""",135 lbs.,"69.0""",Orthodox,16,1,1,
1002,Mark,Dickman,Tricky,"5' 9""",145 lbs.,--,,11,3,0,
1003,Josh,Diekmann,The Freight Train,"5' 4""",246 lbs.,--,,15,8,0,
1004,Kyle,Dietz,,"5' 8""",135 lbs.,--,Orthodox,5,2,0,
1005,Seth,Dikun,,"5' 10""",135 lbs.,"69.0""",Orthodox,9,8,0,
1006,TJ,Dillashaw,,"5' 6""",135 lbs.,"67.0""",Orthodox,18,5,0,
1007,Ralph,Dillon,Rage,"6' 2""",205 lbs.,--,Orthodox,0,2,1,
1008,Drew,Dimanlig,,--,185 lbs.,--,,3,4,0,
1009,Ding,Meng,,"6' 2""",170 lbs.,"73.0""",Orthodox,35,11,0,
1010,Rodolfo Marques,Diniz,,"5' 6""",135 lbs.,--,,23,9,1,
1011,Jhonata,Diniz,,"6' 4""",254 lbs.,"79.0""",Orthodox,9,2,0,
1012,Adama,Diop,Blinde,--,--,--,,6,1,0,
1013,Helio,Dipp,,"6' 5""",185 lbs.,--,Orthodox,6,3,0,
1014,Rico,DiSciullo,,"5' 8""",135 lbs.,--,Orthodox,9,2,0,
1015,Matt,Dixon,Magic,"5' 10""",170 lbs.,"75.0""",Switch,9,1,0,
1016,John,Dixson,Big John,"6' 0""",275 lbs.,--,Orthodox,15,22,0,
1017,Anthony,Do,,"5' 4""",125 lbs.,--,,4,2,0,
1018,Russell,Doane,,"5' 7""",135 lbs.,"70.0""",Orthodox,15,8,0,
1019,Drew,Dober,,"5' 8""",155 lbs.,"70.0""",Southpaw,29,15,0,
1020,Shana,Dobson,Danger,"5' 6""",125 lbs.,"69.0""",Orthodox,4,5,0,
1021,AJ,Dobson,,"6' 1""",185 lbs.,"76.0""",Orthodox,7,3,0,
1022,David,Dodd,,"6' 2""",200 lbs.,--,Orthodox,4,7,0,
1023,John,Dodson,The Magician,"5' 3""",135 lbs.,"66.0""",Orthodox,22,12,0,
1024,Joe,Doerksen,El Dirte,"6' 0""",185 lbs.,"75.0""",Orthodox,51,16,0,
1025,Mike,Dolce,Skull Cracker,"5' 11""",185 lbs.,--,,5,10,0,
1026,Roman,Dolidze,,"6' 2""",185 lbs.,"76.0""",Orthodox,15,6,0,
1027,Cameron,Dollar,,"5' 11""",155 lbs.,--,Orthodox,11,5,0,
1028,CB,Dollaway,The Doberman,"6' 2""",185 lbs.,"76.0""",Orthodox,17,9,0,
1029,Dennis,Dombrow,,--,145 lbs.,--,,7,5,0,
1030,OJ,Dominguez,,--,--,--,,0,1,0,
1031,John,Donaldson,J.T.,"5' 8""",145 lbs.,--,,2,2,0,
1032,Daniil,Donchenko,,"5' 11""",170 lbs.,"71.0""",Orthodox,16,2,0,
1033,Dong,Huaxiang,,"5' 3""",115 lbs.,"62.0""",Switch,14,4,0,
1034,Cody,Donovan,Donnybrook,"6' 3""",205 lbs.,"74.0""",Orthodox,8,5,0,
1035,Houston,Dorr,,"6' 1""",210 lbs.,--,Orthodox,1,2,0,
1036,Stan,Dorsainvil,The Drill,"5' 9""",155 lbs.,"76.0""",Orthodox,6,0,0,
1037,Rafael,Dos Anjos,,"5' 8""",155 lbs.,"70.0""",Southpaw,32,17,0,
1038,Junior,Dos Santos,Cigano,"6' 4""",238 lbs.,"77.0""",Orthodox,21,9,0,
1039,Geronimo,dos Santos,Mondragon,"6' 3""",264 lbs.,--,Orthodox,39,19,0,
1040,Antonio,Dos Santos,Junior Alpha,"5' 10""",185 lbs.,--,Orthodox,6,4,0,
1041,Anderson,Dos Santos,Berinja,"5' 5""",135 lbs.,"70.0""",Orthodox,21,9,0,
1042,Acacio,Dos Santos,Pequeno,"6' 4""",205 lbs.,"79.0""",Orthodox,14,5,0,
1043,Rayanne,dos Santos,,"5' 2""",115 lbs.,"62.0""",Orthodox,14,9,0,
1044,Felipe,dos Santos,Lipe Detona,"5' 7""",125 lbs.,"70.0""",Orthodox,8,3,0,
1045,Tiago,dos Santos e Silva,Trator,"5' 9""",145 lbs.,"70.0""",Orthodox,20,7,2,
1046,Oleksandr,Doskalchuk,,"5' 6""",125 lbs.,--,Southpaw,10,2,0,
1047,David,Douglas,Tarzan,"5' 11""",155 lbs.,--,,9,7,0,
1048,Damion,Douglas,,--,170 lbs.,--,,4,1,0,
1049,Lerryan,Douglas,Gunslinger,"5' 9""",145 lbs.,"72.0""",Orthodox,14,6,0,
1050,Cedric,Doumbe,,"5' 10""",170 lbs.,--,,2,0,0,
1051,John,Dowdy,,--,--,--,,0,1,0,
1052,Jordan,Dowdy,,--,170 lbs.,--,,4,3,0,
1053,Danny,Downes,,"6' 0""",155 lbs.,"72.0""",Orthodox,8,3,0,
1054,Derek,Downey,,"6' 1""",185 lbs.,--,Orthodox,11,4,0,
1055,John,Doyle,The Iron Bull,"5' 11""",205 lbs.,--,Orthodox,11,22,0,
1056,Edson,Drago,,"6' 4""",220 lbs.,--,Orthodox,11,7,0,
1057,Jimmy,Drago,,"5' 10""",170 lbs.,"71.0""",Orthodox,7,3,0,
1058,Anthony,Drilich,,"5' 5""",125 lbs.,"65.0""",Southpaw,8,2,0,
1059,Kyle,Driscoll,KD,"5' 11""",145 lbs.,"74.0""",Orthodox,12,3,0,
1060,Chris,Drumm,,"5' 8""",145 lbs.,--,,0,1,0,
1061,Tomasz,Drwal,Gorilla,"6' 1""",205 lbs.,"76.0""",Orthodox,21,5,1,
1062,Robert,Drysdale,,"6' 3""",205 lbs.,--,Orthodox,7,0,0,
1063,Dricus,Du Plessis,Stillknocks,"6' 1""",185 lbs.,"76.0""",Switch,24,3,0,
1064,Hugo,Duarte,,"6' 0""",240 lbs.,--,Orthodox,6,3,0,
1065,Antonio,Duarte,Tigre,"5' 7""",135 lbs.,--,,19,7,0,
1066,Joe,Duarte,,--,155 lbs.,--,,10,4,0,
1067,Yuneisy,Duben,,"5' 4""",125 lbs.,"65.0""",Orthodox,6,2,0,
1068,Matthieu,Duclos,,"6' 3""",185 lbs.,"76.0""",Orthodox,11,3,0,
1069,Emily,Ducote,Gordinha,"5' 2""",115 lbs.,"63.0""",Orthodox,13,9,0,
1070,Viktoriia,Dudakova,,"5' 5""",115 lbs.,"67.0""",Orthodox,8,2,0,
1071,Milana,Dudieva,,"5' 3""",135 lbs.,--,Orthodox,11,6,0,
1072,Adin,Duenas,,"5' 6""",145 lbs.,--,,6,1,0,
1073,Todd,Duffee,,"6' 3""",260 lbs.,"78.0""",Orthodox,9,3,0,
1074,Joe,Duffy,Irish,"5' 10""",155 lbs.,"73.0""",Orthodox,16,5,0,
1075,Jack,Duffy,The Fury,"5' 7""",125 lbs.,"69.0""",Switch,7,1,0,
1076,Alexis,Dufresne,Sneaky Zebra,"5' 9""",135 lbs.,--,Orthodox,6,3,0,
1077,Jessamyn,Duke,The Gun,"5' 11""",135 lbs.,"73.0""",Orthodox,3,5,0,
1078,Islam,Dulatov,The Ripper,"6' 3""",170 lbs.,"75.0""",Orthodox,12,1,0,
1079,Isaac,Dulgarian,The Midwest Choppa,"5' 7""",145 lbs.,"71.0""",Orthodox,7,2,0,
1080,Kelly,Dullanty,Psycho,"5' 8""",155 lbs.,--,Orthodox,4,2,0,
1081,Sedriques,Dumas,The Reaper,"6' 2""",185 lbs.,"79.0""",Orthodox,10,5,0,
1082,Norma,Dumont,The Immortal,"5' 7""",135 lbs.,"67.0""",Orthodox,13,3,0,
1083,Chris,Duncan,The Problem,"5' 10""",155 lbs.,"71.0""",Orthodox,15,3,0,
1084,Christian Leroy,Duncan,CLD,"6' 2""",185 lbs.,"79.0""",Switch,15,2,0,
1085,Evan,Dunham,,"5' 10""",155 lbs.,"70.0""",Southpaw,18,9,1,
1086,Alex,Dunworth,,"5' 8""",155 lbs.,--,,2,2,0,
1087,Tom,Duquesnoy,Fire Kid,"5' 7""",135 lbs.,"68.0""",Orthodox,16,2,0,
1088,Albert,Duraev,,"5' 11""",185 lbs.,"75.0""",Orthodox,16,5,0,
1089,Reuben,Duran,,"5' 7""",135 lbs.,"71.0""",Orthodox,11,7,1,
1090,Cody,Durden,Custom Made,"5' 7""",125 lbs.,"67.0""",Southpaw,18,11,1,
1091,Luiz,Dutra,Besouro,"5' 11""",170 lbs.,--,Orthodox,13,6,1,
1092,Rilley,Dutro,,"5' 8""",125 lbs.,--,Orthodox,11,4,0,
1093,Bill,Duvall,,"6' 2""",185 lbs.,--,Southpaw,1,2,0,
1094,Merab,Dvalishvili,The Machine,"5' 6""",135 lbs.,"68.0""",Orthodox,21,5,0,
1095,David,Dvorak,Undertaker,"5' 5""",125 lbs.,"68.0""",Orthodox,20,6,0,
1096,Matt,Dwyer,,"6' 4""",170 lbs.,"76.0""",Orthodox,9,4,0,
1097,Rolando,Dy,Dy Incredible,"5' 8""",145 lbs.,"69.0""",Orthodox,9,7,1,
1098,Shanelle,Dyer,The Nightmare,"5' 6""",115 lbs.,"65.0""",Orthodox,8,1,0,
1099,Ben,Earwood,,"5' 8""",170 lbs.,--,Orthodox,12,3,0,
1100,Cody,East,The Freight Train,"6' 3""",245 lbs.,--,Orthodox,12,3,0,
1101,Marvin,Eastman,The Beastman,"5' 9""",185 lbs.,"73.0""",Orthodox,18,15,1,
1102,Mike,Easton,The Hulk,"5' 6""",135 lbs.,"70.0""",Southpaw,13,6,0,
1103,Maurice,Eazel,,"5' 7""",135 lbs.,--,,7,15,0,
1104,Vincent,Eazelle,The Real Deal,"5' 11""",155 lbs.,--,,9,2,0,
1105,Ross,Ebanez,The Boss,"5' 9""",154 lbs.,--,Southpaw,20,10,0,
1106,Brian,Ebersole,Bad Boy,"6' 0""",170 lbs.,"73.0""",Southpaw,51,18,1,
1107,Roybert,Echeverria,The Unbroken,"5' 5""",125 lbs.,"67.0""",Switch,7,1,0,
1108,Christian,Echols,Vanilla Gorilla,"5' 9""",185 lbs.,"66.0""",Orthodox,8,5,0,
1109,Mark,Eddiva,,"5' 8""",145 lbs.,"68.0""",Orthodox,6,3,0,
1110,Frankie,Edgar,The Answer,"5' 6""",135 lbs.,"68.0""",Orthodox,23,11,1,
1111,Abdul-Kerim,Edilov,,"6' 2""",205 lbs.,--,Orthodox,17,4,0,
1112,Johnny,Eduardo,,"5' 7""",135 lbs.,"71.0""",Orthodox,28,13,0,
1113,Yves,Edwards,,"5' 9""",155 lbs.,"73.0""",Southpaw,42,22,1,
1114,Justin,Edwards,Fast Eddy,"5' 10""",155 lbs.,"70.0""",Orthodox,9,5,0,
1115,Leon,Edwards,Rocky,"6' 2""",170 lbs.,"74.0""",Southpaw,22,6,0,
1116,Te,Edwards,,"5' 8""",155 lbs.,"72.0""",Orthodox,6,3,0,
1117,Adli,Edwards,,--,145 lbs.,--,,4,1,0,
1118,Joselyne,Edwards,La Pantera,"5' 8""",135 lbs.,"70.0""",Orthodox,18,6,0,
1119,Christian,Edwards,Pain,"6' 5""",205 lbs.,"78.0""",Southpaw,8,5,0,
1120,Tom,Egan,,"5' 11""",170 lbs.,--,Orthodox,7,5,0,
1121,Stephanie,Egger,,"5' 6""",135 lbs.,"68.0""",Orthodox,8,5,0,
1122,Justin,Eilers,The Hammer,"6' 1""",235 lbs.,--,Orthodox,19,7,1,
1123,Jon Olav,Einemo,The Viking,"6' 6""",253 lbs.,--,Orthodox,6,3,0,
1124,Per,Eklund,,"5' 10""",155 lbs.,"72.0""",Orthodox,14,5,1,
1125,John,Elam,,--,--,--,,2,0,0,
1126,Evan,Elder,The Phenom,"5' 10""",155 lbs.,"72.0""",Switch,10,2,0,
1127,Billy,Elekana,Son of Susie,"6' 3""",205 lbs.,"77.0""",Southpaw,10,2,0,
1128,John Paul,Elias,,"6' 4""",205 lbs.,--,,3,1,0,
1129,Joao,Elias,Alicate,"5' 3""",125 lbs.,"64.0""",Southpaw,17,4,1,
1130,Saul,Elizondo,,"5' 7""",135 lbs.,--,,6,8,0,
1131,Darren,Elkins,The Damage,"5' 10""",145 lbs.,"71.0""",Orthodox,29,13,0,
1132,Jake,Ellenberger,The Juggernaut,"5' 9""",170 lbs.,"71.0""",Orthodox,31,15,0,
1133,Joe,Ellenberger,Excalibur,"5' 9""",155 lbs.,"72.0""",Orthodox,15,2,0,
1134,Tim,Elliott,,"5' 7""",125 lbs.,"66.0""",Southpaw,23,14,1,
1135,Oban,Elliott,The Welsh Gangster,"6' 0""",170 lbs.,"72.0""",Orthodox,12,5,0,
1136,Ezra,Elliott,,"5' 9""",145 lbs.,"72.0""",Orthodox,8,0,0,
1137,Eddy,Ellis,Fast,"5' 9""",170 lbs.,--,Orthodox,21,16,1,
1138,Lisa,Ellis,,"5' 4""",115 lbs.,--,,15,11,0,
1139,Elisha,Ellison,The Snack Panther,"6' 0""",238 lbs.,"78.0""",Orthodox,5,3,0,
1140,Anna,Elmose,Panda,"5' 3""",115 lbs.,--,Orthodox,3,2,0,
1141,Cameron,Else,Camchida,"5' 9""",135 lbs.,"71.0""",Switch,10,6,0,
1142,Aaron,Ely,The Cyborg,"5' 8""",135 lbs.,--,,5,2,0,
1143,Sovannahry,Em,The Sweet Savage,"5' 4""",135 lbs.,--,,3,1,0,
1144,Ramazan,Emeev,Gorets,"5' 10""",170 lbs.,"76.0""",Southpaw,20,6,0,
1145,Aleksander,Emelianenko,,"6' 6""",255 lbs.,--,Orthodox,23,7,0,
1146,Fedor,Emelianenko,The Last Emperor,"6' 0""",230 lbs.,"74.0""",Orthodox,36,5,0,
1147,Rob,Emerson,The Saint,"5' 9""",155 lbs.,"70.0""",Orthodox,18,12,0,
1148,Jamall,Emmers,Pretty Boy,"5' 10""",145 lbs.,"74.0""",Orthodox,23,8,0,
1149,Josh,Emmett,,"5' 6""",145 lbs.,"70.0""",Orthodox,19,7,0,
1150,Marius,Enache,,"5' 11""",155 lbs.,--,,3,3,0,
1151,Kevin,Engel,The Hitman,"6' 2""",170 lbs.,--,,5,1,0,
1152,Kolton,Englund,White Assassin,"5' 10""",155 lbs.,"69.0""",Orthodox,9,4,0,
1153,Oliver,Enkamp,,"6' 0""",170 lbs.,"77.0""",Switch,7,2,0,
1154,Alex,Enlund,,"5' 10""",145 lbs.,--,Orthodox,14,2,0,
1155,Kenny,Ento,Tha' Dragon,"6' 2""",192 lbs.,--,,14,15,0,
1156,Ian,Entwistle,Enty,"5' 5""",135 lbs.,--,Orthodox,9,3,0,
1157,Andy,Enz,Tank Mode,"6' 3""",185 lbs.,"78.0""",Orthodox,10,4,0,
1158,Won Jin,Eoh,,"5' 7""",160 lbs.,--,Orthodox,5,5,1,
1159,Yuji,Ephoevi-Ga,The Chef,"6' 0""",155 lbs.,"75.0""",Switch,11,1,0,
1160,Josh,Epps,,--,130 lbs.,--,,6,7,0,
1161,Abdellah,Er-Ramy,The Golden Boy,"6' 0""",185 lbs.,"74.0""",Orthodox,7,2,0,
1162,Steve,Erceg,Astroboy,"5' 8""",125 lbs.,"68.0""",Orthodox,14,5,0,
1163,Tom,Erikson,The Big Cat,"6' 3""",280 lbs.,--,Orthodox,9,4,1,
1164,Konstantin,Erokhin,,"5' 11""",230 lbs.,--,Orthodox,9,3,0,
1165,Julian,Erosa,Juicy J,"6' 1""",145 lbs.,"74.0""",Southpaw,31,14,0,
1166,Jarno,Errens,,"5' 11""",145 lbs.,"73.0""",Orthodox,14,6,1,
1167,Ivan,Erslan,,"6' 2""",205 lbs.,"72.0""",Orthodox,15,6,0,
1168,Nick,Ertl,,"5' 9""",155 lbs.,--,,8,6,0,
1169,Chel,Erwin-Davis,The First Sun,"6' 0""",170 lbs.,--,,5,1,0,
1170,Bobby,Escalante,,--,130 lbs.,--,,5,6,0,
1171,Fabrizio,Escarrega,El Cachorro,"5' 9""",155 lbs.,"74.0""",Orthodox,9,2,0,
1172,Eric,Esch,Butterbean,"5' 11""",350 lbs.,--,Orthodox,15,10,1,
1173,Pro,Escobedo,,--,205 lbs.,--,,1,0,0,
1174,Cole,Escovedo,Apache Kid,"5' 7""",135 lbs.,"72.0""",Orthodox,17,9,0,
1175,Efrain,Escudero,Hecho En Mexico,"5' 9""",155 lbs.,"71.0""",Orthodox,28,12,0,
1176,Ian,Escuza,El Especimen,--,145 lbs.,--,,7,0,0,
1177,Evan,Esguerra,,--,145 lbs.,--,,8,7,0,
1178,Carla,Esparza,Cookie Monster,"5' 1""",115 lbs.,"63.0""",Orthodox,20,8,0,
1179,Juan,Espino,El Guapo,"6' 3""",255 lbs.,"80.0""",Orthodox,11,2,0,
1180,Jordan,Espinosa,The Gamer,"5' 6""",125 lbs.,"69.0""",Orthodox,15,9,0,
1181,Jodie,Esquibel,,"5' 1""",115 lbs.,"64.0""",Orthodox,6,6,0,
1182,Rafael,Estevam,Macapa,"5' 8""",135 lbs.,"69.0""",Orthodox,14,1,0,
1183,Achilles,Estremadura,,"5' 10""",155 lbs.,"68.0""",Orthodox,7,1,0,
1184,Shaun,Etchell,The Buzzsaw,"5' 7""",125 lbs.,"68.0""",Switch,7,3,0,
1185,Terry,Etim,,"6' 1""",155 lbs.,"73.0""",Orthodox,16,5,0,
1186,Fred,Ettish,,"6' 0""",180 lbs.,--,Southpaw,1,1,0,
1187,Scott,Ettling,,--,135 lbs.,--,,4,2,0,
1188,Sijara,Eubanks,SarJ,"5' 4""",125 lbs.,"67.0""",Orthodox,8,7,0,
1189,Billy,Evangelista,,"5' 8""",155 lbs.,"68.0""",Orthodox,13,3,0,
1190,Rashad,Evans,Suga,"6' 0""",205 lbs.,"75.0""",Orthodox,19,8,1,
1191,Doug,Evans,,"5' 9""",155 lbs.,--,Orthodox,13,10,0,
1192,Ashlee,Evans-Smith,Rebel Girl,"5' 8""",135 lbs.,"67.0""",Orthodox,6,6,0,
1193,Dan,Evensen,The Viking,"6' 3""",250 lbs.,--,Orthodox,11,4,0,
1194,Salhahuddin,Everett,,--,185 lbs.,--,,4,0,0,
1195,Tonya,Evinger,Triple Threat,"5' 7""",135 lbs.,"70.0""",Orthodox,19,8,0,
1196,Movsar,Evloev,,"5' 7""",145 lbs.,"72.0""",Orthodox,20,0,0,
1197,Andre,Ewell,Mr. Highlight,"5' 8""",145 lbs.,"75.0""",Southpaw,17,9,0,
1198,Chris,Ewert,El Tanke,"6' 0""",185 lbs.,"75.0""",Orthodox,7,1,0,
1199,Neal,Ewing,,--,185 lbs.,--,,6,0,0,
1200,Ethyn,Ewing,The Professor Finesser,"5' 6""",135 lbs.,"69.0""",Orthodox,10,2,0,
1201,Manuel,Exposito,,"5' 7""",145 lbs.,"68.0""",Orthodox,13,3,0,
1202,Jessica,Eye,Evil,"5' 6""",125 lbs.,"66.0""",Orthodox,15,11,0,
1203,Edward,Faaloloto,,--,155 lbs.,"70.0""",Orthodox,2,5,0,
1204,Urijah,Faber,The California Kid,"5' 6""",135 lbs.,"67.0""",Orthodox,35,11,0,
1205,Melinda,Fabian,,"5' 6""",125 lbs.,"66.0""",Orthodox,4,4,2,
1206,Wagnney,Fabiano,The Silencer,"5' 6""",145 lbs.,"69.0""",Southpaw,16,4,0,
1207,Bartosz,Fabinski,The Butcher,"6' 0""",170 lbs.,"75.0""",Orthodox,15,5,0,
1208,Ron,Faircloth,,"5' 9""",205 lbs.,--,Orthodox,33,20,0,
1209,Jason,Fairn,,"6' 1""",230 lbs.,--,,4,5,0,
1210,Zarah,Fairn,Infinite,"5' 8""",135 lbs.,"72.0""",Orthodox,6,6,0,
1211,Rinat,Fakhretdinov,Gladiator,"6' 0""",170 lbs.,"74.0""",Orthodox,24,1,1,
1212,Maiquel,Falcao,Big Rig,"5' 11""",185 lbs.,--,Orthodox,37,10,0,
1213,Pedro,Falcao,Pedrinho,"5' 6""",135 lbs.,"66.0""",Orthodox,16,5,0,
1214,Brodie,Farber,,"6' 1""",170 lbs.,--,Orthodox,16,7,0,
1215,Joao Paulo,Faria,,"5' 9""",155 lbs.,--,,1,1,0,
1216,Kalindra,Faria,,"5' 7""",125 lbs.,--,Switch,18,8,1,
1217,Jair,Farias,Chosen,"6' 1""",145 lbs.,"76.0""",Orthodox,10,1,0,
1218,Chance,Farrar,,"5' 9""",145 lbs.,--,Southpaw,8,3,0,
1219,Rico,Farrington,The Triggerman,"6' 4""",170 lbs.,"79.0""",Southpaw,7,3,0,
1220,Kelly,Faszholz,,"5' 8""",135 lbs.,--,Orthodox,4,2,0,
1221,Rodney,Faverus,,"6' 0""",215 lbs.,--,Southpaw,25,20,3,
1222,Namo,Fazil,The Grandson of Saladin,"5' 11""",170 lbs.,"71.0""",Orthodox,10,2,0,
1223,Paul,Felder,The Irish Dragon,"5' 11""",155 lbs.,"70.0""",Orthodox,17,6,0,
1224,Carlos,Felipe,Boi,"6' 0""",245 lbs.,"75.0""",Orthodox,11,2,0,
1225,JP,Felty,,--,170 lbs.,--,,4,5,0,
1226,Feng,Pengchao,,--,135 lbs.,--,,15,9,1,
1227,Feng,Xiaocan,Little Flower,"5' 6""",115 lbs.,"67.0""",Southpaw,11,5,0,
1228,Kevin,Ferguson,Kimbo Slice,"6' 2""",235 lbs.,"77.0""",Orthodox,5,2,0,
1229,Rhadi,Ferguson,,"5' 7""",205 lbs.,--,,3,0,0,
1230,Tony,Ferguson,El Cucuy,"5' 11""",170 lbs.,"76.0""",Orthodox,26,11,0,
1231,Josh,Ferguson,Taz,"5' 5""",125 lbs.,--,Orthodox,10,5,0,
1232,CJ,Fernandes,,"6' 2""",170 lbs.,--,,14,8,3,
1233,Bibiano,Fernandes,,"5' 7""",139 lbs.,--,Orthodox,20,3,0,
1234,Gabriella,Fernandes,Gabi,"5' 6""",125 lbs.,"66.0""",Southpaw,11,4,0,
1235,Kaue,Fernandes,,"5' 9""",155 lbs.,"73.0""",Orthodox,11,3,0,
1236,Emily,Fernandez,,--,--,--,,0,0,0,
1237,Luke,Fernandez,,"6' 1""",205 lbs.,"76.0""",Orthodox,6,1,0,
1238,Lucas,Fernando,,"6' 3""",205 lbs.,"80.0""",Orthodox,14,3,0,
1239,Alexandre,Ferreira,Cacareco,"5' 7""",205 lbs.,--,Orthodox,18,6,0,
1240,Cezar,Ferreira,Mutante,"6' 1""",185 lbs.,"78.0""",Southpaw,13,8,0,
1241,Diego,Ferreira,,"5' 9""",155 lbs.,"74.0""",Orthodox,20,7,0,
1242,Erisson,Ferreira,Gato,"5' 6""",125 lbs.,"70.0""",Orthodox,12,2,0,
1243,Brunno,Ferreira,The Hulk,"5' 10""",185 lbs.,"72.0""",Orthodox,15,4,0,
1244,Scott,Ferrozzo,The Pitbull,"5' 11""",323 lbs.,--,Orthodox,4,2,0,
1245,Timo,Feucht,,"6' 3""",205 lbs.,"79.0""",Orthodox,8,1,0,
1246,Andre,Fialho,,"6' 0""",170 lbs.,"74.0""",Orthodox,16,8,0,
1247,Drew,Fickett,The Master,"5' 10""",155 lbs.,"70.0""",Orthodox,42,21,0,
1248,Scott,Fiedler,,"6' 4""",235 lbs.,--,Orthodox,0,1,0,
1249,Ron,Fields,Killing,"6' 2""",200 lbs.,--,Orthodox,28,32,1,
1250,Michal,Figlak,Mad Dog,"5' 10""",155 lbs.,"70.0""",Orthodox,8,2,0,
1251,Deiveson,Figueiredo,Deus da Guerra,"5' 5""",135 lbs.,"68.0""",Orthodox,25,7,1,
1252,Francisco,Figueiredo,Sniper,"5' 6""",125 lbs.,"68.0""",Southpaw,13,5,1,
1253,Anthony,Figueroa,,"5' 4""",135 lbs.,--,Orthodox,11,8,1,
1254,Edwin,Figueroa,El Feroz,"5' 7""",135 lbs.,"69.0""",Orthodox,9,5,0,
1255,Jonathan,Figueroa,El Picante,--,185 lbs.,--,,16,1,0,
1256,Anthony,Figueroa,,--,155 lbs.,--,,9,1,0,
1257,Paulo,Filho,,"5' 8""",185 lbs.,--,Southpaw,23,6,3,
1258,Jafel,Filho,Pastor,"5' 7""",125 lbs.,"68.0""",Orthodox,17,5,0,
1259,Andre,Fili,Touchy,"5' 11""",145 lbs.,"74.0""",Orthodox,25,14,0,
1260,Mirko,Filipovic,Cro Cop,"6' 2""",230 lbs.,"73.0""",Southpaw,35,11,2,
1261,Brady,Fink,,"6' 0""",183 lbs.,--,Orthodox,2,3,0,
1262,Jesse,Finney,,"6' 0""",170 lbs.,--,,5,1,0,
1263,Jan,Finney,Cuddles,"5' 8""",135 lbs.,--,Orthodox,11,12,0,
1264,Torrez,Finney,The Punisher,"5' 8""",185 lbs.,"75.0""",Orthodox,11,1,0,
1265,Luigi,Fioravanti,,"5' 8""",170 lbs.,"70.0""",Orthodox,26,15,0,
1266,Nick,Fiore,,"5' 10""",155 lbs.,"72.0""",Orthodox,6,2,0,
1267,Manon,Fiorot,The Beast,"5' 7""",125 lbs.,"65.0""",Orthodox,13,3,0,
1268,Luiz,Firmino,Buscape,"5' 6""",154 lbs.,--,Orthodox,19,8,0,
1269,Spencer,Fisher,The King,"5' 7""",155 lbs.,"68.0""",Southpaw,24,9,0,
1270,Chris,Fishgold,,"5' 8""",145 lbs.,"68.0""",Orthodox,18,4,1,
1271,Bryanna,Fissori,,"5' 4""",145 lbs.,--,,2,4,0,
1272,Jon,Fitch,,"6' 0""",170 lbs.,"74.0""",Orthodox,30,7,1,
1273,Isi,Fitikefu,Doxz,"5' 10""",205 lbs.,--,,6,0,0,
1274,Rafael,Fiziev,Ataman,"5' 8""",155 lbs.,"71.0""",Switch,14,5,0,
1275,Colin,Fletcher,The Freakshow,"6' 2""",155 lbs.,--,Orthodox,14,8,0,
1276,AJ,Fletcher,The Ghost,"5' 10""",170 lbs.,"67.0""",Switch,10,3,0,
1277,Nathan,Fletcher,,"5' 7""",135 lbs.,"70.0""",Orthodox,9,3,0,
1278,Jimmy,Flick,The Brick,"5' 7""",125 lbs.,"68.0""",Orthodox,17,9,0,
1279,Luke,Flores,,"6' 0""",155 lbs.,"73.0""",Southpaw,9,2,0,
1280,Ty,Flores,Big Medicine,"6' 3""",205 lbs.,"73.0""",Switch,7,3,0,
1281,Alejandro,Flores,El Gallito,"5' 10""",145 lbs.,"73.0""",Orthodox,17,3,0,
1282,Kenny,Florian,KenFlo,"5' 10""",145 lbs.,"74.0""",Southpaw,14,6,0,
1283,Darrius,Flowers,Beast Mode,"5' 9""",155 lbs.,"71.0""",Orthodox,13,9,1,
1284,Cody,Floyd,,--,--,--,,2,0,0,
1285,Bobby,Flynn,,--,170 lbs.,--,,6,4,0,
1286,Caros,Fodor,The Future,"5' 9""",155 lbs.,"74.0""",Orthodox,11,6,0,
1287,Mal,Foki,Twin Tiger,"5' 7""",220 lbs.,--,Orthodox,5,5,0,
1288,Matt,Foki,Twin Tiger,"5' 7""",220 lbs.,--,Orthodox,5,4,0,
1289,AJ,Fonseca,,"5' 4""",145 lbs.,--,,5,4,0,
1290,Rob,Font,,"5' 8""",135 lbs.,"71.0""",Orthodox,22,10,0,
1291,Claudionor,Fontinelle,,"5' 5""",185 lbs.,--,Orthodox,10,15,1,
1292,Jesse,Forbes,Kid Hercules,"6' 2""",185 lbs.,"75.0""",Southpaw,15,5,0,
1293,Sterling,Ford,,"5' 10""",155 lbs.,--,,15,7,0,
1294,Codale,Ford,Crunch Time,"5' 9""",170 lbs.,--,,11,9,0,
1295,Raheam,Forest,Rambo,"5' 11""",170 lbs.,"73.0""",Switch,7,2,0,
1296,Jussier,Formiga,,"5' 5""",125 lbs.,"67.0""",Orthodox,23,8,0,
1297,Carol,Foro,Anabelle,"5' 2""",115 lbs.,"61.0""",Orthodox,10,1,0,
1298,Renee,Forte,,"5' 7""",155 lbs.,"71.0""",Orthodox,8,4,0,
1299,Brianna,Fortino,The Bull,"5' 0""",115 lbs.,"62.0""",Southpaw,9,3,0,
1300,Marcel,Fortuna,,"6' 1""",205 lbs.,"74.0""",Orthodox,9,3,0,
1301,Tyrell,Fortune,,"6' 3""",259 lbs.,"75.0""",Orthodox,18,4,0,
1302,Brian,Foster,The Foster Boy,"5' 9""",170 lbs.,"71.0""",Orthodox,27,10,0,
1303,Xavier,Foupa-Pokam,Professor X,"6' 1""",185 lbs.,--,Open Stance,32,22,0,
1304,Mason,Fowler,,"5' 11""",170 lbs.,--,,2,0,0,
1305,Brandon,Foxworth,,"5' 11""",145 lbs.,--,Orthodox,18,4,0,
1306,Hermes,Franca,,"5' 6""",155 lbs.,"71.0""",Orthodox,24,17,0,
1307,Glaico,Franca Moreira,Nego,"6' 0""",155 lbs.,"77.0""",Orthodox,15,5,0,
1308,Francisco,France,Kiko,"6' 0""",205 lbs.,--,,13,5,1,
1309,John,Franchi,,"5' 6""",145 lbs.,"67.0""",Orthodox,6,2,0,
1310,Luis,Francischinelli,,--,170 lbs.,--,,6,1,0,
1311,Felipe,Franco,,"6' 1""",205 lbs.,"76.0""",Orthodox,11,2,0,
1312,Rich,Franklin,Ace,"6' 1""",185 lbs.,"76.0""",Southpaw,29,7,0,
1313,Xavier,Franklin,Mr. Benjamin,"5' 6""",135 lbs.,"66.0""",Southpaw,5,1,0,
1314,Zoila,Frausto,Warrior Princess,"5' 4""",135 lbs.,--,Orthodox,13,5,0,
1315,Stephanie,Frausto,Lil Bovy,"5' 2""",115 lbs.,"61.0""",Orthodox,8,7,0,
1316,Zane,Frazier,Nasty,"6' 5""",250 lbs.,--,Orthodox,4,11,0,
1317,Gary,Frazier,,"6' 0""",245 lbs.,--,Orthodox,3,3,0,
1318,Justin,Frazier,The Grizzly Bear,"6' 0""",265 lbs.,"75.0""",Southpaw,10,3,0,
1319,Ian,Freeman,The Machine,"5' 11""",225 lbs.,--,Orthodox,20,7,1,
1320,Jason,Freeman,,"6' 2""",225 lbs.,--,,6,4,0,
1321,Kennedy,Freeman,The Machine 2.0,--,125 lbs.,--,,6,0,0,
1322,Denzel,Freeman,Luke Fox,"6' 1""",265 lbs.,"77.0""",Southpaw,7,2,0,
1323,Willamy,Freire,Chiquerim,"5' 8""",155 lbs.,--,Orthodox,26,6,0,
1324,Patricky,Freire,Pitbull,"5' 7""",155 lbs.,"71.0""",,17,8,0,
1325,Jeremy,Freitag,,"6' 1""",205 lbs.,--,,6,10,0,
1326,Rafael,Freitas,Capoeira,--,205 lbs.,--,Orthodox,3,6,0,
1327,Donavon,Frelow,,"5' 7""",135 lbs.,--,Orthodox,6,3,0,
1328,Josh,Fremd,,"6' 4""",185 lbs.,"76.0""",Orthodox,11,6,0,
1329,Clay,French,,"5' 7""",161 lbs.,--,Southpaw,19,7,0,
1330,Mike,French,,"5' 10""",145 lbs.,--,,9,10,0,
1331,Matt,Frevola,The SteamRolla,"5' 9""",155 lbs.,"71.0""",Orthodox,11,6,1,
1332,Jinh Yu,Frey,,"5' 3""",115 lbs.,"65.0""",Southpaw,11,10,0,
1333,Artem,Frolov,,"5' 10""",185 lbs.,--,,11,0,0,
1334,Sarah,Frota,A Treta,"5' 6""",125 lbs.,"69.0""",Southpaw,9,2,0,
1335,Daniel,Frunza,,"6' 1""",170 lbs.,"73.0""",Orthodox,9,4,0,
1336,Don,Frye,The Predator,"6' 1""",219 lbs.,--,Orthodox,20,9,1,
1337,Allen,Frye Jr.,,"6' 5""",265 lbs.,"80.0""",Orthodox,6,1,0,
1338,Tony,Fryklund,The Freak,"6' 0""",185 lbs.,--,Orthodox,14,9,1,
1339,Adam,Fugitt,,"6' 1""",170 lbs.,"77.0""",Southpaw,10,6,0,
1340,Jesse,Fujarczyk,The Ronin,"6' 4""",225 lbs.,--,Southpaw,2,2,0,
1341,Katsuhisa,Fujii,Shamoji,"6' 0""",205 lbs.,--,Orthodox,9,18,1,
1342,Megumi,Fujii,Mega Megu,"5' 3""",113 lbs.,--,,26,3,0,
1343,Kazuyuki,Fujita,Ironhead,"6' 0""",235 lbs.,--,Orthodox,15,12,0,
1344,Keisuke,Fujiwara,,"5' 6""",139 lbs.,--,Switch,17,12,5,
1345,Riki,Fukuda,,"6' 0""",185 lbs.,"73.0""",Southpaw,24,9,0,
1346,Machi,Fukuda,Kakutou Komachi,"5' 0""",115 lbs.,"61.0""",Southpaw,11,3,0,
1347,Masio,Fullen,Lobo,"5' 10""",145 lbs.,"70.0""",Orthodox,11,7,0,
1348,Travis,Fulton,The Ironman,"6' 0""",240 lbs.,--,Orthodox,253,53,10,
1349,Sam,Fulton,,--,--,--,,0,2,0,
1350,Masakatsu,Funaki,,"6' 0""",185 lbs.,--,Southpaw,39,13,2,
1351,Ricardo,Funch,Golden Boy,"5' 10""",170 lbs.,"74.0""",Southpaw,9,6,0,
1352,Katsuaki,Furuki,,"6' 0""",168 lbs.,--,,1,1,0,
1353,James,Gabert,,--,178 lbs.,--,,6,4,0,
1354,Gustavo,Gabriel,,"5' 6""",125 lbs.,--,Orthodox,13,1,0,
1355,Claudia,Gadelha,Claudinha,"5' 4""",115 lbs.,"63.0""",Orthodox,18,5,0,
1356,Alavutdin,Gadjiev,,"6' 2""",185 lbs.,--,Orthodox,18,13,1,
1357,Magomed,Gadzhiyasulov,,"6' 2""",205 lbs.,"75.0""",Orthodox,9,1,0,
1358,Justin,Gaethje,The Highlight,"5' 11""",155 lbs.,"70.0""",Orthodox,28,5,0,
1359,Sheila,Gaff,The German Tank,"5' 5""",135 lbs.,--,Orthodox,9,7,0,
1360,Muin,Gafurov,Tajik,"5' 7""",135 lbs.,"68.0""",Orthodox,20,7,0,
1361,Mitch,Gagnon,,"5' 5""",135 lbs.,"65.0""",Southpaw,12,5,0,
1362,Brandon,Gaines,,"6' 3""",185 lbs.,--,,5,21,0,
1363,Nicholas,Galanti,,"6' 1""",185 lbs.,"75.0""",Southpaw,8,1,0,
1364,Travis,Galbraith,The Gladiator,"6' 0""",170 lbs.,--,Orthodox,18,7,0,
1365,Dave,Galera,Scarecrow,"5' 11""",135 lbs.,--,Orthodox,5,1,0,
1366,Zelg,Galesic,Benkei,"6' 2""",185 lbs.,--,Orthodox,11,9,0,
1367,Mickey,Gall,,"6' 2""",170 lbs.,"74.0""",Switch,7,7,0,
1368,Daniel,Gallemore,Big Kansas,"6' 5""",265 lbs.,--,,7,3,0,
1369,Tom,Gallicchio,Da Tank,"5' 10""",170 lbs.,--,Southpaw,19,10,0,
1370,Turrell,Galloway,,"5' 3""",145 lbs.,--,,8,6,0,
1371,Eric,Galvan,,--,155 lbs.,--,,0,0,0,
1372,Andre,Galvao,,"5' 7""",168 lbs.,--,Orthodox,5,2,0,
1373,Marcos,Galvao,Loro,"5' 7""",135 lbs.,--,Orthodox,18,8,1,
1374,Lucas,Gamaza,,--,170 lbs.,--,,8,4,0,
1375,Joey,Gambino,The Raging Warrior,"5' 7""",145 lbs.,--,Orthodox,9,2,0,
1376,Manvel,Gamburyan,The Anvil,"5' 5""",135 lbs.,"67.0""",Orthodox,15,10,0,
1377,Mateusz,Gamrot,Gamer,"5' 10""",155 lbs.,"70.0""",Southpaw,26,5,0,
1378,Shamil,Gamzatov,,"6' 2""",205 lbs.,"76.0""",Orthodox,14,1,0,
1379,Ryan,Gandra,Problema,"6' 1""",185 lbs.,"74.0""",Orthodox,10,1,0,
1380,Ariel,Gandulla,,"5' 11""",205 lbs.,--,Orthodox,7,9,0,
1381,Ciryl,Gane,Bon Gamin,"6' 4""",247 lbs.,"81.0""",Orthodox,14,2,0,
1382,Sean,Gannon,The Cannon,"6' 3""",265 lbs.,--,Southpaw,2,1,0,
1383,Tommy,Gantt,,"5' 11""",155 lbs.,"76.0""",Orthodox,13,0,0,
1384,Junye,Gao,,--,125 lbs.,--,,19,12,0,
1385,Eduardo,Garagorri,,"5' 9""",145 lbs.,"70.0""",Orthodox,13,2,0,
1386,Cody,Garbrandt,No Love,"5' 8""",135 lbs.,"65.0""",Orthodox,15,8,0,
1387,Leonard,Garcia,Bad Boy,"5' 10""",145 lbs.,"68.0""",Orthodox,18,13,1,
1388,Edgar,Garcia,,"5' 10""",170 lbs.,"71.0""",Orthodox,14,5,0,
1389,Alejandro,Garcia,Alex,"5' 7""",145 lbs.,--,,14,10,0,
1390,Alex,Garcia,The Dominican Nightmare,"5' 9""",170 lbs.,"72.0""",Orthodox,15,6,0,
1391,Nick,Garcia,Nitro,"5' 4""",125 lbs.,--,,8,3,0,
1392,Steve,Garcia,Mean Machine,"6' 0""",145 lbs.,"75.0""",Southpaw,19,6,0,
1393,Elias,Garcia,,"5' 5""",125 lbs.,"67.0""",Southpaw,6,2,0,
1394,Rafa,Garcia,Gifted,"5' 7""",155 lbs.,"70.0""",Orthodox,19,5,0,
1395,Fernie,Garcia,,"5' 7""",135 lbs.,"67.0""",Orthodox,10,5,0,
1396,Rulon,Gardner,,"6' 3""",265 lbs.,--,Orthodox,1,0,0,
1397,David,Gardner,,"5' 11""",155 lbs.,--,Orthodox,18,21,0,
1398,Pablo,Garza,The Scarecrow,"6' 1""",145 lbs.,"73.0""",Orthodox,12,4,0,
1399,John,Garza,Mowgli,"5' 7""",135 lbs.,"68.0""",Orthodox,6,2,0,
1400,Magomedrasul,Gasanov,,--,170 lbs.,--,,23,2,0,
1401,Azamat,Gashimov,,"5' 6""",125 lbs.,--,Orthodox,8,3,0,
1402,Brian,Gassaway,,"6' 1""",170 lbs.,--,Orthodox,29,20,2,
1403,Kelvin,Gastelum,,"5' 9""",185 lbs.,"71.0""",Southpaw,21,11,0,
1404,Willie,Gates,,"5' 8""",125 lbs.,"72.0""",Orthodox,12,7,0,
1405,Melissa,Gatto,,"5' 5""",125 lbs.,"69.0""",Orthodox,9,3,2,
1406,Sean,Gauci,,"5' 5""",125 lbs.,"64.0""",Switch,10,1,0,
1407,Louis,Gaudinot,Goodnight,"5' 3""",125 lbs.,"63.0""",Orthodox,8,4,0,
1408,Ateba,Gautier,The Storm,"6' 4""",185 lbs.,"81.0""",Switch,11,1,0,
1409,Manuel,Gaxhja,,"5' 8""",155 lbs.,--,Switch,7,0,0,
1410,Shamil,Gaziev,,"6' 4""",265 lbs.,"78.0""",Orthodox,15,3,0,
1411,Charlene,Gellner,Princess,"5' 2""",125 lbs.,--,,0,4,0,
1412,Chad,George,Savage,"5' 6""",135 lbs.,"68.0""",Southpaw,16,8,0,
1413,Paul,Georgieff,,"6' 2""",170 lbs.,--,Orthodox,6,2,0,
1414,Brian,Geraghty,Duke,"5' 7""",155 lbs.,--,Orthodox,26,18,1,
1415,Derek,Getzel,The Pretzel,"6' 0""",155 lbs.,--,,8,5,0,
1416,Karine,Gevorgyan,The Princess,"5' 4""",125 lbs.,"63.0""",,3,3,0,
1417,Yanis,Ghemmouri,The Desert Warrior,"5' 9""",135 lbs.,"69.0""",Orthodox,12,3,0,
1418,Darrel,Gholar,,"5' 8""",194 lbs.,--,Orthodox,5,6,0,
1419,Tiki,Ghosn,,"5' 10""",170 lbs.,--,Orthodox,10,7,1,
1420,Christos,Giagos,The Spartan,"5' 10""",155 lbs.,"71.0""",Orthodox,20,12,0,
1421,Joe,Giannetti,,"6' 0""",155 lbs.,"74.0""",Southpaw,6,1,0,
1422,Nick,Gibbons,,"5' 10""",155 lbs.,--,,2,1,0,
1423,James,Giboo,,"5' 11""",170 lbs.,--,Orthodox,13,5,0,
1424,Lance,Gibson,Fearless,"5' 9""",185 lbs.,--,Orthodox,4,5,0,
1425,Lee,Gibson,Lethal,"5' 7""",155 lbs.,--,,12,4,0,
1426,Cody,Gibson,The Renegade,"5' 10""",135 lbs.,"71.0""",Orthodox,22,13,0,
1427,Chase,Gibson,El Guero,"5' 10""",155 lbs.,"72.0""",Orthodox,9,5,0,
1428,Lance,Gibson Jr.,Fearless,"5' 9""",155 lbs.,"72.0""",Switch,10,2,0,
1429,Kenny,Giddens,,"5' 11""",155 lbs.,--,,12,7,0,
1430,Thomas,Gifford,The Young Lion,"6' 1""",155 lbs.,"75.0""",Orthodox,14,9,0,
1431,Joseph,Gigliotti,Capo,"5' 11""",185 lbs.,--,Orthodox,7,2,0,
1432,Joey,Gilbert,,"5' 11""",155 lbs.,--,Orthodox,2,3,0,
1433,Trevin,Giles,,"6' 0""",170 lbs.,"74.0""",Orthodox,16,7,0,
1434,Kultar,Gill,Black Mamba,"6' 0""",154 lbs.,--,Orthodox,12,8,0,
1435,Jesse,Gillespie,,--,185 lbs.,--,,3,2,0,
1436,Gregor,Gillespie,The Gift,"5' 7""",155 lbs.,"71.0""",Orthodox,14,1,0,
1437,Jason,Gilliam,,"6' 0""",170 lbs.,--,Orthodox,14,9,0,
1438,Micheal,Gillmore,The Gentleman,"5' 11""",170 lbs.,"72.0""",Orthodox,6,5,0,
1439,Krishaun,Gilmore,,--,--,--,,0,1,0,
1440,Alex,Gilpin,,"5' 7""",145 lbs.,--,Orthodox,11,1,0,
1441,Bob,Gilstrap,,"6' 3""",200 lbs.,--,Orthodox,5,7,0,
1442,Max,Gimenis,,"6' 2""",256 lbs.,"75.0""",Orthodox,6,2,0,
1443,Eperaim,Ginting,The Wolfman,"5' 4""",135 lbs.,"64.0""",Orthodox,6,1,0,
1444,Demetrius,Gioulacos,,"5' 11""",185 lbs.,--,,0,1,0,
1445,Billy,Giovanella,Wolverine,"5' 8""",125 lbs.,--,,9,5,0,
1446,He-Man,Gipson,,--,--,--,,1,2,0,
1447,Israel,Giron,El Rojo,"5' 8""",155 lbs.,--,,19,5,0,
1448,Brandon,Girtz,Cold Roll,"5' 7""",155 lbs.,--,,14,7,0,
1449,Jason,Glaza,,"6' 0""",230 lbs.,--,,3,2,0,
1450,Mike,Glenn,,--,205 lbs.,--,,5,6,0,
1451,Ricky,Glenn,The Gladiator,"6' 0""",170 lbs.,"70.0""",Southpaw,22,9,2,
1452,Ivan,Gnizditskiy,,--,205 lbs.,--,,5,0,0,
1453,Mark,Godbeer,The Hand Of,"6' 4""",240 lbs.,"77.0""",Orthodox,13,4,0,
1454,Clint,Godfrey,,"5' 6""",135 lbs.,--,Southpaw,13,3,0,
1455,Loopy,Godinez,,"5' 2""",115 lbs.,"61.0""",Orthodox,14,6,0,
1456,Jason,Godsey,,"6' 2""",230 lbs.,--,Orthodox,16,16,0,
1457,Allan,Goes,,"6' 0""",205 lbs.,--,Orthodox,10,5,2,
1458,Billy Ray,Goff,,"5' 10""",170 lbs.,"72.0""",Switch,9,5,0,
1459,Amiran,Gogoladze,,"6' 1""",170 lbs.,"74.0""",Switch,14,3,0,
1460,Jonny,Goh,,"5' 11""",155 lbs.,--,,3,4,0,
1461,Hannah,Goldy,24K,"5' 4""",115 lbs.,"61.0""",Orthodox,6,4,0,
1462,Marcelo,Golm,,"6' 3""",249 lbs.,"75.0""",Orthodox,6,3,0,
1463,Denise,Gomes,Dee,"5' 2""",115 lbs.,"63.0""",Orthodox,13,3,0,
1464,Apollo,Gomes,,"5' 8""",135 lbs.,"70.0""",Switch,13,2,0,
1465,Sergio,Gomez,,"5' 6""",155 lbs.,--,Orthodox,10,3,0,
1466,Frank,Gomez,,"5' 10""",135 lbs.,"67.0""",Orthodox,10,6,0,
1467,Alan,Gomez,,--,155 lbs.,--,,2,0,0,
1468,David,Gomez,,--,155 lbs.,--,,1,2,0,
1469,Ulysses,Gomez,Useless,"5' 6""",125 lbs.,--,Orthodox,9,5,0,
1470,Joey,Gomez,KO King,"5' 10""",135 lbs.,"73.0""",Orthodox,6,2,0,
1471,Luis,Gomez,Tiger Junior,"5' 7""",145 lbs.,"68.0""",Orthodox,4,1,0,
1472,Joey,Gomez,,"5' 10""",155 lbs.,"71.0""",Orthodox,7,1,0,
1473,Edson,Gomez,,"5' 8""",170 lbs.,"69.0""",Switch,6,2,0,
1474,Silvana,Gomez Juarez,La Malvada,"5' 3""",115 lbs.,"65.0""",Orthodox,11,5,0,
1475,Takanori,Gomi,The Fireball Kid,"5' 7""",155 lbs.,"70.0""",Southpaw,35,14,0,
1476,William,Gomis,Jaguar,"6' 0""",145 lbs.,"73.0""",Southpaw,15,4,0,
1477,Akihiro,Gono,,"5' 7""",170 lbs.,"68.0""",Switch,35,21,8,
1478,Gabriel,Gonzaga,Napao,"6' 2""",242 lbs.,"76.0""",Orthodox,17,11,0,
1479,Justin,Gonzales,J-Train,"5' 9""",145 lbs.,"72.0""",Orthodox,6,0,0,
1480,Fernando,Gonzalez,The Menifee Maniac,"5' 9""",170 lbs.,"68.0""",Southpaw,26,14,0,
1481,Nick,Gonzalez,The Ghost,"5' 6""",155 lbs.,--,Orthodox,17,12,0,
1482,Fabian,Gonzalez,,"5' 10""",135 lbs.,--,,2,1,0,
1483,Lewis,Gonzalez,Lethal,"5' 10""",170 lbs.,--,Orthodox,11,3,0,
1484,Jason,Gonzalez,Nicoya,"6' 2""",155 lbs.,"74.0""",Southpaw,11,5,0,
1485,Pearl,Gonzalez,,"5' 4""",115 lbs.,--,Orthodox,6,3,0,
1486,Jorge,Gonzalez,Street,"6' 2""",205 lbs.,"76.0""",Orthodox,16,4,0,
1487,Mikey,Gonzalez,Rolls,"5' 11""",155 lbs.,"74.0""",Orthodox,7,2,0,
1488,Erick,Gonzalez,The Ghost Pepper,"5' 11""",155 lbs.,"75.0""",Orthodox,14,8,0,
1489,Jennifer,Gonzalez,Jefa,"5' 2""",125 lbs.,--,,13,5,0,
1490,Kier,Gooch,,--,155 lbs.,--,,2,7,0,
1491,Lyman,Good,Cyborg,"6' 0""",170 lbs.,"74.0""",Orthodox,21,6,0,
1492,Jared,Gooden,NiteTrain,"6' 0""",170 lbs.,"77.0""",Orthodox,23,10,0,
1493,Gary,Goodridge,Big Daddy,"6' 3""",249 lbs.,--,Orthodox,23,22,1,
1494,Jordan,Goodwin,,--,155 lbs.,--,,0,0,0,
1495,Gerard,Gordeau,,"6' 5""",216 lbs.,--,Orthodox,2,2,0,
1496,Eddie,Gordon,Truck,"6' 0""",185 lbs.,"76.0""",Orthodox,8,4,0,
1497,Jared,Gordon,Flash,"5' 9""",155 lbs.,"68.0""",Orthodox,21,9,0,
1498,Tebaris,Gordon,Boom,"6' 1""",265 lbs.,--,Orthodox,3,1,0,
1499,Malcolm,Gordon,X,"5' 7""",125 lbs.,"71.0""",Switch,14,8,0,
1500,Tresean,Gore,Mr. Vicious,"6' 0""",185 lbs.,"75.0""",Switch,8,4,0,
1501,Alex,Gorgees,Hitman,"6' 2""",155 lbs.,"74.0""",Switch,6,1,0,
1502,Themba,Gorimbo,Mamba,"6' 1""",170 lbs.,"77.0""",Orthodox,14,7,0,
1503,Tim,Gorman,The Psycho,"5' 5""",135 lbs.,--,Southpaw,9,4,0,
1504,Chase,Gormley,,"6' 3""",265 lbs.,--,Orthodox,14,6,0,
1505,Jonathan,Goulet,The Road Warrior,"6' 0""",170 lbs.,"73.0""",Orthodox,23,12,0,
1506,Thibault,Gouti,GT,"5' 10""",155 lbs.,"72.0""",Orthodox,12,5,0,
1507,Wilson,Gouveia,,"6' 1""",185 lbs.,"76.0""",Orthodox,14,8,0,
1508,Todd,Gouwenberg,,"6' 1""",205 lbs.,--,Orthodox,9,5,0,
1509,Hugo,Govea,,--,--,--,,0,1,0,
1510,Justin,Governale,The Therapist,--,145 lbs.,--,,5,5,0,
1511,Damian,Grabowski,The Polish Pitbull,"6' 1""",241 lbs.,"75.0""",Orthodox,20,5,0,
1512,Patryk,Grabowski,Czapla,--,205 lbs.,--,,5,1,0,
1513,Royce,Gracie,,"6' 1""",175 lbs.,--,Southpaw,15,2,3,
1514,Crosley,Gracie,,"5' 9""",190 lbs.,--,Orthodox,2,2,0,
1515,Daniel,Gracie,,"6' 2""",225 lbs.,--,Orthodox,5,4,1,
1516,Ralph,Gracie,,"5' 9""",183 lbs.,--,Orthodox,6,1,0,
1517,Renzo,Gracie,,"5' 10""",185 lbs.,--,Orthodox,13,7,1,
1518,Rickson,Gracie,,"5' 10""",185 lbs.,--,Switch,11,0,0,
1519,Rodrigo,Gracie,,"6' 0""",183 lbs.,--,Orthodox,6,2,1,
1520,Royler,Gracie,,"5' 8""",150 lbs.,--,Southpaw,5,5,1,
1521,Ryan,Gracie,,"5' 9""",200 lbs.,--,Orthodox,5,2,0,
1522,Ralek,Gracie,,"6' 2""",210 lbs.,--,Orthodox,3,1,0,
1523,Rolles,Gracie,,"6' 4""",242 lbs.,--,Orthodox,8,4,0,
1524,Cesar,Gracie,,"5' 10""",181 lbs.,--,Orthodox,0,1,0,
1525,Roger,Gracie,,"6' 4""",185 lbs.,"79.0""",Orthodox,8,2,0,
1526,Igor,Gracie,,"5' 11""",170 lbs.,--,,5,4,0,
1527,Neiman,Gracie,,"6' 0""",170 lbs.,--,,6,0,0,
1528,Kron,Gracie,,"5' 9""",145 lbs.,"70.0""",Southpaw,5,3,0,
1529,Bogdan,Grad,The Unleashed,"5' 8""",145 lbs.,"70.0""",Orthodox,16,4,0,
1530,Steven,Graham,,"6' 1""",290 lbs.,--,Orthodox,2,1,0,
1531,Scott,Graham,,"6' 4""",185 lbs.,--,Orthodox,3,1,0,
1532,Miranda,Granger,Danger,"5' 7""",115 lbs.,"68.0""",Orthodox,7,3,0,
1533,TJ,Grant,,"5' 10""",155 lbs.,"72.0""",Orthodox,21,5,0,
1534,Davey,Grant,Dangerous,"5' 8""",135 lbs.,"69.0""",Orthodox,18,8,0,
1535,Dwight,Grant,The Body Snatcher,"6' 1""",185 lbs.,"76.0""",Switch,11,6,0,
1536,Alexa,Grasso,,"5' 5""",125 lbs.,"66.0""",Orthodox,18,5,1,
1537,Tony,Gravely,,"5' 5""",135 lbs.,"69.0""",Orthodox,23,9,0,
1538,Michael,Graves,,"5' 10""",170 lbs.,"71.0""",Orthodox,6,0,1,
1539,Shelton,Graves,The Gravedigger,"6' 2""",255 lbs.,"76.0""",Southpaw,7,3,0,
1540,James,Gray,The Phenom,"5' 9""",135 lbs.,--,Orthodox,4,1,0,
1541,Kevin,Gray,Pocket Herc,"5' 4""",125 lbs.,"67.0""",Orthodox,9,4,0,
1542,Sam,Greco,,"6' 2""",205 lbs.,--,Orthodox,3,1,1,
1543,King,Green,,"5' 10""",155 lbs.,"71.0""",Orthodox,36,17,1,
1544,Desmond,Green,The Predator,"5' 10""",155 lbs.,"73.0""",Southpaw,23,8,0,
1545,Gabe,Green,Gifted,"5' 10""",155 lbs.,"73.0""",Switch,12,5,0,
1546,Maurice,Greene,The Crochet Boss,"6' 7""",258 lbs.,"80.0""",Orthodox,9,7,0,
1547,Matt,Grice,The Real One,"5' 8""",145 lbs.,"70.0""",Orthodox,15,5,0,
1548,Forrest,Griffin,,"6' 3""",205 lbs.,"77.0""",Orthodox,19,7,0,
1549,Tyson,Griffin,,"5' 6""",145 lbs.,"68.0""",Orthodox,16,8,0,
1550,Max,Griffin,Pain,"5' 11""",170 lbs.,"76.0""",Orthodox,20,13,0,
1551,Jordan,Griffin,Native Psycho,"5' 10""",145 lbs.,"73.0""",Southpaw,18,9,0,
1552,Chad,Griggs,The Grave Digger,"6' 1""",205 lbs.,"73.0""",Orthodox,11,3,0,
1553,Charalampos,Grigoriou,Ferocious,"5' 7""",135 lbs.,"67.0""",Orthodox,8,5,0,
1554,Chuck,Grigsby,The Reverend,"6' 6""",205 lbs.,--,Orthodox,23,10,0,
1555,Rodrigo,Gripp de Sousa,Riscado,"5' 11""",205 lbs.,--,Orthodox,7,9,0,
1556,Maxim,Grishin,Maximus,"6' 3""",205 lbs.,"78.0""",Orthodox,32,10,2,
1557,Josh,Grispi,The Fluke,"5' 11""",145 lbs.,"74.0""",Orthodox,14,5,0,
1558,Garrett,Gross,,"5' 9""",155 lbs.,--,Orthodox,11,7,0,
1559,Kendall,Grove,Da Spyder,"6' 6""",185 lbs.,"79.0""",Orthodox,23,17,0,
1560,Neil,Grove,Goliath,"6' 6""",265 lbs.,--,Orthodox,12,8,1,
1561,Chris,Gruetzemacher,Gritz,"5' 8""",155 lbs.,"68.0""",Orthodox,15,5,0,
1562,Vik,Grujic,The Spartan,"5' 11""",170 lbs.,"73.0""",Orthodox,6,6,0,
1563,Mike,Grundy,,"5' 7""",145 lbs.,"72.0""",Orthodox,12,4,0,
1564,Wang,Guan,The Dongbei Tiger,"5' 9""",145 lbs.,"71.0""",Orthodox,20,1,1,
1565,Anthony,Guarascio,The Daywalker,"6' 2""",233 lbs.,"72.0""",Orthodox,3,1,0,
1566,Piero,Guaylupo,El Lobo,--,155 lbs.,--,,11,0,0,
1567,Nandor,Guelmino,The Hun,"6' 3""",230 lbs.,--,,11,5,1,
1568,Fabricio,Guerreiro,,"5' 10""",145 lbs.,--,,21,5,0,
1569,Rainn,Guerrero,Purple Rainn,"5' 6""",125 lbs.,"65.0""",Orthodox,5,2,0,
1570,Shannon,Gugerty,,"5' 10""",155 lbs.,"71.0""",Orthodox,15,7,0,
1571,Noah,Gugnon,Guns,"5' 11""",155 lbs.,"71.0""",Orthodox,10,2,0,
1572,Clay,Guida,The Carpenter,"5' 7""",155 lbs.,"70.0""",Orthodox,38,22,0,
1573,Jason,Guida,,"5' 10""",214 lbs.,--,,19,28,0,
1574,Melvin,Guillard,The Young Assassin,"5' 9""",155 lbs.,"71.0""",Orthodox,32,18,2,
1575,Chris,Guillen,,"6' 0""",240 lbs.,--,Orthodox,13,16,0,
1576,Hugo,Guillon,The White Walker,"6' 4""",185 lbs.,"78.0""",Orthodox,7,1,0,
1577,Marcelo,Guimaraes,Magrao,"6' 0""",185 lbs.,"73.0""",Orthodox,9,2,1,
1578,Leonardo,Guimaraes,Leleco,"6' 0""",185 lbs.,--,Orthodox,11,5,0,
1579,Brad,Gumm,,"5' 11""",170 lbs.,--,Orthodox,10,6,1,
1580,John,Gunderson,Quick Guns,"5' 9""",155 lbs.,"69.0""",Orthodox,35,16,2,
1581,John,Gunther,The Machine,"5' 9""",155 lbs.,"72.0""",Orthodox,5,1,0,
1582,Jorge,Gurgel,,"5' 7""",155 lbs.,"69.0""",Orthodox,14,10,0,
1583,Fabio,Gurgel,,"6' 0""",205 lbs.,--,Orthodox,3,2,0,
1584,Luis,Gurule,Grim,"5' 5""",125 lbs.,"64.0""",Orthodox,11,4,0,
1585,Bogdan,Guskov,Hitman,"6' 3""",205 lbs.,"76.0""",Orthodox,18,4,1,
1586,Gugun,Gusman,The Tiger,"5' 7""",135 lbs.,"68.0""",Orthodox,8,4,0,
1587,Andre,Gusmao,,"6' 0""",205 lbs.,--,Orthodox,6,3,0,
1588,Alexander,Gustafsson,The Mauler,"6' 5""",205 lbs.,"79.0""",Orthodox,18,8,0,
1589,Andreas,Gustafsson,Bane,"6' 1""",170 lbs.,"73.0""",Orthodox,12,3,0,
1590,Justin,Guthrie,,"6' 1""",170 lbs.,--,,18,9,0,
1591,Horacio,Gutierrez,The Punisher,"5' 10""",145 lbs.,--,,4,3,0,
1592,Chris,Gutierrez,El Guapo,"5' 9""",135 lbs.,"67.0""",Orthodox,22,7,2,
1593,Mando,Gutierrez,El Toro,"5' 6""",135 lbs.,"70.0""",Southpaw,7,2,0,
1594,Mike,Guymon,The Joker,"6' 0""",170 lbs.,"74.0""",Orthodox,15,6,1,
1595,Chelsea,Hackett,Hammer,"5' 4""",125 lbs.,"66.0""",Switch,3,1,1,
1596,Keith,Hackney,The Giant Killer,"5' 11""",200 lbs.,--,Sideways,2,2,0,
1597,Cody,Haddon,,"5' 7""",135 lbs.,"69.0""",Orthodox,9,1,0,
1598,Jake,Hadley,White Kong,"5' 7""",135 lbs.,"70.0""",Southpaw,11,4,0,
1599,Steve,Hadsel,,"5' 8""",170 lbs.,--,,3,0,0,
1600,Damir,Hadzovic,The Bosnian Bomber,"5' 9""",155 lbs.,"70.0""",Orthodox,14,8,0,
1601,Bassil,Hafez,The Habibi,"5' 11""",170 lbs.,"72.0""",Orthodox,9,4,1,
1602,Tim,Hague,The Trashing Machine,"6' 4""",260 lbs.,"76.0""",Orthodox,21,13,0,
1603,Theo,Haig,,"6' 2""",185 lbs.,"77.0""",Orthodox,6,1,0,
1604,Yazan,Hajeh,Yazzle Dazzle,"5' 9""",145 lbs.,--,Orthodox,6,1,0,
1605,Stoney,Hale,The Skuller,"6' 0""",--,--,,5,3,0,
1606,Kevin,Haley,The North Woods Nightmare,"6' 2""",205 lbs.,--,,6,4,0,
1607,Mark,Hall,,"6' 0""",190 lbs.,--,Orthodox,5,6,0,
1608,Uriah,Hall,Prime Time,"6' 0""",185 lbs.,"79.0""",Orthodox,18,11,0,
1609,Ryan,Hall,The Wizard,"5' 10""",145 lbs.,"70.0""",Southpaw,9,2,0,
1610,Dennis,Hallman,Superman,"5' 9""",155 lbs.,"72.0""",Orthodox,53,20,2,
1611,Piotr,Hallmann,Pletwal,"5' 9""",155 lbs.,"71.0""",Orthodox,18,6,0,
1612,Tony,Halme,,"6' 3""",300 lbs.,--,Orthodox,0,4,0,
1613,Brandon,Halsey,Bull,"6' 0""",185 lbs.,--,,9,3,0,
1614,John,Halverson,The Hurricane,"5' 9""",155 lbs.,--,Southpaw,16,8,0,
1615,Seo Hee,Ham,,"5' 2""",115 lbs.,"62.0""",Southpaw,17,8,0,
1616,Frank,Hamaker,,--,--,--,,1,0,0,
1617,Kazuhiro,Hamanaka,,"6' 0""",185 lbs.,--,Southpaw,5,7,1,
1618,Rami,Hamed,,"6' 1""",170 lbs.,"71.0""",Orthodox,13,3,0,
1619,Matt,Hamill,The Hammer,"6' 1""",205 lbs.,"76.0""",Orthodox,12,8,0,
1620,Jeremy,Hamilton,Hawk,--,185 lbs.,--,,9,2,0,
1621,Anthony,Hamilton,Freight Train,"6' 5""",260 lbs.,"76.0""",Orthodox,15,9,0,
1622,CJ,Hamilton,The Autobot,"5' 7""",125 lbs.,"68.0""",Switch,11,4,0,
1623,Jared,Hamman,The Messenger,"6' 3""",185 lbs.,"75.0""",Orthodox,14,6,0,
1624,James,Hammortree,The Sledge,"6' 3""",185 lbs.,--,Orthodox,6,3,0,
1625,Dean,Hancock,The Hammer,--,155 lbs.,--,,2,1,0,
1626,Chad,Hanekom,Superman,"6' 4""",185 lbs.,"74.0""",Orthodox,9,3,0,
1627,Joachim,Hansen,Hellboy,"5' 7""",150 lbs.,--,Southpaw,23,14,1,
1628,Kay,Hansen,,"5' 2""",115 lbs.,"63.0""",Orthodox,7,6,0,
1629,Nasrat,Haqparast,,"5' 10""",155 lbs.,"72.0""",Southpaw,18,7,0,
1630,Shin,Haraguchi,,"5' 5""",145 lbs.,"68.0""",Switch,8,2,0,
1631,Janay,Harding,Hollowpoint,--,135 lbs.,--,,2,3,0,
1632,Antoni,Hardonk,,"6' 4""",245 lbs.,"78.0""",Orthodox,8,6,0,
1633,George,Hardwick,King,"5' 10""",155 lbs.,"72.0""",Orthodox,12,2,0,
1634,Harry,Hardwick,Houdini,"5' 8""",145 lbs.,"71.0""",Switch,13,5,1,
1635,Dan,Hardy,The Outlaw,"6' 0""",170 lbs.,"74.0""",Orthodox,25,10,0,
1636,Veronica,Hardy,,"5' 4""",125 lbs.,"64.0""",Southpaw,10,5,1,
1637,Greg,Hardy,Prince of War,"6' 5""",265 lbs.,"80.0""",Orthodox,7,5,0,
1638,Tobias,Harila,Bad Intention,--,--,--,,12,3,0,
1639,Baru,Harn,Seiryu,--,265 lbs.,--,,1,2,0,
1640,Scott,Harper,,"6' 0""",185 lbs.,--,Orthodox,12,7,0,
1641,Josiah,Harrell,The Muscle Hamster,"5' 7""",155 lbs.,"68.0""",Southpaw,11,1,0,
1642,Gerry,Harris,,"6' 8""",270 lbs.,--,Orthodox,1,4,0,
1643,Gerald,Harris,,"5' 11""",185 lbs.,"77.0""",Southpaw,23,5,0,
1644,Phil,Harris,Billy,"5' 4""",125 lbs.,"65.0""",Orthodox,22,12,0,
1645,Walt,Harris,The Big Ticket,"6' 5""",250 lbs.,"77.0""",Southpaw,13,10,0,
1646,Dhafir,Harris,Dada 5000,--,257 lbs.,--,,2,0,0,
1647,Trevor,Harris,,"5' 6""",145 lbs.,--,,2,2,0,
1648,Carlston,Harris,Mocambique,"6' 0""",170 lbs.,"76.0""",Orthodox,19,8,0,
1649,RJ,Harris,The Hammer,"6' 3""",258 lbs.,"78.0""",Orthodox,6,0,0,
1650,Kayla,Harrison,,"5' 8""",135 lbs.,"66.0""",Southpaw,19,1,0,
1651,Collin,Hart,,"6' 1""",185 lbs.,--,Orthodox,6,3,1,
1652,Joey,Hart,The Hitman,"6' 3""",170 lbs.,"79.0""",Orthodox,6,2,0,
1653,Dale,Hartt,,"5' 10""",155 lbs.,"69.0""",Orthodox,6,3,0,
1654,Luke,Hartwig,,--,--,--,,0,1,0,
1655,Clay,Harvison,Bushwacker,"6' 1""",170 lbs.,"74.0""",Orthodox,13,6,0,
1656,Bilal,Hasan,The IndoNinja,"5' 7""",125 lbs.,"70.0""",Switch,10,0,0,
1657,Farman,Hasanov,The Lion,"5' 11""",170 lbs.,"74.0""",Orthodox,6,0,0,
1658,Hidehiko,Hasegawa,,"5' 9""",170 lbs.,--,,19,20,6,
1659,Chris,Haseman,The Hammer,"5' 11""",205 lbs.,--,Orthodox,20,17,0,
1660,Takayo,Hashi,,"5' 4""",135 lbs.,--,Orthodox,15,6,1,
1661,Tomohiko,Hashimoto,,"6' 0""",250 lbs.,--,Orthodox,1,4,0,
1662,Justin,Haskins,,"5' 10""",170 lbs.,--,Orthodox,7,6,0,
1663,Hayder,Hassan,Hulk,"5' 10""",170 lbs.,--,,6,3,0,
1664,Ahmad,Hassanzada,Lion of the Ring,"6' 1""",155 lbs.,"75.0""",Orthodox,11,3,0,
1665,Daiki,Hata,DJ Taiki,"5' 6""",139 lbs.,--,Orthodox,17,11,7,
1666,John,Hathaway,The Hitman,"6' 1""",170 lbs.,"75.0""",Orthodox,17,2,0,
1667,Phil,Hawes,No Hype,"6' 0""",185 lbs.,"77.0""",Orthodox,12,6,0,
1668,Justin,Hawes,The Hawk,"5' 11""",205 lbs.,--,,6,9,0,
1669,Chris,Hawk,,"6' 1""",205 lbs.,--,,5,10,0,
1670,Del,Hawkins,The Filipino Delight,"5' 5""",135 lbs.,--,Orthodox,22,17,0,
1671,Tommy,Hayden,Wild Card,"5' 9""",145 lbs.,--,Southpaw,11,3,0,
1672,Mike,Hayes,,"6' 4""",230 lbs.,--,Orthodox,20,12,2,
1673,Ryan,Hayes,,--,--,--,,7,6,0,
1674,Gerric,Hayes,,"5' 10""",--,--,,8,11,0,
1675,Josh,Haynes,Bring the Pain,"5' 9""",170 lbs.,--,Orthodox,14,11,0,
1676,Dustin,Hazelett,McLovin,"6' 1""",170 lbs.,"76.0""",Orthodox,12,7,0,
1677,James,Head,,"6' 1""",170 lbs.,"73.0""",Orthodox,9,4,0,
1678,Pat,Healy,Bam Bam,"6' 0""",155 lbs.,"72.0""",Orthodox,34,23,0,
1679,Ryan,Healy,The Irish Assassin,"6' 1""",155 lbs.,--,Orthodox,25,14,1,
1680,Spencer,Hearns,,"5' 11""",185 lbs.,--,,1,0,0,
1681,David,Heath,,"5' 11""",205 lbs.,"72.0""",Orthodox,18,7,0,
1682,Chris,Heatherly,Stump,"5' 9""",155 lbs.,--,Orthodox,9,4,0,
1683,Jake,Hecht,Hitman,"6' 0""",170 lbs.,"73.0""",Orthodox,11,4,0,
1684,Donavon,Hedrick,,"5' 11""",185 lbs.,"76.0""",Orthodox,6,1,0,
1685,Nick,Hein,Sergeant,"5' 6""",155 lbs.,"66.0""",Southpaw,14,5,0,
1686,Ian,Heinisch,The Hurricane,"5' 11""",185 lbs.,"72.0""",Orthodox,14,5,0,
1687,Marcin,Held,,"5' 9""",155 lbs.,"71.0""",Orthodox,23,7,0,
1688,Delson,Heleno,Pe De Chumbo,"5' 11""",185 lbs.,--,Orthodox,29,10,0,
1689,Matt,Helm,,--,155 lbs.,--,,1,1,0,
1690,Elisha,Helsper,Knuckles,"5' 6""",135 lbs.,--,Orthodox,0,4,0,
1691,Dan,Henderson,Hendo,"5' 11""",185 lbs.,"74.0""",Orthodox,32,15,0,
1692,Benson,Henderson,Smooth,"5' 9""",170 lbs.,"70.0""",Southpaw,24,7,0,
1693,Ron,Henderson,,"5' 10""",125 lbs.,--,,4,3,0,
1694,Josh,Hendricks,,"6' 2""",235 lbs.,--,Southpaw,19,11,0,
1695,Johny,Hendricks,Bigg Rigg,"5' 9""",185 lbs.,"69.0""",Southpaw,18,8,0,
1696,Cory,Hendricks,,"6' 3""",205 lbs.,--,Switch,3,1,0,
1697,Luis,Henrique,KLB,"6' 2""",243 lbs.,"74.0""",Orthodox,10,5,0,
1698,Paulo,Henrique,PH,"5' 7""",125 lbs.,"69.0""",,12,2,0,
1699,Diego,Henrique da Silva,Gaucho,"6' 2""",185 lbs.,--,Orthodox,8,4,0,
1700,Danny,Henry,The Hatchet,"6' 0""",145 lbs.,"73.0""",Orthodox,12,4,0,
1701,Victor,Henry,La Mangosta,"5' 7""",135 lbs.,"68.0""",Switch,25,7,0,
1702,TJ,Hepburn,The Carnivore,"5' 7""",155 lbs.,--,,4,2,0,
1703,Jai,Herbert,Black Country Banger,"6' 1""",155 lbs.,"77.0""",Orthodox,14,6,1,
1704,Ed,Herman,Short Fuse,"6' 1""",205 lbs.,"77.0""",Orthodox,27,16,0,
1705,Dave,Herman,,"6' 4""",242 lbs.,"77.0""",Orthodox,22,6,0,
1706,Jack,Hermansson,The Joker,"6' 1""",170 lbs.,"77.0""",Orthodox,24,10,0,
1707,Noe,Hernandez,,--,--,--,Orthodox,5,5,0,
1708,Joe,Hernandez,,--,--,--,,0,1,0,
1709,Ramiro,Hernandez,Junior,"5' 9""",135 lbs.,--,Orthodox,19,9,0,
1710,Alexander,Hernandez,El Gran Chango,"5' 9""",155 lbs.,"72.0""",Orthodox,18,9,0,
1711,Anthony,Hernandez,Fluffy,"6' 0""",185 lbs.,"75.0""",Orthodox,15,4,0,
1712,Nohelin,Hernandez,Suave,"5' 10""",135 lbs.,"71.0""",Orthodox,9,4,0,
1713,Carlos,Hernandez,,"5' 8""",125 lbs.,"67.0""",Orthodox,10,5,0,
1714,Leslie,Hernandez,Dora The Destroyer,"5' 3""",115 lbs.,"64.0""",Orthodox,4,2,0,
1715,Luis,Hernandez,The Stache,"5' 9""",185 lbs.,"73.0""",Southpaw,7,0,0,
1716,Paul,Herrera,The Bone Crusher,"5' 10""",185 lbs.,--,Orthodox,1,1,0,
1717,Chris,Herrera,The Crusher,"5' 10""",185 lbs.,--,,3,2,1,
1718,Geane,Herrera,La Pulga,"5' 5""",125 lbs.,"66.0""",Orthodox,9,3,0,
1719,Alvaro,Herrera Mendoza,Chango,"6' 0""",155 lbs.,"74.0""",Orthodox,9,6,0,
1720,Felice,Herrig,Lil Bulldog,"5' 4""",115 lbs.,"65.0""",Orthodox,14,10,0,
1721,Heath,Herring,The Texas Crazy Horse,"6' 4""",250 lbs.,"78.0""",Orthodox,28,16,0,
1722,Jon,Hess,,"6' 7""",295 lbs.,--,,1,1,0,
1723,Clint,Hester,Headbussa,"6' 2""",205 lbs.,"77.0""",Orthodox,11,6,0,
1724,Brandon,Hester,The Beast,"6' 1""",205 lbs.,--,,3,0,0,
1725,Jimy,Hettes,The Kid,"5' 9""",145 lbs.,"71.0""",Southpaw,11,3,0,
1726,Conor,Heun,Hurricane,"5' 10""",155 lbs.,--,Orthodox,9,5,0,
1727,Marcus,Hicks,The Wrecking Ball,"5' 6""",155 lbs.,"64.0""",Southpaw,10,4,0,
1728,Jay,Hieron,The Thoroughbred,"6' 0""",170 lbs.,"75.0""",Orthodox,23,7,0,
1729,Brady,Hiestand,Bam Bam,"5' 8""",135 lbs.,"71.0""",Orthodox,9,2,0,
1730,Lee,Higgins,,--,155 lbs.,--,,2,1,0,
1731,Jason,High,The Kansas City Bandit,"5' 8""",155 lbs.,"73.0""",Southpaw,21,6,0,
1732,Richie,Hightower,The Dirty Samurai,"5' 8""",170 lbs.,--,Orthodox,8,4,0,
1733,Alex,Higley,,"5' 10""",145 lbs.,--,,4,3,0,
1734,Corey,Hill,,"6' 4""",155 lbs.,"80.0""",Orthodox,6,9,0,
1735,Isaiah,Hill,,"5' 10""",155 lbs.,--,,5,7,1,
1736,Angela,Hill,Overkill,"5' 3""",115 lbs.,"64.0""",Orthodox,19,16,0,
1737,Tyler,Hill,,"6' 3""",170 lbs.,--,Switch,8,2,0,
1738,Jamahal,Hill,Sweet Dreams,"6' 4""",205 lbs.,"79.0""",Southpaw,12,4,0,
1739,Kailan,Hill,,"6' 1""",185 lbs.,"77.0""",Southpaw,4,1,0,
1740,Alvin,Hines,Goozie,"6' 2""",265 lbs.,"74.0""",Orthodox,7,2,0,
1741,Branden Lee,Hinkle,The Iron Lion,"6' 3""",235 lbs.,--,Orthodox,17,11,0,
1742,Hatsu,Hioki,,"5' 11""",145 lbs.,"73.0""",Orthodox,29,10,2,
1743,Alan,Hiro,Yamaniha,"5' 5""",135 lbs.,--,Orthodox,14,5,4,
1744,Kuniyoshi,Hironaka,,"5' 10""",168 lbs.,"70.0""",Orthodox,23,9,0,
1745,Mizuto,Hirota,Pugnus,"5' 7""",155 lbs.,"67.0""",Orthodox,18,10,2,
1746,Yuji,Hisamatsu,,"5' 10""",185 lbs.,--,,16,22,6,
1747,An Tuan,Ho,Highlight,"5' 6""",125 lbs.,"66.0""",Switch,6,2,0,
1748,Kwan,Ho Kwak,,"5' 5""",135 lbs.,--,Switch,9,2,0,
1749,Matt,Hobar,The Crowbar,"5' 10""",135 lbs.,"70.0""",Southpaw,9,3,0,
1750,Bobby,Hoffman,The Truth,"6' 2""",245 lbs.,--,Orthodox,36,10,1,
1751,Chris,Hofmann,,"6' 0""",170 lbs.,"72.0""",Orthodox,9,2,0,
1752,Sam,Hoger,The Alaskan Assassin,"6' 2""",205 lbs.,--,Orthodox,10,4,0,
1753,Josh,Hokit,,"6' 1""",235 lbs.,"73.0""",Orthodox,10,0,0,
1754,Andrew,Holbrook,,"5' 11""",155 lbs.,"70.0""",Southpaw,12,3,0,
1755,Sean,Holden,,"5' 10""",170 lbs.,--,,5,2,0,
1756,Chris,Holdsworth,,"5' 11""",135 lbs.,--,,6,0,0,
1757,Kevin,Holland,Trailblazer,"6' 3""",170 lbs.,"81.0""",Orthodox,29,15,0,
1758,Roger,Hollett,The Hulk,"5' 11""",205 lbs.,--,Orthodox,13,5,0,
1759,Max,Holloway,Blessed,"5' 11""",155 lbs.,"69.0""",Orthodox,28,9,0,
1760,Gabrielle,Holloway,Gabanator,"5' 3""",145 lbs.,--,,6,5,0,
1761,Jeremie,Holloway,Hit Em,"6' 0""",170 lbs.,--,,8,3,0,
1762,Holly,Holm,The Preacher's Daughter,"5' 8""",135 lbs.,"69.0""",Southpaw,15,7,0,
1763,Rex,Holman,Big Dog,"6' 3""",205 lbs.,--,Southpaw,4,2,0,
1764,Joseph,Holmes,Uglyman Joe,"6' 4""",185 lbs.,"80.0""",Orthodox,8,4,0,
1765,Brandon,Holmes,,"6' 1""",185 lbs.,"76.0""",Orthodox,6,2,0,
1766,Kurt,Holobaugh,The Hurt,"5' 11""",155 lbs.,"70.0""",Orthodox,22,10,0,
1767,Paddy,Holohan,The Hooligan,"5' 10""",125 lbs.,"69.0""",Orthodox,12,2,1,
1768,Ben,Holscher,The Teacher,"5' 11""",155 lbs.,--,,4,0,0,
1769,Mark,Holst,Boots,"6' 0""",155 lbs.,--,Orthodox,12,6,0,
1770,Scott,Holtzman,Hot Sauce,"5' 9""",155 lbs.,"69.0""",Orthodox,14,6,0,
1771,Sabah,Homasi,,"6' 0""",170 lbs.,"72.0""",Orthodox,11,8,0,
1772,Mark,Hominick,The Machine,"5' 8""",145 lbs.,"68.0""",Orthodox,20,12,0,
1773,Barb,Honchak,Little Warrior,"5' 4""",125 lbs.,"65.0""",Orthodox,10,4,0,
1774,Chris,Honeycutt,The Cutt,"5' 10""",170 lbs.,"73.0""",,9,1,0,
1775,JunYoung,Hong,Drunken Red,"5' 9""",145 lbs.,"69.0""",Orthodox,13,8,1,
1776,SeongChan,Hong,Honey Badger,"5' 7""",155 lbs.,"69.0""",Orthodox,9,2,0,
1777,Satoshi,Honma,,"6' 1""",205 lbs.,--,Orthodox,4,6,3,
1778,David,Hood,,"6' 0""",200 lbs.,--,,1,3,0,
1779,Lorenzo,Hood,Dream Killer,"6' 3""",265 lbs.,"80.0""",Southpaw,14,5,0,
1780,Dan,Hooker,The Hangman,"6' 0""",155 lbs.,"75.0""",Switch,24,15,0,
1781,Chase,Hooper,The Dream,"6' 1""",155 lbs.,"74.0""",Southpaw,17,5,1,
1782,Dakota,Hope,Huracan,"5' 6""",155 lbs.,"68.0""",,11,2,0,
1783,Darrell,Horcher,The Saint,"5' 10""",155 lbs.,"70.0""",Southpaw,13,4,0,
1784,Moti,Horenstein,,"6' 4""",230 lbs.,--,Orthodox,1,6,0,
1785,Yoshinori,Horie,,"5' 8""",145 lbs.,"70.0""",Orthodox,8,2,0,
1786,Kyoji,Horiguchi,Karate Kid,"5' 4""",125 lbs.,"63.0""",Orthodox,36,6,0,
1787,Yuma,Horiuchi,Ichiban,"5' 6""",125 lbs.,"67.0""",Switch,9,5,0,
1788,Jeremy,Horn,Gumby,"6' 1""",185 lbs.,"74.0""",Orthodox,91,22,5,
1789,Matt,Horning,Horndog,"5' 4""",125 lbs.,--,,20,25,0,
1790,Chris,Horodecki,The Polish Hammer,"5' 9""",155 lbs.,"69.0""",Orthodox,21,7,1,
1791,Jamey-Lyn,Horth,,"5' 7""",125 lbs.,"66.0""",Orthodox,9,3,0,
1792,Matt,Horwich,Suave,"6' 1""",185 lbs.,--,Orthodox,30,25,1,
1793,John,Hosman,,"5' 10""",135 lbs.,--,Southpaw,18,8,1,
1794,Saeed,Hosseini,,--,--,--,,0,1,0,
1795,Jeff,Hougland,Hellbound,"5' 7""",135 lbs.,"68.0""",Orthodox,10,6,0,
1796,Trey,Houston,,"5' 11""",185 lbs.,--,,11,4,0,
1797,Jamie,Houston,,--,185 lbs.,--,,3,0,0,
1798,Brian,Houston,B-Hue,"6' 2""",185 lbs.,--,Orthodox,4,6,0,
1799,Harold,Howard,,"6' 2""",240 lbs.,--,Orthodox,1,3,0,
1800,John,Howard,Doomsday,"5' 7""",170 lbs.,"72.0""",Orthodox,24,13,0,
1801,Shane,Howell,,"5' 8""",125 lbs.,--,Orthodox,13,10,0,
1802,Hu,Yaozong,Totoro,"6' 3""",185 lbs.,"72.0""",Orthodox,3,3,0,
1803,Carlos,Huachin,Perro Malo,"5' 4""",135 lbs.,"67.0""",Southpaw,10,5,1,
1804,Brady,Huang,The Kung Fu Warrior,"5' 9""",135 lbs.,"69.0""",Orthodox,11,2,0,
1805,Yuele,Huang,,--,145 lbs.,--,,13,0,0,
1806,Huang,Feier,Muscle Barbie,"5' 5""",115 lbs.,"65.0""",Orthodox,14,8,0,
1807,Austin,Hubbard,Thud,"5' 10""",155 lbs.,"71.0""",Orthodox,17,10,0,
1808,Collin,Huckbody,All In,"6' 3""",185 lbs.,"76.0""",Orthodox,8,2,0,
1809,Alex,Huddleston,The Shaved Gorilla,"6' 7""",254 lbs.,--,,6,2,0,
1810,Roger,Huerta,El Matador,"5' 9""",155 lbs.,"70.0""",Orthodox,23,9,1,
1811,Casey,Huffman,Hellbent,"6' 3""",185 lbs.,--,,3,1,0,
1812,Matt,Hughes,,"5' 9""",170 lbs.,"73.0""",Switch,45,9,0,
1813,Mark,Hughes,,"5' 9""",205 lbs.,--,Southpaw,6,2,0,
1814,Jeff,Hughes,Lights Out,"6' 2""",250 lbs.,"77.0""",Orthodox,10,4,0,
1815,Sam,Hughes,Sampage,"5' 5""",115 lbs.,"64.0""",Orthodox,11,7,0,
1816,Victor,Hugo,Striker,"5' 7""",135 lbs.,"71.0""",Orthodox,25,5,0,
1817,David,Hulett,Hollywood,"5' 10""",170 lbs.,--,,22,10,0,
1818,Dominik,Humburger,,--,185 lbs.,--,,8,1,0,
1819,Bryan,Humes,,--,265 lbs.,--,,6,2,0,
1820,Abongo,Humphrey,,"5' 11""",205 lbs.,--,Orthodox,7,3,0,
1821,Ronald,Humphrey,The Career Ender,"5' 10""",170 lbs.,"77.0""",Orthodox,5,0,0,
1822,Harry,Hunsucker,The Hurricane,"6' 2""",205 lbs.,"75.0""",Orthodox,7,6,0,
1823,Mark,Hunt,Super Samoan,"5' 10""",265 lbs.,"72.0""",Orthodox,13,14,1,
1824,Zevan,Hunt,Cheese,"6' 0""",170 lbs.,"73.0""",Orthodox,7,0,0,
1825,Alex,Hunter,,"5' 9""",226 lbs.,--,Orthodox,2,0,0,
1826,Adam,Hunter,Warhammer,"6' 1""",185 lbs.,--,Orthodox,7,1,0,
1827,Joe,Hurley,,"5' 8""",155 lbs.,--,,12,5,0,
1828,Abdul,Hussein,King,"5' 7""",135 lbs.,"67.0""",Orthodox,16,2,0,
1829,Solomon,Hutcherson,King,"5' 11""",185 lbs.,--,Southpaw,11,7,0,
1830,Young,Hwang,,"5' 9""",135 lbs.,--,,8,5,0,
1831,In Su,Hwang,Legendary,"5' 11""",185 lbs.,"74.0""",Orthodox,8,2,0,
1832,Matty,Iann,Ironside,--,135 lbs.,--,,4,0,0,
1833,Al,Iaquinta,Raging,"5' 10""",155 lbs.,"70.0""",Orthodox,14,7,1,
1834,Khadis,Ibragimov,,"6' 3""",205 lbs.,"78.0""",Orthodox,8,4,0,
1835,Minoki,Ichihara,,"5' 7""",178 lbs.,--,Orthodox,0,1,0,
1836,Alibi,Idiris,,"5' 6""",125 lbs.,"68.0""",Orthodox,11,1,0,
1837,Dan,Ige,100 Grand,"5' 7""",135 lbs.,"71.0""",Orthodox,19,12,0,
1838,Valeri,Ignatov,,"5' 9""",170 lbs.,--,Orthodox,1,2,0,
1839,Sergey,Ignatov,,"5' 9""",210 lbs.,--,Orthodox,0,1,0,
1840,Fabiano,Iha,,"5' 8""",155 lbs.,--,Orthodox,9,5,0,
1841,Seichi,Ikemoto,,"5' 11""",168 lbs.,--,Orthodox,21,19,5,
1842,Mikhail,Iloukhine,,"5' 9""",205 lbs.,--,Orthodox,30,11,1,
1843,Zelim,Imadaev,,"6' 0""",170 lbs.,"76.0""",Orthodox,8,3,0,
1844,Kento,Imai,,--,125 lbs.,--,,12,4,0,
1845,Yusuke,Imamura,,"5' 8""",220 lbs.,--,Orthodox,2,6,0,
1846,Masakazu,Imanari,,"5' 4""",139 lbs.,--,Southpaw,36,16,2,
1847,Nassourdine,Imavov,The Sniper,"6' 3""",185 lbs.,"75.0""",Orthodox,17,4,0,
1848,Brad,Imes,Hillbilly Heartthrob,"6' 7""",265 lbs.,--,Orthodox,13,7,0,
1849,Michael,Imperato,,"5' 7""",135 lbs.,"66.0""",Switch,12,7,0,
1850,Rui,Imura,,"5' 10""",135 lbs.,"69.0""",Southpaw,12,5,0,
1851,Chris,Indich,,"5' 10""",170 lbs.,--,,6,4,0,
1852,Chris,Inman,,--,--,--,,1,0,0,
1853,Guto,Inocente,,"6' 3""",205 lbs.,--,Orthodox,7,4,0,
1854,Enson,Inoue,Yamato Damashii,"5' 10""",210 lbs.,--,Orthodox,12,8,0,
1855,Egan,Inoue,,"5' 9""",190 lbs.,--,Southpaw,13,8,0,
1856,Katsuya,Inoue,,"5' 9""",168 lbs.,--,Southpaw,19,9,4,
1857,Takeshi,Inoue,Lion,"5' 8""",145 lbs.,--,,23,10,0,
1858,Naoki,Inoue,,"5' 9""",125 lbs.,"71.0""",Orthodox,11,1,0,
1859,Jorge,Interiano,,"6' 1""",205 lbs.,--,,4,3,0,
1860,Jason,Ireland,The Irish Tornado,"5' 9""",161 lbs.,--,Southpaw,19,9,1,
1861,James,Irvin,The Sandman,"6' 2""",205 lbs.,"75.0""",Orthodox,17,10,0,
1862,Eric,Irvin,,"5' 8""",155 lbs.,--,,11,4,0,
1863,Issa,Isakov,Determinator,"5' 9""",155 lbs.,"70.0""",Orthodox,10,3,0,
1864,Mitsuhiro,Ishida,The Endless Warrior,"5' 6""",154 lbs.,--,Southpaw,20,8,1,
1865,Teruto,Ishihara,Yashabo,"5' 7""",135 lbs.,"69.0""",Southpaw,10,7,2,
1866,Satoshi,Ishii,,"5' 11""",240 lbs.,--,Orthodox,15,8,1,
1867,Yuki,Ishikawa,,"5' 11""",205 lbs.,--,Orthodox,0,2,0,
1868,Eiji,Ishikawa,,"5' 10""",170 lbs.,--,,29,24,3,
1869,Tokimitsu,Ishizawa,Kendo Ka Shin,"6' 0""",185 lbs.,--,Orthodox,1,5,1,
1870,Damir,Ismagulov,Qazaq,"5' 10""",155 lbs.,"74.0""",Orthodox,24,3,0,
1871,Wallid,Ismail,,"5' 7""",205 lbs.,--,Orthodox,9,3,0,
1872,Leandro,Issa,Brodinho,"5' 7""",135 lbs.,"69.0""",Orthodox,13,6,0,
1873,Kuya,Ito,Psycho Zombie,"5' 5""",135 lbs.,"66.0""",Orthodox,17,9,1,
1874,Blagoy,Ivanov,Baga,"5' 11""",250 lbs.,"73.0""",Southpaw,19,6,0,
1875,Anthony,Ivy,Aquaman,"6' 2""",185 lbs.,"74.0""",Orthodox,8,4,0,
1876,Tomomi,Iwama,,"5' 3""",155 lbs.,--,Orthodox,9,6,2,
1877,Tatsuya,Iwasaki,,"5' 9""",205 lbs.,--,Orthodox,0,1,0,
1878,Taiga,Iwasaki,,"6' 1""",185 lbs.,"73.0""",Orthodox,9,2,0,
1879,Saygid,Izagakhmaev,,"6' 0""",170 lbs.,"74.0""",Orthodox,22,4,0,
1880,Yoislandy,Izquierdo,Cuba,"5' 11""",155 lbs.,--,Southpaw,10,4,0,
1881,Hiroshi,Izumi,,--,205 lbs.,--,Orthodox,4,2,0,
1882,Yves,Jabouin,Tiger,"5' 7""",135 lbs.,"68.0""",Orthodox,20,11,0,
1883,Kevin,Jackson,,"5' 10""",199 lbs.,--,Switch,4,2,0,
1884,Eugene,Jackson,The Wolf,"5' 8""",185 lbs.,--,Orthodox,15,9,1,
1885,Quinton,Jackson,Rampage,"6' 1""",205 lbs.,"73.0""",Orthodox,37,12,0,
1886,Jeremy,Jackson,Scorpion,"5' 10""",170 lbs.,--,Orthodox,9,5,0,
1887,Damon,Jackson,The Leech,"5' 11""",155 lbs.,"71.0""",Switch,23,8,1,
1888,Kenyon,Jackson,,"6' 0""",185 lbs.,--,,4,3,0,
1889,Mike,Jackson,The Truth,"6' 2""",170 lbs.,"74.0""",Orthodox,1,2,0,
1890,Jason,Jackson,Jah-Son,"6' 1""",170 lbs.,"78.0""",Orthodox,7,2,0,
1891,Montel,Jackson,Quik,"5' 10""",135 lbs.,"75.0""",Southpaw,15,4,0,
1892,Eric,Jacob,,--,155 lbs.,--,,1,9,0,
1893,Richard,Jacobi,,"6' 4""",260 lbs.,"75.0""",Orthodox,6,1,1,
1894,Dustin,Jacoby,The Hanyak,"6' 3""",205 lbs.,"76.0""",Orthodox,22,10,1,
1895,Justin,James,,"5' 10""",155 lbs.,--,Orthodox,13,7,0,
1896,Nate,James,,"6' 0""",185 lbs.,--,,14,8,1,
1897,Virna,Jandiroba,Carcara,"5' 3""",115 lbs.,"64.0""",Orthodox,23,4,0,
1898,Ryan,Janes,,"6' 3""",185 lbs.,"76.0""",Orthodox,10,3,0,
1899,YunSeong,Jang,,"6' 0""",170 lbs.,"72.0""",Orthodox,7,2,0,
1900,Milos,Janicic,The Cobra,"5' 11""",155 lbs.,"71.0""",Orthodox,19,4,0,
1901,Josh,Janousek,,"5' 11""",185 lbs.,--,Orthodox,8,1,0,
1902,Dave,Jansen,,"5' 9""",155 lbs.,"73.0""",Orthodox,20,4,0,
1903,Jaime,Jara,El Cucui,"6' 1""",205 lbs.,--,Southpaw,38,18,0,
1904,Gigo,Jara,The Little Animal,"5' 9""",145 lbs.,--,,6,9,0,
1905,Keith,Jardine,The Dean of Mean,"6' 2""",185 lbs.,"76.0""",Orthodox,17,11,2,
1906,Brock,Jardine,The Machine,"5' 11""",170 lbs.,--,Orthodox,12,6,0,
1907,Josh,Jarvis,,--,--,--,,1,4,0,
1908,Rony,Jason,,"5' 7""",145 lbs.,"73.0""",Orthodox,14,7,0,
1909,Jasmine,Jasudavicius,,"5' 7""",125 lbs.,"68.0""",Orthodox,15,4,0,
1910,Louis,Jauregui,,"5' 7""",170 lbs.,--,,4,2,0,
1911,Yazmin,Jauregui,,"5' 3""",115 lbs.,"64.0""",Orthodox,11,2,0,
1912,Justin,Jaynes,The Guitar Hero,"5' 7""",145 lbs.,"68.0""",Orthodox,16,8,0,
1913,Joanna,Jedrzejczyk,,"5' 6""",115 lbs.,"65.0""",Orthodox,16,5,0,
1914,Aaron,Jeffery,,"6' 2""",185 lbs.,"73.0""",Orthodox,10,3,0,
1915,Trent,Jenkins,,"6' 2""",185 lbs.,--,,0,4,0,
1916,Bubba,Jenkins,The Highlight Kid,"5' 7""",145 lbs.,--,,11,4,0,
1917,Adrienna,Jenkins,AJ,"5' 8""",145 lbs.,--,,19,6,0,
1918,Brandon,Jenkins,The Human Highlight Reel,"6' 0""",155 lbs.,"71.0""",Switch,15,9,0,
1919,Jack,Jenkins,Phar,"5' 7""",145 lbs.,"68.0""",Switch,14,5,0,
1920,Steve,Jennum,,"5' 10""",215 lbs.,--,Orthodox,2,3,0,
1921,Ryan,Jensen,,"6' 1""",185 lbs.,"76.0""",Orthodox,21,8,0,
1922,Kyle,Jensen,,"5' 9""",170 lbs.,--,Orthodox,4,11,2,
1923,Chan-Mi,Jeon,,"5' 5""",115 lbs.,--,Orthodox,5,2,0,
1924,Maciej,Jewtuszko,Irokez,"6' 0""",155 lbs.,--,Southpaw,12,3,0,
1925,Ronald,Jhun,The Machine Gun,"5' 11""",170 lbs.,--,Orthodox,24,26,2,
1926,Baergeng,Jieleyisi,,"5' 9""",145 lbs.,"71.0""",Orthodox,18,7,0,
1927,Gilbert,Jimenez,,--,155 lbs.,--,,8,12,1,
1928,Ramiro,Jimenez,El Cachanilla,"5' 9""",145 lbs.,"73.0""",Southpaw,11,0,0,
1929,Art,Jimmerson,,"6' 1""",196 lbs.,--,Orthodox,0,1,0,
1930,Ryan,Jimmo,The Big Deal,"6' 1""",205 lbs.,"73.0""",Orthodox,19,5,0,
1931,Jinensibieke,Asikeerbai,,"5' 6""",155 lbs.,"69.0""",Orthodox,36,11,0,
1932,,Jiniushiyue,Little Vajra,"5' 8""",125 lbs.,"68.0""",Southpaw,17,4,0,
1933,Sung Bin,Jo,Korean Falcon,"6' 0""",145 lbs.,"72.0""",Orthodox,9,1,0,
1934,Carls,John De Tomas,,"5' 5""",125 lbs.,"71.0""",Southpaw,6,2,0,
1935,Phil,Johns,,"5' 2""",170 lbs.,--,Southpaw,30,14,1,
1936,Brett,Johns,The Pikey,"5' 7""",135 lbs.,"71.0""",Orthodox,17,2,0,
1937,Miles,Johns,Chapo,"5' 7""",135 lbs.,"68.0""",Orthodox,16,5,0,
1938,Anthony,Johnson,Rumble,"6' 2""",205 lbs.,"78.0""",Orthodox,22,6,0,
1939,DaMarques,Johnson,Darkness,"6' 1""",170 lbs.,"75.0""",Orthodox,15,15,0,
1940,Devin,Johnson,,--,--,--,,1,1,1,
1941,Travis,Johnson,,--,205 lbs.,--,,0,1,0,
1942,Ricky,Johnson,,"5' 8""",145 lbs.,--,Orthodox,10,6,0,
1943,Tony,Johnson,,"6' 2""",205 lbs.,"76.0""",Orthodox,7,2,0,
1944,Lavar,Johnson,Big,"6' 4""",240 lbs.,"82.0""",Orthodox,18,10,0,
1945,Demetrious,Johnson,Mighty Mouse,"5' 3""",125 lbs.,"66.0""",Orthodox,27,3,1,
1946,Michael,Johnson,The Menace,"5' 10""",155 lbs.,"73.0""",Southpaw,25,20,0,
1947,Deshaun,Johnson,,--,167 lbs.,--,,6,9,0,
1948,Kajan,Johnson,Ragin',"5' 11""",155 lbs.,"75.0""",Orthodox,23,13,1,
1949,Dashon,Johnson,Flyboy,"5' 7""",145 lbs.,--,Orthodox,9,2,0,
1950,Timothy,Johnson,,"6' 3""",265 lbs.,"77.0""",Southpaw,12,4,0,
1951,Tony,Johnson,,"6' 1""",265 lbs.,--,,11,3,0,
1952,Jordan,Johnson,,"6' 2""",205 lbs.,"79.0""",Orthodox,10,0,0,
1953,Taylor,Johnson,Tombstone,"6' 0""",185 lbs.,"74.0""",Switch,5,1,0,
1954,Chad,Johnson,Big Rigg,"6' 2""",230 lbs.,"80.0""",Orthodox,6,2,0,
1955,Jose,Johnson,Zhakwarius,"6' 0""",125 lbs.,"71.0""",Orthodox,16,10,0,
1956,Charles,Johnson,InnerG,"5' 9""",125 lbs.,"70.0""",Switch,20,9,0,
1957,Donte,Johnson,Lock Jaw,"5' 8""",185 lbs.,"74.0""",Southpaw,9,0,0,
1958,Brian,Johnston,,"6' 3""",230 lbs.,--,Orthodox,5,5,0,
1959,Ben,Johnston,,"6' 4""",185 lbs.,"76.0""",Orthodox,5,2,0,
1960,Liana,Jojua,She Wolf,"5' 4""",125 lbs.,"62.0""",Orthodox,8,5,0,
1961,Nikola,Joksovic,,--,170 lbs.,--,,16,0,0,
1962,Daniel,Jolly,The Werewolf of Texas,"6' 1""",205 lbs.,"75.0""",Orthodox,5,3,0,
1963,Paul,Jones,,"5' 9""",199 lbs.,--,Orthodox,11,1,1,
1964,Jon,Jones,Bones,"6' 4""",248 lbs.,"84.0""",Orthodox,28,1,0,
1965,Nathan,Jones,,"6' 11""",345 lbs.,--,Orthodox,0,1,0,
1966,Marcus,Jones,The Darkness,"6' 6""",265 lbs.,--,Orthodox,4,2,0,
1967,Carlton,Jones,,"6' 1""",225 lbs.,--,Orthodox,1,4,0,
1968,Jesse,Jones,,"5' 9""",170 lbs.,--,,2,1,0,
1969,Tito,Jones,,"5' 8""",145 lbs.,--,Southpaw,11,8,0,
1970,Roy,Jones,,--,205 lbs.,--,,7,5,0,
1971,Justin,Jones,Black Dynamite,"5' 11""",185 lbs.,--,Orthodox,9,2,0,
1972,Ben,Jones,Blitzkrieg,--,185 lbs.,--,,4,4,0,
1973,Victor,Jones,,--,145 lbs.,--,,1,3,0,
1974,Chris,Jones,Lionheart,"5' 9""",149 lbs.,--,,10,5,0,
1975,Roshaun,Jones,,"5' 8""",135 lbs.,--,,2,6,0,
1976,Jamelle,Jones,The Beast,"6' 0""",205 lbs.,"75.0""",Orthodox,7,5,0,
1977,Antonio,Jones,Doomsday,"5' 11""",185 lbs.,--,Orthodox,6,1,0,
1978,Trevin,Jones,5 Star,"5' 7""",135 lbs.,"70.0""",Southpaw,13,10,0,
1979,Mason,Jones,The Dragon,"5' 10""",155 lbs.,"74.0""",Orthodox,18,3,0,
1980,Craig,Jones,,--,205 lbs.,--,,0,0,0,
1981,Jacobi,Jones,Big Toe,"5' 9""",155 lbs.,"72.0""",Orthodox,6,2,0,
1982,Jocelyn,Jones-Lybarger,,"5' 7""",115 lbs.,"64.0""",Orthodox,6,4,0,
1983,Kevin,Jordan,The Shaman,"6' 3""",245 lbs.,--,Orthodox,11,9,0,
1984,Joe,Jordan,,"5' 6""",155 lbs.,--,Orthodox,49,14,2,
1985,Shawn,Jordan,The Savage,"6' 0""",260 lbs.,"75.0""",Southpaw,19,8,0,
1986,Ivan,Jorge,Batman,"5' 9""",155 lbs.,"73.0""",Orthodox,27,7,0,
1987,Scott,Jorgensen,Young Guns,"5' 5""",135 lbs.,"66.0""",Orthodox,15,12,0,
1988,Gareth,Joseph,,--,205 lbs.,--,,9,5,0,
1989,Dwight,Joseph,,"5' 6""",135 lbs.,--,Switch,5,0,0,
1990,Jeff,Joslin,The Inferno,"6' 0""",170 lbs.,--,Orthodox,5,3,0,
1991,Krzysztof,Jotko,,"6' 1""",185 lbs.,"77.0""",Southpaw,24,6,0,
1992,Alan,Jouban,Brahma,"6' 0""",170 lbs.,"73.0""",Southpaw,17,7,0,
1993,Charles,Jourdain,Air,"5' 9""",135 lbs.,"69.0""",Switch,18,8,1,
1994,Louis,Jourdain,The Mad Prince,"5' 9""",135 lbs.,"69.0""",Orthodox,9,3,0,
1995,Kevin,Jousset,Air,"6' 2""",170 lbs.,"75.0""",Orthodox,10,4,0,
1996,Mike,Joy,,"5' 6""",155 lbs.,--,Southpaw,11,8,0,
1997,Dustin,Joynson,,"6' 6""",244 lbs.,"78.0""",Orthodox,5,0,0,
1998,Tony,Juarez,,--,155 lbs.,--,,1,12,0,
1999,Jesse,Juarez,,"6' 1""",170 lbs.,--,Orthodox,23,12,0,
2000,Ernie,Juarez,The Young Titan,"5' 8""",145 lbs.,"70.0""",,8,1,0,
2001,Anshul,Jubli,King of Lions,"6' 0""",155 lbs.,"69.0""",Switch,7,2,0,
2002,Carli,Judice,Crispy,"5' 7""",115 lbs.,"68.0""",Southpaw,7,2,0,
2003,Steve,Judson,,"5' 11""",230 lbs.,--,Orthodox,0,2,0,
2004,Luke,Jumeau,The Jedi,"5' 11""",170 lbs.,"72.0""",Orthodox,13,5,0,
2005,Bu-Kyung,Jung,,"5' 7""",154 lbs.,--,Orthodox,0,4,0,
2006,Chan Sung,Jung,The Korean Zombie,"5' 7""",145 lbs.,"72.0""",Orthodox,17,8,0,
2007,Young Sam,Jung,,"5' 8""",139 lbs.,--,Orthodox,4,8,0,
2008,Da Woon,Jung,Sseda,"6' 4""",205 lbs.,"78.0""",Orthodox,15,6,1,
2009,Reginaldo,Junior,The Beast,"5' 8""",170 lbs.,"74.0""",Orthodox,11,2,0,
2010,Scott,Junk,,"6' 1""",265 lbs.,--,Orthodox,8,3,1,
2011,Myles,Jury,Fury,"5' 10""",145 lbs.,"73.0""",Orthodox,17,4,0,
2012,Cristiane,Justino,Cyborg,"5' 8""",145 lbs.,"68.0""",Orthodox,21,2,0,
2013,Patrick,Kaase,Kamikaze,"5' 9""",185 lbs.,--,,1,2,0,
2014,Emily,Kagan,,"5' 3""",115 lbs.,--,,3,3,0,
2015,Oron,Kahlon,,"5' 8""",135 lbs.,"70.0""",Orthodox,16,1,0,
2016,,Kaiwen,The Underdog,"5' 8""",145 lbs.,"71.0""",Switch,15,7,0,
2017,Sirwan,Kakai,Zohan,"5' 5""",135 lbs.,--,Orthodox,12,5,0,
2018,Saidyokub,Kakhramonov,,"5' 8""",135 lbs.,"69.0""",Orthodox,10,3,0,
2019,Geza,Kalman,,"6' 1""",200 lbs.,--,,4,9,0,
2020,Bryson,Kamaka,,"5' 11""",170 lbs.,--,Orthodox,12,20,1,
2021,Kai,Kamaka III,Da Fighting Hawaiian,"5' 7""",145 lbs.,"69.0""",Orthodox,18,8,1,
2022,Shah,Kamali,,--,265 lbs.,--,,4,0,0,
2023,Shuya,Kamikubo,Stealth,"5' 5""",135 lbs.,"68.0""",Switch,13,2,1,
2024,Daichi,Kamiya,,"5' 8""",155 lbs.,"68.0""",Southpaw,6,1,0,
2025,Martin,Kampmann,The Hitman,"6' 0""",170 lbs.,"72.0""",Orthodox,20,7,0,
2026,Koya,Kanda,Bushido,"5' 9""",145 lbs.,"75.0""",Southpaw,12,5,0,
2027,Bharat,Kandare,Daring,"5' 7""",135 lbs.,"72.0""",Orthodox,5,3,0,
2028,Hiromitsu,Kanehara,,"5' 10""",200 lbs.,--,Orthodox,19,27,5,
2029,Masanori,Kanehara,,"5' 7""",135 lbs.,"67.0""",Orthodox,26,12,5,
2030,Ken,Kaneko,,"6' 0""",161 lbs.,--,Orthodox,0,3,0,
2031,Denis,Kang,,"5' 11""",185 lbs.,"77.0""",Orthodox,35,16,2,
2032,Kyung Ho,Kang,Mr. Perfect,"5' 9""",135 lbs.,"73.0""",Orthodox,19,11,0,
2033,Manel,Kape,StarBoy,"5' 5""",125 lbs.,"68.0""",Southpaw,23,7,0,
2034,David,Kaplan,Diamond,"5' 7""",155 lbs.,--,Orthodox,3,4,0,
2035,Kai,Kara-France,Don't Blink,"5' 4""",125 lbs.,"69.0""",Orthodox,25,12,0,
2036,Georgi,Karakhanyan,Insane,"5' 8""",145 lbs.,--,,26,7,1,
2037,Alex,Karalexis,The Assassin,"5' 8""",155 lbs.,"66.0""",Orthodox,10,6,0,
2038,Ernesta,Kareckaite,Heavy-Handed,"5' 9""",125 lbs.,"71.0""",Orthodox,6,2,1,
2039,Impa,Kasanganay,Tshilobo,"5' 11""",170 lbs.,"75.0""",Orthodox,9,2,0,
2040,Jinnosuke,Kashimura,,"5' 7""",155 lbs.,"71.0""",Southpaw,4,2,0,
2041,Nadia,Kassem,,"5' 5""",125 lbs.,"66.0""",Southpaw,5,2,0,
2042,Yusuke,Kasuya,,"5' 7""",155 lbs.,--,Southpaw,9,3,0,
2043,Tetsuji,Kato,,--,155 lbs.,--,Orthodox,20,10,0,
2044,Hisaki,Kato,,"6' 0""",185 lbs.,--,,8,2,0,
2045,Brad,Katona,Superman,"5' 6""",135 lbs.,"64.0""",Orthodox,16,5,0,
2046,Calvin,Kattar,,"5' 11""",145 lbs.,"72.0""",Orthodox,23,10,0,
2047,Sarah,Kaufman,,"5' 5""",135 lbs.,"66.0""",Orthodox,18,4,0,
2048,Lone'er,Kavanagh,,"5' 6""",125 lbs.,"67.0""",Orthodox,10,2,0,
2049,Yusuke,Kawaguchi,,"6' 0""",255 lbs.,--,,18,12,0,
2050,Canaan,Kawaihae,,"6' 0""",145 lbs.,"71.0""",Southpaw,6,2,0,
2051,Tatsuya,Kawajiri,Crusher,"5' 7""",145 lbs.,"69.0""",Orthodox,36,11,2,
2052,Ryo,Kawamura,,"5' 11""",205 lbs.,--,Orthodox,18,9,4,
2053,Masuto,Kawana,Mast,"5' 6""",145 lbs.,"69.0""",Orthodox,10,4,0,
2054,Doug,Kay,,--,--,--,,0,0,0,
2055,Toshiomi,Kazama,,"5' 7""",135 lbs.,"69.0""",Orthodox,11,5,0,
2056,Julie,Kedzie,,"5' 5""",135 lbs.,--,Orthodox,16,13,0,
2057,Ryan,Keenan,,"5' 10""",170 lbs.,--,,6,2,0,
2058,Losene,Keita,Black Panther,"5' 7""",145 lbs.,"72.0""",Orthodox,17,2,0,
2059,CJ,Keith,,"6' 0""",155 lbs.,--,Orthodox,8,4,0,
2060,Chris,Kelades,The Greek Assassin,"5' 7""",125 lbs.,"68.0""",Orthodox,9,3,0,
2061,Brian,Kelleher,Boom,"5' 6""",135 lbs.,"66.0""",Switch,24,16,0,
2062,Mayana,Kellem,,"5' 5""",135 lbs.,--,Orthodox,7,1,0,
2063,Tony,Kelley,Primetime,"5' 9""",135 lbs.,"70.0""",Switch,8,3,0,
2064,Paul,Kelly,,"5' 9""",155 lbs.,"70.0""",Orthodox,14,5,0,
2065,John,Kelly,,"5' 9""",170 lbs.,--,,5,4,0,
2066,Daniel,Kelly,,"6' 0""",185 lbs.,"70.0""",Southpaw,13,4,0,
2067,Tim,Kennedy,,"5' 11""",185 lbs.,"74.0""",Orthodox,18,6,0,
2068,Steve,Kennedy,The Steamrolla,"5' 11""",170 lbs.,--,Orthodox,24,8,0,
2069,Jeremy,Kennedy,JBC,"5' 11""",145 lbs.,"71.0""",Orthodox,11,1,0,
2070,Waylon,Kennell,,"6' 0""",185 lbs.,--,,6,2,0,
2071,Casey,Kenney,,"5' 7""",135 lbs.,"68.0""",Southpaw,16,4,1,
2072,Maimaitituoheti,Keremuaili,Kyrgyz Mountain Eagle,"5' 6""",135 lbs.,"66.0""",Orthodox,26,11,0,
2073,Aurelijus,Kerpe,,--,--,--,Orthodox,11,22,0,
2074,Mark,Kerr,The Smashing Machine,"6' 3""",266 lbs.,--,Switch,15,11,0,
2075,Will,Kerr,,"5' 10""",155 lbs.,"69.0""",Orthodox,9,3,0,
2076,Ron,Keslar,,--,185 lbs.,--,,11,9,0,
2077,Rustam,Khabilov,Tiger,"5' 8""",155 lbs.,"73.0""",Orthodox,24,4,0,
2078,Adam,Khaliev,,"6' 0""",170 lbs.,--,Orthodox,6,0,0,
2079,Sergey,Khandozhko,Honda,"6' 1""",170 lbs.,"74.0""",Orthodox,28,6,1,
2080,Sergei,Kharitonov,,"6' 0""",245 lbs.,--,Orthodox,26,6,0,
2081,Alfred,Khashakyan,The Fearless,"5' 8""",135 lbs.,"70.0""",Orthodox,8,3,0,
2082,Aziz,Khaydarov,,"5' 11""",155 lbs.,"72.0""",Orthodox,21,7,0,
2083,Mansher,Khera,New Era,"5' 10""",155 lbs.,"68.0""",Orthodox,10,0,0,
2084,Aliaskhab,Khizriev,Black Wolf,"5' 9""",185 lbs.,"74.0""",Southpaw,14,0,0,
2085,WonBin,Ki,The Danger,"5' 11""",155 lbs.,"73.0""",Orthodox,18,9,0,
2086,Pannie,Kianzad,Banzai,"5' 7""",135 lbs.,"66.0""",Orthodox,17,9,0,
2087,Akira,Kikuchi,,"5' 8""",155 lbs.,--,Orthodox,16,4,0,
2088,Katsunori,Kikuno,,"5' 8""",145 lbs.,"66.0""",Orthodox,24,8,2,
2089,Sanae,Kikuta,,"5' 9""",200 lbs.,--,Orthodox,31,9,3,
2090,Jacob,Kilburn,The Killer,"5' 9""",145 lbs.,"72.0""",Orthodox,8,4,0,
2091,Dong Hyun,Kim,Stun Gun,"6' 2""",170 lbs.,"76.0""",Southpaw,22,4,1,
2092,Jin Oh,Kim,,"5' 9""",205 lbs.,--,Orthodox,0,4,0,
2093,Dae Won,Kim,,"5' 11""",180 lbs.,--,Orthodox,11,7,0,
2094,Jong Wang,Kim,,"6' 1""",240 lbs.,--,,13,23,0,
2095,Jong Won,Kim,,"5' 7""",139 lbs.,--,Orthodox,0,1,0,
2096,Min Soo,Kim,,"6' 1""",255 lbs.,--,Southpaw,3,7,0,
2097,Jong Man,Kim,Special Force,"5' 7""",139 lbs.,--,Orthodox,23,11,3,
2098,Ji Yeon,Kim,Firefist,"5' 7""",125 lbs.,"72.0""",Orthodox,9,7,2,
2099,MinWoo,Kim,Korean MOAI,"5' 8""",135 lbs.,"72.0""",Orthodox,10,2,0,
2100,HanSeul,Kim,Spade,"6' 1""",170 lbs.,"73.0""",Southpaw,13,6,0,
2101,KyeungPyo,Kim,Redhorse,"5' 9""",155 lbs.,"71.0""",Orthodox,11,4,0,
2102,Sangwook,Kim,Frogman,"6' 0""",155 lbs.,"71.0""",Orthodox,13,4,0,
2103,SangWon,Kim,No Problem,"5' 9""",145 lbs.,"69.0""",Orthodox,10,6,1,
2104,KyuSung,Kim,,"5' 11""",125 lbs.,"69.0""",Orthodox,12,6,0,
2105,So Yul,Kim,,--,115 lbs.,--,,8,1,0,
2106,Jeremy,Kimball,,"6' 0""",205 lbs.,"72.0""",Switch,15,8,0,
2107,Rob,Kimmons,The Rosedale Reaper,"5' 10""",185 lbs.,"73.0""",Orthodox,25,9,0,
2108,Dustin,Kimura,The Diamond,"5' 7""",135 lbs.,"71.0""",Orthodox,11,3,0,
2109,Taiei,Kin,,"5' 11""",185 lbs.,--,Orthodox,6,3,0,
2110,Mike,King,,"6' 3""",185 lbs.,--,,5,1,0,
2111,Sean,King III,The King of New Orleans,"5' 11""",145 lbs.,"72.0""",Orthodox,7,0,0,
2112,Kyle,Kingsbury,Kingsbu,"6' 4""",205 lbs.,"79.0""",Orthodox,11,6,0,
2113,Yusaku,Kinoshita,,"6' 0""",170 lbs.,"71.0""",Southpaw,6,3,0,
2114,Kamuela,Kirk,The Jawaiian,"5' 10""",155 lbs.,"75.0""",Switch,12,6,0,
2115,Yurij,Kiseliov,Playboy,"5' 8""",185 lbs.,--,Orthodox,5,4,0,
2116,Justine,Kish,,"5' 5""",125 lbs.,"64.0""",Orthodox,7,4,0,
2117,Koji,Kitao,,"6' 7""",350 lbs.,--,Southpaw,1,2,0,
2118,Satoru,Kitaoka,,"5' 6""",154 lbs.,--,,40,14,9,
2119,Top Noi,Kiwram,,"5' 5""",125 lbs.,"67.0""",Southpaw,9,5,0,
2120,Ludovit,Klein,Mr. Highlight,"5' 7""",155 lbs.,"72.0""",Southpaw,24,6,1,
2121,Nick,Klein,Blue Collar,"6' 1""",185 lbs.,"77.0""",Orthodox,6,3,0,
2122,Seth,Kleinbeck,Mass Destruction,"6' 2""",185 lbs.,--,,8,4,0,
2123,Stefan,Klever,,--,185 lbs.,--,Orthodox,6,1,0,
2124,Fatima,Kline,The Archangel,"5' 6""",115 lbs.,"67.0""",Orthodox,10,1,0,
2125,Felix,Klinkhammer,,"6' 0""",170 lbs.,--,,7,0,0,
2126,Drakkar,Klose,,"5' 9""",155 lbs.,"70.0""",Orthodox,16,4,1,
2127,Michael,Knaap,Hammer,"6' 2""",220 lbs.,--,Orthodox,18,22,3,
2128,Kevin,Knabjian,,"5' 10""",170 lbs.,--,Orthodox,12,7,1,
2129,Jason,Knight,The Kid,"5' 10""",145 lbs.,"71.0""",Orthodox,20,5,0,
2130,William,Knight,Knightmare,"5' 10""",205 lbs.,"73.0""",Orthodox,11,5,0,
2131,Josefine,Knutsson,Thunder,"5' 3""",115 lbs.,"60.0""",Orthodox,8,1,0,
2132,Seokhyeon,Ko,Technical,"5' 10""",170 lbs.,"71.0""",Southpaw,13,3,0,
2133,Isao,Kobayashi,,"5' 8""",145 lbs.,--,,21,4,4,
2134,Kelly,Kobold,Blood Red,"5' 6""",135 lbs.,--,Orthodox,19,3,1,
2135,Erik,Koch,Phoenix,"5' 10""",170 lbs.,"71.0""",Southpaw,16,6,0,
2136,Sokun,Koh,,"6' 1""",205 lbs.,--,,4,1,0,
2137,Shingo,Kohara,,"5' 6""",135 lbs.,--,,1,0,0,
2138,Brad,Kohler,,"5' 9""",220 lbs.,--,Orthodox,12,15,0,
2139,Charlie,Kohler,,"5' 9""",155 lbs.,--,Orthodox,8,4,1,
2140,Tsuyoshi,Kohsaka,TK,"5' 11""",225 lbs.,--,Orthodox,27,19,2,
2141,Kaloyan,Kolev,,"6' 2""",205 lbs.,"73.0""",Orthodox,10,1,0,
2142,John,Kolosci,,"5' 11""",185 lbs.,--,Orthodox,15,9,0,
2143,Yuki,Kondo,,"5' 11""",183 lbs.,--,Southpaw,60,33,9,
2144,Syuri,Kondo,,"5' 4""",115 lbs.,"66.0""",Orthodox,6,3,0,
2145,Mantas,Kondratavicius,,"6' 2""",185 lbs.,"75.0""",Orthodox,9,1,0,
2146,Cheick,Kongo,,"6' 4""",240 lbs.,"82.0""",Orthodox,27,10,2,
2147,Andrei,Kopylov,,"6' 2""",265 lbs.,--,Orthodox,6,11,0,
2148,Roman,Kopylov,,"6' 0""",185 lbs.,"75.0""",Southpaw,15,5,0,
2149,Bruno,Korea,,"5' 6""",135 lbs.,"65.0""",,7,3,0,
2150,Chungreng,Koren,The Indian Rhino,"5' 6""",135 lbs.,"67.0""",Orthodox,8,3,0,
2151,Andrey,Koreshkov,Spartan,"6' 0""",170 lbs.,--,,19,2,0,
2152,Josh,Koscheck,,"5' 10""",170 lbs.,"73.0""",Orthodox,17,11,0,
2153,Steven,Koslow,Obi Won Shinobi The Pillow,"5' 7""",135 lbs.,"69.0""",Switch,6,1,0,
2154,Naoyuki,Kotani,,"5' 8""",155 lbs.,"66.0""",Southpaw,34,14,7,
2155,Ilya,Kotau,,--,170 lbs.,--,,1,2,0,
2156,Iouri,Kotchkine,,"6' 2""",235 lbs.,--,Orthodox,7,4,1,
2157,Matt,Kovacs,300,"6' 0""",244 lbs.,--,Orthodox,12,16,0,
2158,Marcus,Kowal,,--,135 lbs.,--,,3,1,1,
2159,Karolina,Kowalkiewicz,,"5' 3""",115 lbs.,"64.0""",Orthodox,16,10,0,
2160,Martin,Kozak,CEO,"6' 4""",185 lbs.,"73.0""",Southpaw,7,0,0,
2161,Steve,Kozola,,--,155 lbs.,--,,8,0,0,
2162,Derrick,Krantz,D-Rock,"5' 10""",170 lbs.,"72.0""",Orthodox,22,12,0,
2163,James,Krause,The,"6' 2""",170 lbs.,"73.0""",Orthodox,28,9,0,
2164,Pascal,Krauss,Panzer,"6' 1""",170 lbs.,--,Orthodox,11,2,0,
2165,Rene,Kronvold,,"5' 8""",170 lbs.,--,Orthodox,5,1,0,
2166,Joe,Kropschot,The Land Animal,"6' 3""",185 lbs.,"79.0""",Orthodox,9,3,0,
2167,Kaynan,Kruschewsky,Bahia,"6' 0""",155 lbs.,"73.0""",Orthodox,15,3,0,
2168,Jorgen,Kruth,The Last Viking,"6' 2""",205 lbs.,--,,5,0,0,
2169,Nikita,Krylov,The Miner,"6' 3""",205 lbs.,"77.0""",Orthodox,31,12,0,
2170,Mariusz,Ksiazkiewicz,The Iron Pol,"6' 3""",185 lbs.,"75.0""",Southpaw,8,1,0,
2171,Eliezer,Kubanza,,"5' 9""",170 lbs.,"74.0""",Orthodox,7,1,0,
2172,Junya,Kudo,,--,135 lbs.,--,Orthodox,10,7,2,
2173,John,Kuhner,,--,170 lbs.,--,,1,2,0,
2174,Michael,Kuiper,,"6' 0""",185 lbs.,"73.0""",Orthodox,15,5,0,
2175,Anton,Kuivanen,,"5' 8""",155 lbs.,"72.0""",Orthodox,24,10,0,
2176,Maiju,Kujala,,--,135 lbs.,--,,6,3,0,
2177,Sumit,Kumar,The Indian Kid,"5' 5""",125 lbs.,"66.0""",Orthodox,8,1,0,
2178,Aleksei,Kunchenko,,"5' 8""",170 lbs.,"70.0""",Orthodox,20,2,0,
2179,Rizvan,Kuniev,,"6' 4""",240 lbs.,"76.0""",Orthodox,14,3,1,
2180,Keigo,Kunihara,,"6' 0""",235 lbs.,--,Orthodox,3,2,0,
2181,Kiichi,Kunimoto,Strasser,"5' 10""",170 lbs.,"71.0""",Orthodox,18,7,2,
2182,Jon,Kunneman,AK-47,"5' 9""",185 lbs.,"73.0""",Orthodox,10,1,0,
2183,Leo,Kuntz,The Lion,"5' 10""",155 lbs.,--,Orthodox,18,4,1,
2184,Korey,Kuppe,,"6' 5""",170 lbs.,"77.0""",Switch,8,4,0,
2185,Ramazan,Kuramagomedov,,"6' 1""",170 lbs.,"73.0""",Orthodox,8,0,0,
2186,Tsuyoshi,Kurihara,,"5' 10""",185 lbs.,--,Orthodox,10,8,2,
2187,Eldari,Kurtanidze,,"5' 6""",235 lbs.,--,Orthodox,0,1,0,
2188,Kyle,Kurtz,,--,170 lbs.,--,,7,5,0,
2189,Ryan,Kuse,3rd Street Savage,"5' 8""",145 lbs.,"71.0""",Orthodox,9,3,0,
2190,Guram,Kutateladze,Georgian Viking,"5' 11""",155 lbs.,"72.0""",Orthodox,13,5,0,
2191,Vadym,Kutsyi,,"6' 0""",170 lbs.,"71.0""",Orthodox,17,2,0,
2192,Lina,Kvokov,,"5' 9""",135 lbs.,--,Orthodox,0,3,0,
2193,Kaleo,Kwan,Leo Boy,"5' 7""",155 lbs.,--,,11,16,0,
2194,Jarrod,Kwitty,,"5' 8""",185 lbs.,--,,2,2,0,
2195,Mike,Kyle,MAK,"6' 4""",205 lbs.,"77.0""",Orthodox,22,14,1,
2196,Lisa,Kyriacou,The Savage,"5' 5""",125 lbs.,"64.0""",Orthodox,7,2,0,
2197,Achmed,Labasanov,,"6' 3""",215 lbs.,--,Orthodox,7,4,0,
2198,Josh,LaBerge,,"5' 10""",145 lbs.,--,,11,6,0,
2199,Jeremiah,Labiano,The Kid,"5' 10""",135 lbs.,--,,11,5,0,
2200,Daniel,Lacerda,Miojo,"5' 6""",125 lbs.,"70.0""",Switch,11,6,0,
2201,Luan,Lacerda,,"5' 7""",135 lbs.,"71.0""",Orthodox,13,4,0,
2202,Kemran,Lachinov,,--,170 lbs.,--,,3,2,0,
2203,Aspen,Ladd,,"5' 6""",135 lbs.,"66.0""",Orthodox,9,3,0,
2204,Ryan,LaFlare,,"6' 1""",170 lbs.,"74.0""",Southpaw,14,3,0,
2205,Corinne,Laframboise,,"5' 4""",125 lbs.,"65.0""",Orthodox,8,5,0,
2206,Ben,Lagman,Bad News,"6' 2""",185 lbs.,--,,6,5,0,
2207,Noad,Lahat,Neo,"5' 9""",145 lbs.,"69.0""",Orthodox,11,2,0,
2208,Tina,Lahdemaki,Jelly Bean,"5' 2""",115 lbs.,--,Orthodox,5,1,0,
2209,Yohan,Lainesse,White Lion,"6' 1""",170 lbs.,"76.0""",Orthodox,9,3,0,
2210,Tim,Lajcik,The Bohemian,"6' 1""",225 lbs.,--,Orthodox,7,6,1,
2211,Todd,Lally,,"5' 7""",145 lbs.,--,Orthodox,2,1,0,
2212,Sean,Lally,The Unpredictable One,"6' 0""",170 lbs.,--,Orthodox,7,3,0,
2213,Ricardo,Lamas,The Bully,"5' 8""",145 lbs.,"71.0""",Orthodox,20,8,0,
2214,Jason,Lambert,The Punisher,"6' 3""",185 lbs.,"75.0""",Orthodox,26,13,0,
2215,Jose,Landi-Jons,Pele,"5' 11""",170 lbs.,--,Orthodox,29,16,0,
2216,Nate,Landwehr,The Train,"5' 9""",155 lbs.,"72.0""",Orthodox,18,8,0,
2217,Austen,Lane,,"6' 6""",205 lbs.,"80.0""",Orthodox,13,8,0,
2218,Aaron,Lanfranco,,--,155 lbs.,--,,5,1,0,
2219,Jeremy,Lang,,"5' 11""",205 lbs.,--,Southpaw,21,2,0,
2220,Lionel,Lanham,,--,205 lbs.,--,,5,1,0,
2221,Lina,Lansberg,Elbow Queen,"5' 7""",135 lbs.,"65.0""",Orthodox,10,8,0,
2222,Taylor,Lapilus,Double Impact,"5' 6""",135 lbs.,"73.0""",Southpaw,21,4,0,
2223,Chad,Laprise,The Disciple,"5' 10""",170 lbs.,"71.0""",Orthodox,13,4,0,
2224,Anthony,Lapsley,The Recipe,"5' 9""",170 lbs.,--,Southpaw,23,7,0,
2225,TJ,Laramie,,"5' 6""",145 lbs.,"66.0""",Orthodox,12,5,0,
2226,Joseph,Larcinese,Big Sexy,"5' 3""",125 lbs.,"64.0""",Orthodox,6,1,0,
2227,Icho,Larenas,,"6' 3""",235 lbs.,--,Orthodox,6,5,0,
2228,Lorenz,Larkin,The Monsoon,"5' 11""",170 lbs.,"72.0""",Orthodox,18,6,0,
2229,Jeremy,Larsen,,"5' 10""",145 lbs.,"70.0""",Orthodox,8,5,0,
2230,Brock,Larson,,"5' 11""",170 lbs.,"71.0""",Southpaw,42,10,0,
2231,Ryan,Larson,,--,170 lbs.,--,,6,2,0,
2232,Bobby,Lashley,,"6' 3""",255 lbs.,"78.0""",Orthodox,15,2,0,
2233,Ilir,Latifi,The Sledgehammer,"5' 10""",230 lbs.,"73.0""",Orthodox,17,9,0,
2234,Sione,Latu,,"6' 0""",215 lbs.,--,,1,0,0,
2235,Phillip,Latu,The Doctor,"6' 3""",205 lbs.,"76.0""",Orthodox,6,2,0,
2236,Jenel,Lausa,,"5' 5""",125 lbs.,"68.0""",Orthodox,7,5,0,
2237,Joe,Lauzon,,"5' 10""",155 lbs.,"71.0""",Orthodox,28,16,0,
2238,Dan,Lauzon,The Upgrade,"5' 10""",155 lbs.,--,Orthodox,17,6,0,
2239,Sandra,Lavado,Peruvian Zombie,"5' 7""",115 lbs.,"66.0""",Orthodox,10,3,0,
2240,Chatt,Lavender,,"5' 8""",170 lbs.,--,,9,7,0,
2241,Cody,Law,,--,145 lbs.,--,,9,2,0,
2242,Muhammed,Lawal,King Mo,"6' 0""",205 lbs.,"78.0""",Southpaw,21,6,0,
2243,Robbie,Lawler,Ruthless,"5' 11""",170 lbs.,"74.0""",Southpaw,30,16,0,
2244,Tom,Lawlor,Filthy,"6' 0""",205 lbs.,"74.0""",Southpaw,10,6,0,
2245,Justin,Lawrence,The American Kidd,"5' 8""",145 lbs.,"67.0""",Orthodox,10,4,0,
2246,Lance,Lawrence,,"6' 1""",145 lbs.,"74.0""",Orthodox,4,1,0,
2247,Ronnie,Lawrence,The Heat,"5' 8""",135 lbs.,"68.0""",Switch,8,2,0,
2248,Eric,Lawson,,"6' 0""",185 lbs.,--,Orthodox,9,5,0,
2249,Jimmy,Lawson,Greedy,"6' 0""",265 lbs.,"77.0""",Orthodox,4,2,0,
2250,Valmir,Lazaro,Bidu,"6' 0""",155 lbs.,"73.0""",Orthodox,15,5,0,
2251,Zviad,Lazishvili,,"5' 6""",135 lbs.,"69.0""",Orthodox,13,1,0,
2252,Mounir,Lazzez,The Sniper,"6' 1""",170 lbs.,"76.0""",Orthodox,11,3,0,
2253,Cung,Le,,"5' 9""",185 lbs.,"70.0""",Southpaw,9,3,0,
2254,Thanh,Le,,"5' 9""",145 lbs.,"74.0""",Orthodox,6,1,0,
2255,Quang,Le,Bang,"5' 7""",135 lbs.,"70.0""",Orthodox,9,3,0,
2256,Carlos,Leal,The Lion,"5' 11""",170 lbs.,"74.0""",Orthodox,23,7,0,
2257,Jordan,Leavitt,The Monkey King,"5' 9""",145 lbs.,"71.0""",Southpaw,13,4,0,
2258,Jerome,LeBanner,,"6' 3""",265 lbs.,--,Southpaw,3,2,0,
2259,Chris,Leben,The Crippler,"5' 11""",185 lbs.,"73.0""",Southpaw,22,11,0,
2260,Julien,Leblanc,,"6' 2""",185 lbs.,"74.0""",Southpaw,10,3,0,
2261,Jean-Paul,Lebosnoyani,Mufasa,"5' 11""",170 lbs.,"72.0""",Switch,11,2,0,
2262,Mickael,Lebout,Ragnar,"5' 11""",155 lbs.,"73.0""",Orthodox,16,7,1,
2263,Stephen,Ledbetter,,"5' 9""",145 lbs.,--,Orthodox,8,3,0,
2264,Justin,Ledet,El Blanco,"6' 4""",205 lbs.,"80.0""",Orthodox,9,4,0,
2265,James,Lee,,"5' 11""",205 lbs.,--,Southpaw,15,3,0,
2266,David,Lee,,"5' 10""",155 lbs.,--,Orthodox,12,10,0,
2267,Jackie,Lee,,--,--,--,,0,1,0,
2268,Eun Soo,Lee,,"6' 1""",215 lbs.,--,Orthodox,17,4,0,
2269,Tae Hyun,Lee,,"6' 6""",295 lbs.,--,Orthodox,1,2,0,
2270,Tommy,Lee,,"5' 7""",145 lbs.,--,Orthodox,25,6,0,
2271,Matt,Lee,,"5' 11""",155 lbs.,--,Orthodox,14,10,1,
2272,Imani,Lee,,--,--,--,Orthodox,2,4,0,
2273,Vaughan,Lee,,"5' 6""",125 lbs.,"66.0""",Orthodox,14,13,1,
2274,Kevin,Lee,The Motown Phenom,"5' 9""",170 lbs.,"77.0""",Orthodox,18,8,0,
2275,Rocky,Lee,,"5' 9""",145 lbs.,--,Orthodox,3,2,0,
2276,Andrea,Lee,KGB,"5' 6""",125 lbs.,"69.0""",Orthodox,13,11,0,
2277,JeongYeong,Lee,Korean Tiger,"5' 10""",145 lbs.,"73.0""",Orthodox,11,3,0,
2278,JungHyun,Lee,The Phenom,"5' 5""",125 lbs.,"65.0""",Orthodox,8,1,0,
2279,ChangHo,Lee,,"5' 8""",135 lbs.,"69.0""",Orthodox,11,2,0,
2280,Macksom,Lee,,"6' 1""",135 lbs.,"75.0""",Orthodox,9,1,0,
2281,YiSak,Lee,The Tank,"6' 0""",185 lbs.,"72.0""",Orthodox,8,2,0,
2282,Ricky,Legere Jr.,IE Bad Boy,"5' 8""",170 lbs.,--,,14,4,0,
2283,Sherron,Leggett,Rob Roy,"5' 8""",155 lbs.,--,Southpaw,21,6,0,
2284,Cheyden,Leialoha,Steadfast,"5' 8""",135 lbs.,"73.0""",Orthodox,6,0,0,
2285,Claudia,Leite,,"5' 3""",135 lbs.,"64.0""",Orthodox,8,3,0,
2286,Thales,Leites,,"6' 1""",185 lbs.,"78.0""",Orthodox,28,9,0,
2287,Jovan,Leka,,"6' 4""",263 lbs.,"75.0""",Orthodox,14,2,0,
2288,Stefan,Leko,Blitz,"6' 2""",215 lbs.,--,Orthodox,0,3,0,
2289,Gabe,Lemley,,"5' 8""",155 lbs.,--,Orthodox,13,9,0,
2290,Amanda,Lemos,,"5' 4""",115 lbs.,"65.0""",Southpaw,15,7,1,
2291,Giacomo,Lemos,,"6' 3""",247 lbs.,"75.0""",Orthodox,6,0,0,
2292,Christophe,Leninger,,"6' 0""",200 lbs.,--,Southpaw,3,4,0,
2293,Jesse,Lennox,The Ox,"5' 9""",170 lbs.,"72.0""",Orthodox,14,4,0,
2294,Jean Francois,Lenogue,,"6' 0""",185 lbs.,--,Orthodox,16,17,3,
2295,Nik,Lentz,The Carny,"5' 8""",145 lbs.,"68.0""",Orthodox,30,12,2,
2296,Alberta Cerra,Leon,,"5' 8""",238 lbs.,--,,0,1,0,
2297,Victoria,Leonardo,Fury,"5' 5""",125 lbs.,"64.0""",Orthodox,9,7,0,
2298,Anthony,Leone,,"5' 6""",135 lbs.,--,Orthodox,15,8,0,
2299,Chad,Leonhardt,The Boss,"6' 0""",170 lbs.,--,,9,4,0,
2300,Kimo,Leopoldo,,"6' 3""",235 lbs.,--,Orthodox,10,7,1,
2301,Michael,Lerma,,--,--,--,,0,1,0,
2302,Lukasz,Les,,--,170 lbs.,--,,8,3,0,
2303,Brock,Lesnar,,"6' 3""",265 lbs.,"81.0""",Orthodox,5,3,0,
2304,Frank,Lester,,"5' 11""",170 lbs.,--,Orthodox,11,6,0,
2305,Valerie,Letourneau,Trouble,"5' 7""",115 lbs.,"68.0""",Orthodox,8,6,0,
2306,Leah,Letson,Nidas,"5' 7""",145 lbs.,"71.0""",Southpaw,5,3,0,
2307,Justin,Levens,The Executioner,"5' 11""",185 lbs.,--,Orthodox,10,7,0,
2308,Marcus,LeVesseur,The Prospect,"5' 9""",155 lbs.,"70.0""",Southpaw,22,7,0,
2309,David,Levicki,,"6' 5""",275 lbs.,--,,1,3,0,
2310,Kyle,Levinton,,--,--,--,,0,3,0,
2311,Natan,Levy,Lethal,"5' 9""",155 lbs.,"71.0""",Southpaw,8,2,0,
2312,John,Lewis,,"6' 0""",155 lbs.,--,Southpaw,3,4,3,
2313,Derrick,Lewis,The Black Beast,"6' 3""",260 lbs.,"79.0""",Orthodox,29,14,0,
2314,Bevon,Lewis,,"6' 3""",185 lbs.,"79.0""",Orthodox,7,3,0,
2315,Brandon,Lewis,,"5' 4""",135 lbs.,"70.0""",Orthodox,6,2,0,
2316,Malik,Lewis,Hard Knock,"6' 0""",155 lbs.,"75.0""",Orthodox,6,2,0,
2317,Chi,Lewis-Parry,Chopper,"6' 9""",243 lbs.,--,,7,0,1,
2318,Li,Jingliang,The Leech,"6' 0""",170 lbs.,"71.0""",Orthodox,19,9,0,
2319,Li,Yunfeng,,"5' 8""",135 lbs.,"68.0""",Orthodox,9,5,0,
2320,Liang,Na,The Dragon Girl,"5' 5""",125 lbs.,"67.0""",Orthodox,19,8,0,
2321,Jess,Liaudin,The Joker,"5' 9""",170 lbs.,"72.0""",Orthodox,20,11,0,
2322,Chuck,Liddell,The Iceman,"6' 2""",205 lbs.,"76.0""",Orthodox,21,8,0,
2323,Rodrigo,Lidio,Dynamis,"5' 11""",155 lbs.,"73.0""",Orthodox,12,3,0,
2324,Sam,Liera,,--,--,--,,12,10,0,
2325,Zach,Light,,"5' 8""",170 lbs.,--,Orthodox,9,11,0,
2326,Scott,Lighty,,"6' 2""",205 lbs.,--,,6,2,0,
2327,Chris,Liguori,,"5' 9""",185 lbs.,--,Orthodox,15,10,0,
2328,Donnie,Liles,,"5' 9""",170 lbs.,--,Orthodox,17,7,0,
2329,Jae Suk,Lim,,"5' 9""",170 lbs.,--,Orthodox,17,6,0,
2330,Hyun Gyu,Lim,The Ace,"6' 3""",170 lbs.,"77.0""",Orthodox,13,7,1,
2331,GwanWoo,Lim,The Giant,"6' 2""",145 lbs.,"74.0""",Southpaw,5,2,0,
2332,Juliana,Lima,Ju Thai,"5' 5""",115 lbs.,"65.0""",Orthodox,9,5,0,
2333,Dhiego,Lima,,"6' 2""",170 lbs.,"75.0""",Orthodox,17,9,0,
2334,Douglas,Lima,The Phenom,"6' 1""",170 lbs.,--,,29,6,0,
2335,Mabelly,Lima,,"5' 2""",135 lbs.,--,Orthodox,7,1,0,
2336,Andre,Lima,Mascote,"5' 7""",125 lbs.,"67.0""",Orthodox,12,1,0,
2337,Felipe,Lima,Jungle Boy,"5' 6""",145 lbs.,"68.0""",Orthodox,15,2,0,
2338,Miguel,Linares,,--,--,--,,2,4,0,
2339,Emiliano,Linares,Golden Bull,"5' 8""",145 lbs.,"72.0""",Orthodox,8,2,0,
2340,Matt,Lindland,The Law,"6' 0""",185 lbs.,"74.0""",Southpaw,22,9,0,
2341,Jake,Lindsey,The Librarian,"5' 11""",155 lbs.,--,Switch,12,7,0,
2342,John,Lineker,Hands of Stone,"5' 3""",135 lbs.,"67.0""",Orthodox,31,9,0,
2343,Austin,Lingo,Lights Out,"5' 10""",145 lbs.,"70.0""",Orthodox,9,3,0,
2344,Lucio,Linhares,,"6' 2""",185 lbs.,--,Orthodox,19,8,0,
2345,Philipe,Lins,Monstro,"6' 2""",205 lbs.,"78.0""",Orthodox,18,5,0,
2346,Tainara,Lisboa,Thai Panther,"5' 7""",135 lbs.,"67.0""",Orthodox,7,4,0,
2347,Dean,Lister,The Boogeyman,"6' 1""",185 lbs.,"75.0""",Orthodox,13,7,0,
2348,Wesley,Little,,"6' 4""",205 lbs.,--,,4,8,0,
2349,Liu,Ce,The Oriental Dragon,"6' 3""",205 lbs.,"77.0""",Orthodox,4,1,0,
2350,Adam,Livingston,Bomb,"6' 1""",155 lbs.,"72.0""",Orthodox,8,1,0,
2351,James,Llontop,Goku,"6' 0""",155 lbs.,"73.0""",Orthodox,14,5,0,
2352,Abner,Lloveras,Skullman,"5' 11""",155 lbs.,--,,20,9,1,
2353,Brian,Lo-A-Njoe,,"5' 7""",155 lbs.,--,Orthodox,6,10,3,
2354,John,Lober,The Machine,"5' 11""",199 lbs.,--,Orthodox,5,9,4,
2355,Artem,Lobov,The Russian Hammer,"5' 9""",145 lbs.,"65.0""",Southpaw,13,15,1,
2356,Dylan,Lockard,,"5' 9""",145 lbs.,"72.0""",Orthodox,6,2,0,
2357,Ryan,Loder,Man of Steel,"6' 2""",185 lbs.,"76.0""",Southpaw,8,3,0,
2358,Sean,Loeffler,The Destroyer,"6' 3""",185 lbs.,--,Orthodox,31,5,0,
2359,Christian,Lohsen,Hollywood,"6' 2""",155 lbs.,"77.0""",Southpaw,4,2,0,
2360,David,Loiseau,The Crow,"6' 0""",185 lbs.,"76.0""",Orthodox,23,11,0,
2361,Hector,Lombard,,"5' 9""",185 lbs.,"71.0""",Southpaw,34,10,1,
2362,Michael,Lombardo,The Don,"6' 0""",170 lbs.,"72.0""",Orthodox,11,2,0,
2363,Rocky,Long,,--,145 lbs.,--,,21,37,1,
2364,Thomas,Longacre,,"5' 9""",145 lbs.,--,Orthodox,6,1,0,
2365,Loma,Lookboonmee,,"5' 1""",115 lbs.,"61.0""",Orthodox,10,5,0,
2366,Ange,Loosa,The Last Ninja,"5' 10""",170 lbs.,"74.0""",Orthodox,10,5,0,
2367,Lucas,Lopes,,"6' 2""",185 lbs.,--,,29,19,0,
2368,Dileno,Lopes,,"5' 5""",135 lbs.,--,,19,3,0,
2369,Diego,Lopes,,"5' 11""",145 lbs.,"72.0""",Orthodox,28,8,0,
2370,Bruno,Lopes,The Brazilian Cowboy,"6' 2""",205 lbs.,"74.0""",Orthodox,14,4,0,
2371,Arthur,Lopes,Demolidor,"6' 2""",234 lbs.,"77.0""",Southpaw,6,2,0,
2372,Henrique Da Silva,Lopes,Montanha,--,265 lbs.,--,Orthodox,5,2,0,
2373,Ivan,Lopez,,"5' 6""",135 lbs.,--,Southpaw,14,3,1,
2374,Steve,Lopez,,"5' 11""",155 lbs.,--,Orthodox,13,6,1,
2375,Federico,Lopez,Kiko,"5' 4""",139 lbs.,--,Orthodox,10,6,0,
2376,Jorge,Lopez,,"5' 10""",170 lbs.,--,Orthodox,11,5,0,
2377,Christopher,Lopez,,"5' 10""",170 lbs.,--,,9,1,0,
2378,Matthew,Lopez,,"5' 7""",135 lbs.,"69.0""",Southpaw,10,4,0,
2379,Benito,Lopez,Golden Boy,"5' 10""",135 lbs.,"73.0""",Switch,10,2,0,
2380,Gustavo,Lopez,,"5' 5""",135 lbs.,"67.0""",Orthodox,12,6,1,
2381,Gabriel,Lorenco,The Black Mamba,"6' 2""",229 lbs.,"76.0""",Orthodox,8,1,0,
2382,Alik,Lorenz,,"6' 2""",205 lbs.,"77.0""",Orthodox,8,2,0,
2383,Colton,Loud,,"5' 8""",125 lbs.,"71.0""",Switch,7,2,0,
2384,Brendan,Loughnane,,"5' 10""",145 lbs.,"70.0""",Switch,17,3,0,
2385,Nate,Loughran,,"6' 2""",185 lbs.,--,Orthodox,11,2,0,
2386,Caolan,Loughran,The Don,"5' 6""",135 lbs.,"68.0""",Orthodox,10,2,0,
2387,Rashard,Lovelace,,--,155 lbs.,--,,4,1,0,
2388,Ian,Loveland,The Barn Owl,"5' 8""",145 lbs.,--,Orthodox,18,10,0,
2389,Jakob,Lovstad,The Striking Viking,"6' 3""",205 lbs.,--,Orthodox,11,4,0,
2390,Waylon,Lowe,,"5' 7""",145 lbs.,--,Southpaw,16,7,0,
2391,Brandon,Lowe,,--,155 lbs.,--,,2,1,0,
2392,Joe,Lowry,,"5' 11""",155 lbs.,"73.0""",Orthodox,9,2,0,
2393,Lu,Kai,The Last Gladiator,"5' 9""",145 lbs.,"69.0""",Orthodox,8,5,0,
2394,Lu,Zhengyong,,--,125 lbs.,--,,12,7,0,
2395,Robert,Lucarelli,,"6' 2""",245 lbs.,--,,0,1,0,
2396,Matt,Lucas,Luke Duke,"6' 1""",205 lbs.,--,,15,3,0,
2397,Cleber,Luciano,,"5' 6""",155 lbs.,--,,14,6,0,
2398,Stephanie,Luciano,Rondinha,"5' 6""",115 lbs.,"65.0""",Orthodox,8,2,1,
2399,Iasmin,Lucindo,,"5' 3""",115 lbs.,"66.0""",Orthodox,18,6,0,
2400,Duane,Ludwig,Bang,"5' 10""",170 lbs.,"70.0""",Orthodox,21,14,0,
2401,Lawrence,Lui,Lok Yin,"5' 7""",135 lbs.,"72.0""",Orthodox,8,2,0,
2402,Mike,Lullo,,"5' 8""",145 lbs.,--,Orthodox,8,3,0,
2403,Juan Andres,Luna,,"5' 7""",125 lbs.,"72.0""",Orthodox,12,1,0,
2404,Paula,Luna,La Prodigia,"5' 2""",125 lbs.,"62.0""",Orthodox,5,3,0,
2405,Santiago,Luna,BorderBoy,"5' 9""",135 lbs.,"74.0""",Orthodox,8,1,0,
2406,Dalcha,Lungiambula,Champion,"5' 8""",185 lbs.,"76.0""",Orthodox,11,6,0,
2407,Alexandru,Lungu,,"6' 0""",385 lbs.,--,Orthodox,14,4,0,
2408,Vicente,Luque,The Silent Assassin,"5' 11""",185 lbs.,"75.0""",Orthodox,24,13,1,
2409,Thaddeus,Luster,,"6' 3""",210 lbs.,--,,0,1,0,
2410,Travis,Lutter,The Serial Killer,"5' 11""",185 lbs.,"75.0""",Orthodox,10,6,0,
2411,Joilton,Lutterbach,Peregrino,"6' 1""",185 lbs.,"75.0""",Orthodox,38,9,0,
2412,Tucker,Lutz,Top Gun,"5' 8""",145 lbs.,"72.0""",Orthodox,12,4,0,
2413,Lv,Zhenhong,,"5' 8""",145 lbs.,"67.0""",Switch,16,6,0,
2414,Stevie,Lynch,,"5' 10""",170 lbs.,--,Orthodox,5,2,0,
2415,Adam,Lynn,,"5' 10""",155 lbs.,--,Orthodox,17,10,0,
2416,Chris,Lytle,Lights Out,"5' 11""",170 lbs.,"68.0""",Orthodox,31,18,5,
2417,Dong Hyun,Ma,Maestro,"5' 11""",155 lbs.,"70.0""",Orthodox,16,11,3,
2418,Pawan,Maan,,"5' 7""",155 lbs.,"70.0""",Orthodox,7,3,1,
2419,William,Macario,Patolino,"5' 11""",170 lbs.,"75.0""",Orthodox,9,3,0,
2420,Jason,MacDonald,The Athlete,"6' 3""",185 lbs.,"80.0""",Orthodox,25,16,0,
2421,Rob,MacDonald,Maximus,"6' 3""",205 lbs.,"78.0""",Orthodox,5,4,0,
2422,Rory,MacDonald,Red King,"6' 0""",170 lbs.,"76.0""",Orthodox,19,4,0,
2423,Ryan,MacDonald,Main Event,"5' 11""",135 lbs.,"71.0""",Switch,10,2,0,
2424,Clayton,MacFarlane,,--,170 lbs.,--,,4,1,0,
2425,Ilima,Macfarlane,,"5' 4""",125 lbs.,--,,6,0,0,
2426,Valesca,Machado,Tina Black,"5' 4""",115 lbs.,"63.0""",Orthodox,8,3,0,
2427,Caio,Machado,Bigfoot,"6' 4""",250 lbs.,"78.0""",Southpaw,8,4,1,
2428,Ian,Machado Garry,The Future,"6' 3""",170 lbs.,"74.0""",Orthodox,17,2,0,
2429,Lyoto,Machida,The Dragon,"6' 1""",185 lbs.,"74.0""",Southpaw,24,8,0,
2430,War,Machine,,"5' 11""",170 lbs.,--,Orthodox,14,5,0,
2431,Anthony,Macias,Mad Dog,"5' 9""",185 lbs.,--,Switch,26,18,0,
2432,Pauline,Macias,PITA,"5' 4""",115 lbs.,"64.0""",Southpaw,4,1,0,
2433,Reza,Madadi,Mad Dog,"5' 11""",155 lbs.,"73.0""",Orthodox,14,6,0,
2434,Don,Madge,Magic Man,"6' 0""",155 lbs.,"72.0""",Southpaw,9,3,1,
2435,Ryan,Madigan,,"6' 0""",170 lbs.,--,Orthodox,5,3,0,
2436,Victor,Madrigal,Periquito,"5' 7""",135 lbs.,"71.0""",Orthodox,15,5,0,
2437,Jon,Madsen,,"6' 0""",240 lbs.,"72.0""",Orthodox,8,2,0,
2438,Mark,Madsen,The Olympian,"5' 8""",155 lbs.,"72.0""",Orthodox,12,2,0,
2439,Yoshiro,Maeda,,"5' 7""",139 lbs.,"68.0""",Southpaw,35,16,5,
2440,Leonardo,Mafra,Macarrao,"5' 10""",155 lbs.,"70.0""",Orthodox,13,4,0,
2441,Vinny,Magalhaes,Pezao,"6' 3""",205 lbs.,"75.0""",Orthodox,14,9,0,
2442,Vinicius,Magalhaes,Draculinho,--,145 lbs.,--,,2,1,0,
2443,Caio,Magalhaes,Hellboy,"6' 1""",185 lbs.,"73.0""",Orthodox,10,3,0,
2444,Bernardo,Magalhaes,Trekko,"5' 9""",155 lbs.,--,Orthodox,13,4,0,
2445,Eric,Magana,,--,--,--,,1,1,0,
2446,Brandon,Magana,,--,170 lbs.,--,Orthodox,6,2,0,
2447,Angela,Magana,Your Majesty,"5' 1""",115 lbs.,"65.0""",Orthodox,11,9,0,
2448,Neil,Magny,The Haitian Sensation,"6' 3""",170 lbs.,"80.0""",Orthodox,32,15,0,
2449,Raimond,Magomedaliev,,"6' 1""",170 lbs.,"75.0""",Orthodox,10,2,0,
2450,Ibragim,Magomedov,,"6' 0""",250 lbs.,--,Orthodox,22,8,1,
2451,Rashid,Magomedov,Highlander,"5' 9""",155 lbs.,"70.0""",Orthodox,20,2,0,
2452,Ruslan,Magomedov,Leopard,"6' 3""",242 lbs.,"78.0""",Orthodox,14,1,0,
2453,Abus,Magomedov,,"6' 2""",185 lbs.,"78.0""",Orthodox,29,7,1,
2454,Shara,Magomedov,Bullet,"6' 2""",185 lbs.,"73.0""",Orthodox,17,1,0,
2455,Murtazali,Magomedov,The Highlight,"5' 9""",145 lbs.,"70.0""",Orthodox,11,0,0,
2456,Zabit,Magomedsharipov,,"6' 1""",145 lbs.,"73.0""",Orthodox,18,1,0,
2457,John,Maguire,The One,"5' 9""",155 lbs.,"69.0""",Southpaw,24,9,0,
2458,Lolohea,Mahe,,--,--,--,,10,4,1,
2459,Michelle,Maher,,--,145 lbs.,--,,1,2,0,
2460,,Maheshate,,"6' 0""",155 lbs.,"71.0""",Orthodox,12,5,0,
2461,Javad,Mahjoub,,--,--,--,,5,0,0,
2462,Bill,Mahood,The Butcher,"6' 3""",200 lbs.,--,Orthodox,20,7,1,
2463,Klayton,Mai,,"5' 9""",125 lbs.,--,,8,3,0,
2464,Demian,Maia,,"6' 1""",170 lbs.,"72.0""",Southpaw,28,11,0,
2465,Jennifer,Maia,,"5' 4""",125 lbs.,"64.0""",Orthodox,21,10,1,
2466,Nayara,Maia,Capita,"5' 5""",125 lbs.,"66.0""",Orthodox,7,1,1,
2467,Yilizhati,Maimaitijiang,The Taranchi,"6' 4""",185 lbs.,"77.0""",Orthodox,7,1,1,
2468,Roshan,Mainam,The Indian Notorious,--,135 lbs.,--,,6,3,0,
2469,Levan,Makashvili,The Hornet,"5' 8""",145 lbs.,"68.0""",Orthodox,15,2,1,
2470,John,Makdessi,The Bull,"5' 8""",155 lbs.,"68.0""",Orthodox,18,9,0,
2471,Islam,Makhachev,,"5' 10""",170 lbs.,"70.0""",Southpaw,29,1,0,
2472,Aliev,Makhmud,,"5' 6""",195 lbs.,--,Southpaw,0,1,0,
2473,Zach,Makovsky,Fun Size,"5' 4""",125 lbs.,"64.0""",Southpaw,20,8,0,
2474,Azat,Maksum,Qazaq,"5' 7""",125 lbs.,"70.0""",Southpaw,15,3,0,
2475,Jeremy,Malaterre,,"5' 11""",155 lbs.,--,,4,2,0,
2476,Fabio,Maldonado,Caipira de Aco,"6' 1""",205 lbs.,"75.0""",Orthodox,23,11,0,
2477,Marvin,Maldonado,The Bulldog,"5' 6""",135 lbs.,--,,2,4,0,
2478,Bea,Malecki,,"5' 9""",135 lbs.,"74.0""",Orthodox,4,1,0,
2479,Nazareno,Malegarie,El Tigre,"5' 8""",155 lbs.,--,,28,4,0,
2480,Carl,Malenko,,"5' 11""",200 lbs.,--,Orthodox,6,4,0,
2481,Jacob,Malkoun,Mamba,"5' 9""",185 lbs.,"73.0""",Orthodox,10,3,0,
2482,Mike,Malott,Proper,"6' 1""",170 lbs.,"73.0""",Orthodox,14,2,1,
2483,Dan,Manasoiu,,--,--,--,,0,0,0,
2484,Troy,Mandaloniz,Rude Boy,"5' 9""",170 lbs.,--,Orthodox,3,2,0,
2485,Nate,Maness,Mayhem,"5' 10""",125 lbs.,"72.0""",Orthodox,16,3,0,
2486,Michael,Mangan,,--,155 lbs.,--,,0,3,0,
2487,Gary,Mangat,,"5' 7""",135 lbs.,--,,15,3,0,
2488,George,Mangos,,"5' 8""",145 lbs.,"69.0""",Switch,10,1,0,
2489,Melvin,Manhoef,No Mercy,"5' 9""",185 lbs.,--,Orthodox,30,14,1,
2490,Melchor,Manibusan,Barracuda,"5' 5""",154 lbs.,--,Southpaw,2,4,0,
2491,Jon,Manley,,"6' 1""",170 lbs.,--,Orthodox,9,4,0,
2492,Steve,Mann,,"6' 1""",170 lbs.,--,,12,5,0,
2493,Marnic,Mann,The Sawed-Off Savage,"5' 0""",115 lbs.,"64.0""",Southpaw,6,3,0,
2494,Dylan,Mantello,The Quiet Man,"6' 1""",155 lbs.,"73.0""",Orthodox,8,4,0,
2495,Chris,Manuel,,"5' 9""",135 lbs.,--,Orthodox,9,7,2,
2496,Jimi,Manuwa,Poster Boy,"6' 1""",205 lbs.,"79.0""",Orthodox,17,6,0,
2497,Dom,Mar Fan,Street Buddha,"5' 11""",155 lbs.,"75.0""",Orthodox,9,3,0,
2498,Cristiano,Marcello,,"5' 9""",155 lbs.,"72.0""",Orthodox,13,6,0,
2499,Daniel,Marcos,Soncora,"5' 7""",135 lbs.,"69.0""",Orthodox,18,1,0,
2500,Jose,Maria,No Chance,"5' 5""",125 lbs.,--,Orthodox,37,7,0,
2501,Marcos,Mariano,Dhalsim,"6' 1""",155 lbs.,"76.0""",Switch,6,6,0,
2502,Enrique,Marin,Wasabi,"5' 10""",170 lbs.,--,,10,4,0,
2503,Chepe,Mariscal,Machine Gun,"5' 7""",145 lbs.,"69.0""",Orthodox,18,7,0,
2504,Ronny,Markes,,"6' 1""",185 lbs.,"75.0""",Orthodox,17,5,0,
2505,Rory,Markham,,"6' 0""",170 lbs.,"71.0""",Orthodox,17,6,0,
2506,Randa,Markos,Quiet Storm,"5' 4""",115 lbs.,"63.0""",Orthodox,11,12,1,
2507,Christina,Marks,,"5' 7""",125 lbs.,"69.0""",Orthodox,8,9,0,
2508,Brendon,Marotte,The Kid,"5' 9""",145 lbs.,"70.0""",Orthodox,8,3,0,
2509,Nate,Marquardt,The Great,"6' 0""",185 lbs.,"74.0""",Orthodox,35,19,2,
2510,Danilo,Marques,,"6' 6""",205 lbs.,"77.0""",Orthodox,11,4,0,
2511,Julian,Marquez,The Cuban Missile Crisis,"6' 2""",185 lbs.,"72.0""",Orthodox,9,6,0,
2512,Carmelo,Marrero,The Fury,"6' 0""",205 lbs.,"73.0""",Orthodox,16,6,0,
2513,Cesar,Marscucci,,--,--,--,,3,2,0,
2514,John,Marsh,,"6' 0""",265 lbs.,--,Orthodox,8,7,0,
2515,CJ,Marsh,,--,--,--,,5,7,0,
2516,Eliot,Marshall,Fire,"6' 2""",205 lbs.,"77.0""",Orthodox,10,4,0,
2517,Doug,Marshall,The Rhino,"5' 10""",205 lbs.,--,Orthodox,18,8,0,
2518,David,Marshall,,"6' 2""",170 lbs.,--,,8,4,0,
2519,Francis,Marshall,Fire,"5' 9""",155 lbs.,"72.0""",Orthodox,10,3,0,
2520,Jack,Marshman,The Hammer,"6' 0""",185 lbs.,"73.0""",Orthodox,23,10,0,
2521,Terry,Martin,,"5' 8""",185 lbs.,"71.0""",Orthodox,23,11,0,
2522,Eric,Martin,,--,--,--,,0,1,0,
2523,Justin,Martin,,"6' 0""",185 lbs.,--,,4,3,0,
2524,Dave,Martin,,"6' 0""",205 lbs.,--,,0,2,0,
2525,Joe,Martin,,"5' 9""",170 lbs.,--,,6,8,0,
2526,Anthony Rocco,Martin,,"6' 0""",170 lbs.,"73.0""",Orthodox,17,6,0,
2527,Mallory,Martin,,"5' 4""",115 lbs.,"63.0""",Orthodox,7,5,0,
2528,Ozzy,Martin,Toro,--,170 lbs.,--,,4,0,0,
2529,Michal,Martinek,,"6' 2""",230 lbs.,--,Southpaw,7,1,0,
2530,Adrian Luna,Martinetti,,"5' 8""",135 lbs.,"71.0""",Orthodox,17,2,0,
2531,Rainy,Martinez,,"6' 0""",199 lbs.,--,Orthodox,0,2,0,
2532,Danny,Martinez,The Gremlin,"5' 6""",125 lbs.,"67.0""",Orthodox,21,8,0,
2533,Alonzo,Martinez,Zo Diddy,"5' 10""",155 lbs.,--,,42,20,1,
2534,Henry,Martinez,Sicario,"5' 7""",155 lbs.,"69.0""",Southpaw,9,4,0,
2535,Jonathan,Martinez,Dragon,"5' 8""",135 lbs.,"70.0""",Southpaw,19,6,0,
2536,Poppies,Martinez,The Tachi Kid,"5' 9""",145 lbs.,--,,29,11,0,
2537,Andrew,Martinez,Mickey D,"5' 9""",215 lbs.,--,,9,6,0,
2538,Mana,Martinez,ManaBoi,"5' 10""",135 lbs.,"70.0""",Orthodox,10,4,0,
2539,Victor,Martinez,The Brick,"5' 7""",155 lbs.,"70.0""",Orthodox,13,7,0,
2540,Roque,Martinez,,"5' 10""",250 lbs.,"72.0""",Orthodox,15,8,2,
2541,Melissa,Martinez,Super Mely,"5' 2""",115 lbs.,"66.0""",Southpaw,8,2,0,
2542,Julieta,Martinez,The Ninja Ferret,"5' 1""",115 lbs.,"62.0""",Orthodox,8,0,0,
2543,David,Martinez,,"5' 5""",135 lbs.,"67.0""",Orthodox,15,1,0,
2544,Wagner da Conceicao,Martins,Zuluzinho,"6' 7""",390 lbs.,--,Orthodox,9,8,0,
2545,Adriano,Martins,,"5' 10""",155 lbs.,"72.0""",Southpaw,28,9,0,
2546,Lucas,Martins,Mineiro,"6' 0""",145 lbs.,"72.0""",Southpaw,19,3,0,
2547,Max,Martyniouk,Payne,--,155 lbs.,--,,1,1,0,
2548,Bristol,Marunde,,"6' 1""",170 lbs.,"75.0""",Orthodox,16,10,0,
2549,Shoji,Maruyama,,"5' 7""",139 lbs.,--,Orthodox,12,9,1,
2550,Kazuma,Maruyama,Gluttony,"5' 11""",155 lbs.,"72.0""",Orthodox,11,7,0,
2551,Islem,Masraf,Lightning,"6' 0""",205 lbs.,"74.0""",Southpaw,3,1,0,
2552,Mike,Massenzio,The Master of Disaster,"6' 2""",185 lbs.,"73.0""",Southpaw,13,9,0,
2553,Jameel,Massouh,,"5' 10""",145 lbs.,"72.0""",Orthodox,26,9,0,
2554,Tiffany,Masters,Rainbow Renegade,"5' 3""",115 lbs.,"65.0""",Orthodox,2,1,0,
2555,Jorge,Masvidal,Gamebred,"5' 11""",170 lbs.,"74.0""",Orthodox,35,17,0,
2556,Al,Matavao,Sweetness,"5' 8""",205 lbs.,"67.0""",Orthodox,8,3,0,
2557,Tateki,Matsuda,Tech,"5' 7""",125 lbs.,--,Orthodox,13,8,0,
2558,Arisa,Matsuda,,"5' 3""",115 lbs.,"64.0""",Orthodox,8,1,0,
2559,Daijiro,Matsui,,"5' 9""",200 lbs.,--,Orthodox,13,29,7,
2560,Toki,Matsui,,"5' 6""",125 lbs.,"65.0""",Orthodox,6,1,0,
2561,Koichiro,Matsumoto,,"5' 7""",145 lbs.,--,,15,3,1,
2562,Jean,Matsumoto,,"5' 6""",135 lbs.,"68.0""",Orthodox,18,2,0,
2563,Koyomi,Matsushima,,"5' 7""",145 lbs.,"66.0""",Orthodox,13,6,0,
2564,Naoki,Matsushita,,"5' 6""",155 lbs.,--,Orthodox,12,16,11,
2565,AJ,Matthews,,"5' 11""",185 lbs.,--,,8,7,0,
2566,Jake,Matthews,The Celtic Kid,"5' 11""",170 lbs.,"73.0""",Orthodox,23,8,0,
2567,Connor,Matthews,The Controller,"5' 8""",145 lbs.,"71.0""",Switch,7,4,0,
2568,Claudio,Mattos,Popeye,--,185 lbs.,--,Orthodox,5,4,0,
2569,John,Matua,,"6' 2""",400 lbs.,--,Orthodox,1,4,0,
2570,Francesco,Maturi,,--,--,--,,0,1,0,
2571,Vladimir,Matyushenko,The Janitor,"6' 0""",205 lbs.,"74.0""",Orthodox,27,8,0,
2572,Miranda,Maverick,Fear The,"5' 3""",125 lbs.,"65.0""",Southpaw,17,6,0,
2573,Nick,Maximov,,"6' 0""",185 lbs.,"76.0""",Southpaw,8,2,0,
2574,Elaina,Maxwell,Beef,"5' 8""",145 lbs.,--,Orthodox,7,4,0,
2575,Jeremy,May,,"6' 1""",185 lbs.,--,,13,10,0,
2576,Jack,May,The Outlaw,"6' 8""",255 lbs.,--,Switch,9,3,0,
2577,Don'Tale,Mayes,Lord Kong,"6' 6""",260 lbs.,"81.0""",Orthodox,11,9,0,
2578,Gray,Maynard,,"5' 9""",155 lbs.,"70.0""",Orthodox,13,7,1,
2579,Brooke,Mayo,The Bully,"5' 7""",125 lbs.,--,,0,1,0,
2580,Gina,Mazany,Danger,"5' 6""",125 lbs.,"68.0""",Southpaw,7,6,0,
2581,Sabina,Mazo,Colombian Queen,"5' 7""",125 lbs.,"70.0""",Orthodox,9,4,0,
2582,Francesco,Mazzeo,,"6' 3""",205 lbs.,"75.0""",Orthodox,4,1,0,
2583,Scott,McAfee,,"5' 8""",155 lbs.,--,Orthodox,14,7,0,
2584,Bobby,McAndrews,,--,--,--,Orthodox,1,3,0,
2585,Michael,McBride,,"6' 1""",155 lbs.,--,Orthodox,8,3,0,
2586,Ian,McCall,Uncle Creepy,"5' 5""",125 lbs.,"64.0""",Orthodox,13,5,1,
2587,Molly,McCann,Meatball,"5' 4""",115 lbs.,"62.0""",Orthodox,14,8,0,
2588,Charles,McCarthy,Chainsaw,"5' 10""",185 lbs.,"71.0""",Orthodox,10,5,0,
2589,Eric,McConico,,"6' 0""",185 lbs.,"77.0""",Southpaw,11,5,1,
2590,Sean,McCorkle,,"6' 7""",265 lbs.,"81.0""",Orthodox,17,7,0,
2591,Danni,McCormack,Mac,"5' 4""",125 lbs.,"62.0""",Southpaw,9,2,0,
2592,Paddy,McCorry,,"6' 3""",185 lbs.,"73.0""",Switch,7,1,0,
2593,Liam,McCracken,,"5' 9""",155 lbs.,"71.0""",Orthodox,8,2,0,
2594,Kris,McCray,Savage,"6' 0""",170 lbs.,"76.0""",Orthodox,8,5,0,
2595,Tamdan,McCrory,The Barncat,"6' 4""",185 lbs.,"76.0""",Switch,14,5,0,
2596,Rob,McCullough,Razor,"5' 9""",155 lbs.,"69.0""",Orthodox,19,8,0,
2597,Justin,McCully,The Insane One,"6' 1""",225 lbs.,"73.0""",Orthodox,11,5,2,
2598,Robert,McDaniel,Bubba,"6' 3""",185 lbs.,"75.0""",Southpaw,28,10,0,
2599,Michael,McDonald,The Black Sniper,"5' 11""",205 lbs.,--,Orthodox,1,1,0,
2600,Scott,McDonald,,--,--,--,,1,0,0,
2601,Michael,McDonald,Mayday,"5' 9""",135 lbs.,"70.0""",Orthodox,17,4,0,
2602,Josh,McDonald,,--,185 lbs.,--,,9,5,0,
2603,Miles,McDonald,,"5' 7""",115 lbs.,--,,2,1,0,
2604,Justin,McElfresh,,"6' 6""",205 lbs.,--,Orthodox,6,4,0,
2605,Drew,McFedries,The Massacre,"6' 0""",185 lbs.,"72.0""",Southpaw,12,7,0,
2606,Liam,McGeary,,"6' 6""",205 lbs.,--,,12,2,0,
2607,Gan,McGee,The Giant,"6' 10""",265 lbs.,--,Orthodox,13,5,0,
2608,Court,McGee,The Crusher,"5' 11""",170 lbs.,"75.0""",Orthodox,23,14,0,
2609,Marcus,McGhee,The Maniac,"5' 8""",135 lbs.,"69.0""",Orthodox,11,2,0,
2610,Ryan,McGillivray,The Kid,"5' 11""",170 lbs.,--,,12,0,1,
2611,Ryan,McGivern,,"6' 0""",185 lbs.,--,Orthodox,13,7,0,
2612,Jack,McGlaughlin,,--,--,--,Orthodox,1,4,0,
2613,Conor,McGregor,The Notorious,"5' 9""",155 lbs.,"74.0""",Southpaw,22,7,0,
2614,Greg,McIntyre,,"5' 10""",155 lbs.,--,Orthodox,6,4,0,
2615,Antonio,McKee,Mandingo,"5' 8""",155 lbs.,--,Southpaw,29,6,2,
2616,AJ,McKee,Mercenary,"5' 10""",145 lbs.,--,,8,0,0,
2617,Rhys,McKee,Skeletor,"6' 2""",170 lbs.,"78.0""",Orthodox,14,7,1,
2618,Cory,McKenna,Poppins,"5' 3""",115 lbs.,"58.0""",Orthodox,8,4,0,
2619,Tim,McKenzie,,"6' 0""",185 lbs.,"74.0""",Orthodox,14,9,0,
2620,Cody,McKenzie,,"6' 0""",155 lbs.,"72.0""",Switch,16,10,0,
2621,Terrance,McKinney,T. Wrecks,"5' 10""",155 lbs.,"73.0""",Switch,18,9,0,
2622,Brian,McLaughlin,,"5' 9""",155 lbs.,--,,6,2,0,
2623,Jason,McLean,,"5' 5""",145 lbs.,--,,6,7,0,
2624,Garreth,McLellan,Soldier Boy,"6' 1""",185 lbs.,"72.0""",Southpaw,13,6,0,
2625,Sara,McMann,,"5' 6""",135 lbs.,"66.0""",Orthodox,13,6,0,
2626,Tommy,McMillen,Gun,"6' 0""",145 lbs.,"74.0""",Orthodox,12,0,0,
2627,James,McSweeney,The Hammer,"6' 4""",230 lbs.,"77.0""",Switch,15,15,0,
2628,Charles,McTorry,,--,--,--,,3,0,0,
2629,Jackson,McVey,The Moose,"6' 4""",185 lbs.,"77.0""",Southpaw,8,2,0,
2630,Daniel,McWilliams,The Animal,"6' 1""",185 lbs.,--,,15,37,0,
2631,Tim,Means,The Dirty Bird,"6' 2""",170 lbs.,"75.0""",Orthodox,33,17,1,
2632,Yancy,Medeiros,,"5' 10""",155 lbs.,"75.0""",Orthodox,15,8,0,
2633,Anistavio,Medeiros,Gasparzinho,"5' 6""",145 lbs.,--,Orthodox,19,10,0,
2634,Kaline,Medeiros,The Dark Angel,"5' 3""",115 lbs.,--,,8,5,0,
2635,MarQuel,Mederos,,"5' 10""",155 lbs.,"69.0""",Orthodox,12,1,1,
2636,Uros,Medic,The Doctor,"6' 1""",170 lbs.,"71.0""",Southpaw,14,3,0,
2637,Todd,Medina,El Tiburon,"5' 10""",193 lbs.,--,Southpaw,11,9,0,
2638,Jason,Medina,,"5' 9""",180 lbs.,--,,21,15,1,
2639,Emil,Meek,Valhalla,"5' 11""",170 lbs.,"74.0""",Switch,9,5,1,
2640,Sanford Alton,Meeks,,"6' 5""",265 lbs.,"75.0""",Orthodox,1,1,0,
2641,Gerald,Meerschaert,GM3,"6' 1""",185 lbs.,"77.0""",Southpaw,37,22,0,
2642,Frank,Megallon,,"5' 10""",185 lbs.,--,Southpaw,2,3,0,
2643,Derrick,Mehmen,Caveman,"6' 4""",205 lbs.,--,,19,9,0,
2644,Miika,Mehmet,,--,205 lbs.,--,Orthodox,3,5,0,
2645,Jordan,Mein,Young Gun,"6' 0""",170 lbs.,"73.0""",Orthodox,31,12,0,
2646,Bryce,Mejia,,"6' 1""",170 lbs.,--,,3,1,0,
2647,Brian,Melancon,,"5' 8""",170 lbs.,--,Orthodox,7,3,0,
2648,Brandon,Melendez,The Murderer,"5' 11""",155 lbs.,--,Southpaw,25,25,0,
2649,Gilbert,Melendez,El Nino,"5' 9""",145 lbs.,"73.0""",Orthodox,22,8,0,
2650,Nair,Melikyan,Ahalkalakski,"5' 6""",155 lbs.,--,,11,0,0,
2651,Anna,Melisano,Bandana,"5' 4""",125 lbs.,"68.0""",Orthodox,6,2,0,
2652,Marcelo,Mello,,"5' 7""",170 lbs.,--,Southpaw,1,0,0,
2653,Fabio,Mello,,"5' 5""",155 lbs.,--,Southpaw,11,8,0,
2654,Vanessa,Melo,,"5' 5""",135 lbs.,"65.0""",Orthodox,11,8,0,
2655,Antonio,Mendes,Samurai,"6' 3""",205 lbs.,"77.0""",Southpaw,18,13,0,
2656,Chad,Mendes,Money,"5' 6""",145 lbs.,"66.0""",Orthodox,18,5,0,
2657,Augusto,Mendes,Tanquinho,"5' 6""",135 lbs.,"65.0""",Orthodox,6,2,0,
2658,Eddie,Mendez,,"5' 10""",185 lbs.,--,,8,3,1,
2659,Mateus,Mendonca,Bocao,"5' 6""",125 lbs.,"71.0""",Orthodox,10,3,0,
2660,Luis,Mendoza,,--,155 lbs.,--,,0,1,0,
2661,Meng,Bo,,"5' 4""",115 lbs.,"62.0""",Orthodox,24,8,0,
2662,Pietro,Menga,,"5' 7""",125 lbs.,"68.0""",Southpaw,13,0,0,
2663,Alonzo,Menifield,Atomic,"6' 0""",205 lbs.,"76.0""",Orthodox,18,6,1,
2664,Ivan,Menjivar,The Pride of El Salvador,"5' 6""",145 lbs.,"64.0""",Orthodox,25,12,0,
2665,Dave,Menne,The Warrior,"5' 10""",170 lbs.,--,Orthodox,45,17,2,
2666,Steve,Mensing,The Machine,"5' 11""",185 lbs.,--,Orthodox,9,13,2,
2667,Buck,Meredith,,"6' 2""",185 lbs.,--,,3,3,0,
2668,Adam,Meredith,,"6' 2""",170 lbs.,--,,5,3,0,
2669,Nick,Meregali,,--,--,--,,0,0,0,
2670,Joe,Merritt,,"6' 0""",170 lbs.,--,Orthodox,7,2,0,
2671,Bia,Mesquita,The Lady GOAT,"5' 4""",135 lbs.,"67.0""",Orthodox,8,0,0,
2672,Jeremiah,Metcalf,,"6' 1""",185 lbs.,--,Orthodox,13,7,0,
2673,Jonathan,Meunier,District,"6' 3""",170 lbs.,--,Switch,8,1,0,
2674,Yaotzin,Meza,,"5' 9""",145 lbs.,"71.0""",Orthodox,21,11,0,
2675,Guy,Mezger,,"6' 1""",200 lbs.,--,Orthodox,30,14,2,
2676,David,Mgoyan,,"5' 9""",145 lbs.,"70.0""",Orthodox,7,1,0,
2677,Jonathan,Micallef,The Captain,"6' 0""",170 lbs.,"77.0""",Southpaw,10,1,0,
2678,Brandon,Michaels,,"5' 9""",185 lbs.,--,,4,14,0,
2679,Andreas,Michailidis,The Spartan,"6' 0""",170 lbs.,"76.0""",Orthodox,13,6,0,
2680,David,Michaud,BullDawg,"5' 9""",155 lbs.,--,Orthodox,11,3,0,
2681,Chris,Mickle,,"5' 9""",145 lbs.,--,Orthodox,30,21,2,
2682,Zachary,Micklewright,,"6' 0""",155 lbs.,"74.0""",Southpaw,15,3,0,
2683,Kristof,Midoux,The Hurricane,"6' 1""",220 lbs.,--,Orthodox,6,10,0,
2684,Keith,Mielke,,"5' 8""",185 lbs.,--,,0,5,0,
2685,Chris,Mierzwiak,,"6' 1""",185 lbs.,--,,5,3,0,
2686,Gabriel,Miglioli,Biel,"5' 8""",170 lbs.,--,,9,9,0,
2687,Bojan,Mihajlovic,,"5' 11""",205 lbs.,"73.0""",Orthodox,10,6,0,
2688,Billy,Miles,The Kid,"5' 10""",170 lbs.,--,Orthodox,2,2,0,
2689,Pat,Miletich,The Croatian Sensation,"5' 10""",170 lbs.,--,Orthodox,29,7,2,
2690,Curtis,Millender,Curtious,"6' 2""",170 lbs.,"76.0""",Orthodox,17,5,0,
2691,Phillip,Miller,,"5' 11""",185 lbs.,--,Orthodox,16,0,0,
2692,Jason,Miller,Mayhem,"6' 1""",185 lbs.,--,Orthodox,23,10,0,
2693,Dan,Miller,,"6' 1""",185 lbs.,"74.0""",Orthodox,14,8,0,
2694,Jim,Miller,A-10,"5' 8""",155 lbs.,"71.0""",Southpaw,39,19,0,
2695,Cole,Miller,Magrinho,"6' 1""",145 lbs.,"73.0""",Orthodox,21,11,0,
2696,Henry,Miller,Sentoryu,"5' 7""",270 lbs.,--,Southpaw,6,16,0,
2697,Micah,Miller,Maverick,"6' 0""",145 lbs.,--,Orthodox,20,8,0,
2698,Aaron,Miller,Blood Spiller,"5' 9""",145 lbs.,--,,14,10,0,
2699,Mo,Miller,Moshow,"5' 8""",135 lbs.,"72.0""",Orthodox,6,0,0,
2700,Juliana,Miller,Killer,"5' 7""",125 lbs.,"66.0""",Orthodox,6,4,0,
2701,Ty,Miller,Thriller,"6' 2""",170 lbs.,"77.0""",Orthodox,8,0,0,
2702,Trent,Miller,The Terminator,"5' 10""",185 lbs.,"72.0""",Orthodox,10,3,0,
2703,Eddy,Millis,,"6' 1""",185 lbs.,--,,0,2,0,
2704,Che,Mills,Beautiful,"6' 1""",170 lbs.,"76.0""",Orthodox,16,10,0,
2705,Nina,Milosevic,Queen Beast,"5' 5""",135 lbs.,"67.0""",Orthodox,9,1,0,
2706,Adam,Milstead,The Prototype,"6' 3""",205 lbs.,"76.0""",Orthodox,8,4,0,
2707,Alberto,Mina,Soldier of God,"6' 0""",170 lbs.,"77.0""",Orthodox,13,1,0,
2708,Vitaly,Minakov,,"6' 2""",249 lbs.,--,,20,0,0,
2709,Yunosuke,Minami,,"5' 5""",135 lbs.,"65.0""",Orthodox,6,1,0,
2710,Artur,Minev,Headhunter,"5' 9""",155 lbs.,"69.0""",Orthodox,7,1,0,
2711,Mario,Mingaj,,"6' 3""",185 lbs.,"78.0""",Orthodox,7,1,0,
2712,Darrick,Minner,,"5' 7""",145 lbs.,"69.0""",Orthodox,26,14,0,
2713,Mike,Minniger,,--,--,--,,0,0,0,
2714,Ikuhisa,Minowa,Minowaman,"5' 9""",181 lbs.,--,Orthodox,60,42,8,
2715,Carlton,Minus,Clutch,"5' 10""",170 lbs.,"75.0""",Orthodox,10,3,0,
2716,Stipe,Miocic,,"6' 4""",240 lbs.,"80.0""",Orthodox,20,5,0,
2717,Frank,Mir,,"6' 3""",264 lbs.,"79.0""",Southpaw,18,11,0,
2718,Bella,Mir,Lady,"5' 7""",135 lbs.,"66.0""",Southpaw,4,1,0,
2719,Juan,Miranda,,--,155 lbs.,--,,7,5,0,
2720,Mario,Miranda,,"6' 3""",185 lbs.,"74.0""",Orthodox,14,7,0,
2721,Vitor,Miranda,Lex Luthor,"6' 1""",185 lbs.,"77.0""",Orthodox,12,5,0,
2722,Gabriel,Miranda,Fly,"5' 11""",145 lbs.,"71.0""",Orthodox,17,8,0,
2723,Alexis,Miranda,Mantis,"6' 1""",170 lbs.,"74.0""",Orthodox,9,3,0,
2724,Richie,Miranda,El Machete,"5' 8""",155 lbs.,"75.0""",Southpaw,13,2,0,
2725,Damir,Mirenic,Wolf,"6' 0""",185 lbs.,--,Orthodox,9,4,0,
2726,Kazuo,Misaki,Hitman,"5' 8""",183 lbs.,--,Orthodox,25,11,2,
2727,Toby,Misech,2 Quick,"5' 8""",145 lbs.,--,Southpaw,9,5,0,
2728,Dokonjonosuke,Mishima,,"5' 7""",155 lbs.,--,Southpaw,21,7,2,
2729,Felix Lee,Mitchell,,--,--,--,Orthodox,2,7,0,
2730,David,Mitchell,Daudi,"6' 0""",170 lbs.,"75.0""",Orthodox,22,7,0,
2731,Danny,Mitchell,The Cheesecake Assassin,"6' 2""",170 lbs.,--,Orthodox,19,9,1,
2732,Brad,Mitchell,,"5' 11""",145 lbs.,--,,4,2,0,
2733,Clay,Mitchell,,"6' 2""",185 lbs.,--,,1,2,0,
2734,Bryce,Mitchell,Thug Nasty,"5' 10""",135 lbs.,"70.0""",Southpaw,19,4,0,
2735,Maurice,Mitchell,The AK Kid,"5' 9""",145 lbs.,--,Orthodox,11,2,0,
2736,Terrence,Mitchell,,"5' 10""",135 lbs.,"74.0""",Orthodox,14,4,0,
2737,Roman,Mitichyan,,"5' 10""",170 lbs.,--,Orthodox,8,3,0,
2738,Matt,Mitrione,,"6' 3""",265 lbs.,"82.0""",Switch,12,5,0,
2739,Eiji,Mitsuoka,,"5' 7""",145 lbs.,--,Southpaw,18,9,2,
2740,Hiromitsu,Miura,,"5' 9""",170 lbs.,"71.0""",Orthodox,12,7,0,
2741,Jonathan,Mix,,"6' 0""",168 lbs.,--,,7,4,0,
2742,Patchy,Mix,No Love,"5' 11""",135 lbs.,"70.0""",Southpaw,20,3,0,
2743,Ryuho,Miyaguchi,,"5' 10""",135 lbs.,"68.0""",Orthodox,7,1,0,
2744,Tomoya,Miyashita,,"5' 7""",139 lbs.,--,Southpaw,17,9,7,
2745,Kazuyuki,Miyata,,"5' 8""",139 lbs.,--,Orthodox,15,9,0,
2746,Motoki,Miyazawa,,"5' 11""",168 lbs.,--,Southpaw,7,3,0,
2747,Takeya,Mizugaki,,"5' 7""",135 lbs.,"69.0""",Orthodox,21,11,2,
2748,,Mizuki,,"5' 3""",115 lbs.,"65.0""",Orthodox,16,6,0,
2749,Tatsuya,Mizuno,,"6' 1""",205 lbs.,--,Southpaw,16,12,1,
2750,Roxanne,Modafferi,The Happy Warrior,"5' 7""",125 lbs.,"69.0""",Orthodox,25,21,0,
2751,Bobby,Moffett,The Wolfman,"5' 10""",145 lbs.,"73.0""",Orthodox,13,5,0,
2752,Bronson,Mohika,,--,135 lbs.,--,,1,1,0,
2753,Nate,Mohr,,"5' 9""",155 lbs.,"72.0""",Orthodox,9,7,0,
2754,Renato,Moicano,,"5' 11""",155 lbs.,"72.0""",Orthodox,21,7,1,
2755,Thiago,Moises,,"5' 9""",155 lbs.,"70.0""",Orthodox,19,10,0,
2756,Muhammad,Mokaev,The Punisher,"5' 7""",125 lbs.,"70.0""",Orthodox,13,0,0,
2757,Ashkan,Mokhtarian,The Assassin,"5' 6""",125 lbs.,"67.0""",Southpaw,13,3,0,
2758,Suman,Mokhtarian,,"5' 8""",145 lbs.,"72.0""",Orthodox,8,5,0,
2759,Dan,Molina,,"5' 10""",216 lbs.,--,,13,9,0,
2760,Jeff,Molina,El Jefe,"5' 6""",125 lbs.,"69.0""",Orthodox,11,2,0,
2761,Rudyard,Moncayo,,"5' 10""",195 lbs.,--,Orthodox,0,3,0,
2762,Hidetaka,Monma,,"6' 0""",168 lbs.,--,Orthodox,18,11,4,
2763,Jeff,Monson,The Snowman,"5' 9""",247 lbs.,"74.0""",Orthodox,60,26,1,
2764,Darrell,Montague,Mongoose,"5' 6""",125 lbs.,"67.0""",Southpaw,13,5,0,
2765,Michelle,Montague,The Wild One,"5' 9""",135 lbs.,"68.0""",Southpaw,8,0,0,
2766,Andrew,Montanez,,--,185 lbs.,--,,9,12,1,
2767,Jose,Montanha,,"6' 4""",259 lbs.,"76.0""",Orthodox,7,1,0,
2768,Augusto,Montano,Dodger,"6' 1""",170 lbs.,"73.0""",Orthodox,15,3,0,
2769,Erick,Montano,Perry,"6' 0""",170 lbs.,"73.0""",Orthodox,7,5,0,
2770,Nicco,Montano,,"5' 5""",135 lbs.,"65.0""",Southpaw,5,3,0,
2771,Antonio,Monteiro,,"5' 7""",145 lbs.,"70.0""",Orthodox,18,5,1,
2772,Sofia,Montenegro,La Bruja,"5' 6""",115 lbs.,"67.0""",Orthodox,6,3,0,
2773,Alberto,Montes,The Promise,"5' 7""",145 lbs.,"69.0""",Orthodox,12,2,0,
2774,Steve,Montgomery,The Creepy Weasel,"6' 4""",185 lbs.,--,Southpaw,9,5,0,
2775,James,Moontasri,Moon Walker,"5' 10""",170 lbs.,"71.0""",Switch,9,5,0,
2776,Homer,Moore,The Rock,"5' 10""",205 lbs.,--,Orthodox,26,9,2,
2777,Todd,Moore,,"5' 9""",170 lbs.,"71.0""",Southpaw,16,7,0,
2778,Nate,Moore,,"6' 0""",170 lbs.,--,,8,4,0,
2779,Dustin,Moore,,"5' 4""",125 lbs.,--,,0,2,0,
2780,Taylor,Moore,,"5' 10""",135 lbs.,"70.0""",Southpaw,10,5,0,
2781,Sergio,Moraes,The Panther,"6' 0""",170 lbs.,"72.0""",Orthodox,14,6,1,
2782,Marlon,Moraes,Magic,"5' 6""",135 lbs.,"67.0""",Orthodox,23,10,1,
2783,Sheymon,Moraes,,"5' 8""",145 lbs.,"72.0""",Orthodox,11,4,0,
2784,John,Moraga,,"5' 6""",125 lbs.,"66.0""",Orthodox,19,7,0,
2785,Ricardo,Morais,The Mutant,"6' 8""",270 lbs.,--,Orthodox,10,4,1,
2786,Leonardo,Morales,Chimy,"5' 8""",135 lbs.,--,Southpaw,6,2,0,
2787,Albert,Morales,The Warrior,"5' 9""",135 lbs.,"72.0""",Orthodox,7,4,1,
2788,Joseph,Morales,Bopo,"5' 6""",125 lbs.,"69.0""",Switch,15,3,0,
2789,Vince,Morales,Vandetta,"5' 7""",135 lbs.,"70.0""",Orthodox,16,11,0,
2790,Omar,Morales,Venezuelan Fighter,"5' 11""",155 lbs.,"73.0""",Orthodox,11,4,0,
2791,Michael,Morales,,"6' 0""",170 lbs.,"79.0""",Orthodox,19,0,0,
2792,Paris,Moran,,--,125 lbs.,--,,14,3,0,
2793,Sarah,Moras,Cheesecake,"5' 7""",135 lbs.,"67.0""",Orthodox,6,8,0,
2794,Christian,Morecraft,,"6' 6""",260 lbs.,"81.0""",Orthodox,8,3,0,
2795,Joe,Moreira,,"5' 11""",195 lbs.,--,Southpaw,2,2,0,
2796,Richardson,Moreira,Rick Monstro,"6' 2""",185 lbs.,--,Orthodox,7,4,0,
2797,Gisele,Moreira,,"5' 6""",135 lbs.,--,Orthodox,8,3,0,
2798,Vinicius,Moreira,Mamute,"6' 4""",205 lbs.,"76.0""",Orthodox,9,5,0,
2799,Jesse,Moreng,Arturo,"5' 7""",145 lbs.,--,Orthodox,9,1,0,
2800,Brandon,Moreno,The Assassin Baby,"5' 7""",125 lbs.,"70.0""",Orthodox,24,10,2,
2801,Mike,Moreno,El Palo Duro,"6' 0""",185 lbs.,--,,6,5,0,
2802,Isaac,Moreno,Primetime,"5' 10""",170 lbs.,"73.0""",Orthodox,9,0,0,
2803,Dan,Moret,The Hitman,"6' 0""",155 lbs.,"73.0""",Southpaw,13,6,0,
2804,Sammy,Morgan,The Squeeze,"5' 10""",170 lbs.,--,Orthodox,18,12,0,
2805,Peggy,Morgan,The Daywalker,"6' 1""",135 lbs.,--,,4,4,0,
2806,Alexander,Morgan,The Chess Master,"5' 10""",145 lbs.,"71.0""",Orthodox,11,5,0,
2807,Alex,Morono,The Great White,"5' 11""",170 lbs.,"72.0""",Orthodox,24,13,0,
2808,Maryna,Moroz,Iron Lady,"5' 7""",125 lbs.,"67.0""",Orthodox,11,6,0,
2809,Sergey,Morozov,,"5' 6""",135 lbs.,"67.0""",Orthodox,19,5,0,
2810,Brad,Morris,,"6' 2""",205 lbs.,--,Orthodox,10,6,0,
2811,Scott,Morris,,"5' 10""",210 lbs.,--,Orthodox,2,1,0,
2812,Anthony,Morrison,Cheesesteak,"5' 7""",145 lbs.,--,Orthodox,20,12,0,
2813,Jack,Morrison,,"5' 11""",205 lbs.,--,,0,3,0,
2814,Harry,Moskowitz,Dirty,"6' 5""",275 lbs.,--,Orthodox,6,12,0,
2815,Carlos,Mota,Tizil,"5' 4""",125 lbs.,"69.0""",Orthodox,8,2,0,
2816,Miki,Motono,,"5' 2""",115 lbs.,"63.0""",Southpaw,8,5,0,
2817,Juan,Mott,,"6' 0""",190 lbs.,--,Switch,3,4,0,
2818,Nikolas,Motta,Iron,"5' 9""",155 lbs.,"70.0""",Orthodox,15,6,0,
2819,Flavio Luiz,Moura,,"5' 11""",183 lbs.,--,Open Stance,19,7,0,
2820,Eduarda,Moura,Ronda,"5' 6""",125 lbs.,"67.0""",Orthodox,12,2,0,
2821,Gegard,Mousasi,,"6' 2""",185 lbs.,"76.0""",Orthodox,42,6,2,
2822,Kris,Moutinho,,"5' 7""",135 lbs.,"68.0""",Southpaw,14,8,0,
2823,Kin,Moy,Kong,"5' 5""",135 lbs.,--,,8,3,0,
2824,Jamie,Moyle,,"5' 1""",115 lbs.,"65.0""",Orthodox,4,3,0,
2825,Askar,Mozharov,,"6' 3""",205 lbs.,"74.0""",Orthodox,19,13,0,
2826,Garrett,Mueller,,"5' 9""",135 lbs.,--,,3,3,0,
2827,Lauren,Mueller,Princess Tiger,"5' 5""",125 lbs.,"67.0""",Orthodox,5,3,0,
2828,Belal,Muhammad,Remember the Name,"5' 11""",170 lbs.,"72.0""",Orthodox,24,6,0,
2829,Fazlo,Mulabitinovic,,--,135 lbs.,--,,4,2,0,
2830,Quinn,Mulhern,,"6' 3""",155 lbs.,--,Orthodox,18,4,0,
2831,James,Mulheron,,"5' 10""",243 lbs.,"73.0""",Orthodox,11,2,0,
2832,Jamie,Mullarkey,,"6' 0""",155 lbs.,"74.0""",Orthodox,18,9,0,
2833,Jim,Mullen,,"6' 1""",215 lbs.,--,Southpaw,0,2,0,
2834,Melissa,Mullins,No Mess,"5' 7""",135 lbs.,"68.0""",Orthodox,7,3,0,
2835,Ananias,Mulumba,Metal,"5' 6""",145 lbs.,"70.0""",Switch,10,4,0,
2836,Pedro,Munhoz,The Young Punisher,"5' 6""",135 lbs.,"65.0""",Orthodox,20,10,0,
2837,Andre,Muniz,Sergipano,"6' 1""",185 lbs.,"78.0""",Southpaw,24,8,0,
2838,Mark,Munoz,The Filipino Wrecking Machine,"6' 0""",185 lbs.,"71.0""",Orthodox,14,6,0,
2839,Alexander,Munoz,,"5' 9""",155 lbs.,"72.0""",Switch,7,2,0,
2840,Johnny,Munoz,Kid Kvenbo,"5' 9""",135 lbs.,"71.0""",Orthodox,12,4,0,
2841,Andy,Murad,The Tooth Fairy,"5' 9""",185 lbs.,--,,15,2,0,
2842,Olivier,Murad,Warrior of God,"5' 10""",145 lbs.,"72.0""",Southpaw,6,0,0,
2843,Makhmud,Muradov,,"6' 2""",185 lbs.,"75.0""",Orthodox,26,8,0,
2844,Kazunari,Murakami,,"6' 1""",220 lbs.,--,Orthodox,5,5,0,
2845,Ryuichi,Murata,,"5' 8""",183 lbs.,--,Orthodox,8,3,1,
2846,Kanako,Murata,,"5' 1""",115 lbs.,"62.0""",Orthodox,12,3,0,
2847,Ailiya,Muratbek,,--,155 lbs.,--,,9,2,0,
2848,Kasib,Murdoch,Murder,"5' 4""",135 lbs.,"65.0""",Orthodox,8,1,0,
2849,Vince,Murdock,,"5' 6""",145 lbs.,"64.0""",Orthodox,12,4,0,
2850,Samandar,Murodov,,"6' 1""",170 lbs.,"75.0""",Orthodox,11,0,0,
2851,Tom,Murphy,,"6' 2""",227 lbs.,--,Southpaw,8,0,0,
2852,Ian,Murphy,,"6' 1""",185 lbs.,--,Orthodox,1,1,0,
2853,Jon,Murphy,Man of Faith,"6' 3""",260 lbs.,--,Orthodox,6,4,0,
2854,Lauren,Murphy,Lucky,"5' 5""",125 lbs.,"67.0""",Orthodox,16,7,0,
2855,Patrick,Murphy,,"6' 0""",170 lbs.,--,,5,3,0,
2856,Lerone,Murphy,The Miracle,"5' 9""",145 lbs.,"73.0""",Orthodox,17,1,1,
2857,Lee,Murray,Lightning,"6' 3""",185 lbs.,--,Orthodox,8,2,1,
2858,Jesse,Murray,Hollywood,"6' 3""",205 lbs.,"78.0""",Orthodox,8,4,0,
2859,Khalid,Murtazaliev,,"6' 0""",185 lbs.,"76.0""",Orthodox,14,2,0,
2860,Azamat,Murzakanov,The Professional,"5' 10""",205 lbs.,"71.0""",Southpaw,16,1,0,
2861,Josias,Musasa,The KO Wizard,"5' 8""",135 lbs.,"74.0""",Southpaw,8,2,0,
2862,Tofiq,Musayev,,"5' 9""",155 lbs.,"69.0""",Orthodox,24,6,0,
2863,Nicholas,Musoke,Nico,"6' 0""",170 lbs.,"75.0""",Orthodox,13,5,0,
2864,Andre,Mussi,,"6' 3""",242 lbs.,--,Orthodox,11,5,0,
2865,Magomed,Mustafaev,The Sniper,"5' 8""",155 lbs.,"71.0""",Orthodox,14,4,0,
2866,Max,Mustaki,,"6' 0""",155 lbs.,--,Orthodox,6,3,0,
2867,Elvis,Mutapcic,The King,"6' 0""",185 lbs.,"72.0""",Orthodox,15,6,1,
2868,Fiona,Muxlow,,"5' 4""",145 lbs.,--,,6,3,0,
2869,Ho Bae,Myeon,,"5' 11""",168 lbs.,--,Orthodox,13,5,1,
2870,Katsuhiko,Nagata,,"5' 7""",154 lbs.,--,Southpaw,6,7,3,
2871,Yuji,Nagata,,"6' 0""",225 lbs.,--,Orthodox,0,2,0,
2872,Greg,Nagy,,"6' 1""",210 lbs.,--,Orthodox,1,3,0,
2873,Logan,Nail,,--,185 lbs.,--,,1,1,0,
2874,Muhammad,Naimov,Hillman,"5' 9""",145 lbs.,"70.0""",Orthodox,13,5,0,
2875,Yukiya,Naito,,"6' 1""",205 lbs.,--,Orthodox,15,6,2,
2876,Yura,Naito,2 FACE,"6' 0""",185 lbs.,"74.0""",Orthodox,6,1,0,
2877,Andrews,Nakahara,,"6' 1""",185 lbs.,--,Orthodox,5,4,2,
2878,Rin,Nakai,,"5' 1""",135 lbs.,--,Orthodox,19,2,1,
2879,Kazuhiro,Nakamura,Kaz,"5' 11""",205 lbs.,"70.0""",Orthodox,21,13,0,
2880,Keita,Nakamura,K-Taro,"5' 11""",170 lbs.,"73.0""",Southpaw,34,10,2,
2881,Daisuke,Nakamura,,"5' 7""",154 lbs.,--,Orthodox,28,19,1,
2882,Yusaku,Nakamura,,"5' 5""",145 lbs.,--,,14,4,1,
2883,Rinya,Nakamura,Hybred,"5' 7""",135 lbs.,"68.0""",Southpaw,10,1,0,
2884,Keiichiro,Nakamura,,"5' 10""",145 lbs.,"70.0""",Southpaw,8,1,0,
2885,Tokitaka,Nakanishi,Toky,"5' 6""",135 lbs.,"66.0""",Orthodox,12,4,0,
2886,Jutaro,Nakao,,"5' 9""",170 lbs.,--,Southpaw,25,19,4,
2887,Yoshihiro,Nakao,Kiss,"6' 0""",220 lbs.,--,Southpaw,9,3,0,
2888,Mandel,Nallo,Mango,"6' 0""",155 lbs.,"75.0""",Orthodox,14,4,0,
2889,Yui Chul,Nam,The Korean Bulldozer,"5' 9""",145 lbs.,--,Orthodox,18,8,1,
2890,Tyson,Nam,,"5' 7""",125 lbs.,"68.0""",Orthodox,21,14,1,
2891,Rose,Namajunas,Thug,"5' 5""",125 lbs.,"65.0""",Orthodox,15,8,0,
2892,Yasuhito,Namekawa,,"5' 9""",205 lbs.,--,Orthodox,25,16,4,
2893,Nad,Narimani,Smiler,"5' 8""",145 lbs.,"70.0""",Orthodox,12,4,0,
2894,Roger,Narvaez,Silverback,"6' 3""",185 lbs.,--,Southpaw,8,3,0,
2895,Fabio,Nascimento,Negao,"5' 10""",185 lbs.,--,Orthodox,11,6,0,
2896,Allan,Nascimento,Puro Osso,"5' 8""",125 lbs.,"69.0""",Orthodox,22,7,0,
2897,Rodrigo,Nascimento,Ze Colmeia,"6' 2""",246 lbs.,"80.0""",Orthodox,11,3,0,
2898,Jefferson,Nascimento,Toddynho,"5' 8""",170 lbs.,"70.0""",Orthodox,13,1,0,
2899,Bobby,Nash,,"6' 0""",170 lbs.,"74.0""",Orthodox,8,4,0,
2900,Reza,Nasri,,"5' 11""",205 lbs.,--,Orthodox,0,1,0,
2901,Nasrudin,Nasrudinov,,"6' 0""",205 lbs.,"71.0""",Orthodox,9,1,0,
2902,Pawel,Nastula,,"6' 0""",230 lbs.,--,Southpaw,5,6,0,
2903,Rafael,Natal,Sapo,"6' 0""",185 lbs.,"77.0""",Orthodox,21,9,1,
2904,Kevin,Natividad,Quicksand,"5' 6""",135 lbs.,"70.0""",Orthodox,9,4,0,
2905,Christian,Natividad,The Hawaiian Punch,"5' 4""",125 lbs.,"67.0""",Orthodox,10,0,0,
2906,Ismail,Naurdiev,,"5' 10""",185 lbs.,"74.0""",Orthodox,25,8,0,
2907,Danny,Navarro,,"5' 10""",155 lbs.,--,,17,7,0,
2908,Marcio,Navarro,The Locomotive,"6' 0""",155 lbs.,--,,14,14,0,
2909,Tafon,Nchukwi,Da Don,"6' 0""",185 lbs.,"77.0""",Orthodox,6,4,0,
2910,Dustin,Neace,The Beast,"5' 9""",145 lbs.,"69.0""",,25,21,1,
2911,Josh,Neal,,"6' 0""",185 lbs.,--,,5,11,0,
2912,Joe,Neal,Nine Lives,"5' 6""",135 lbs.,--,,6,2,0,
2913,Geoff,Neal,Handz of Steel,"5' 11""",170 lbs.,"75.0""",Southpaw,16,8,0,
2914,Stanislav,Nedkov,Stucky,"5' 11""",205 lbs.,"71.0""",Orthodox,12,2,0,
2915,Josh,Neer,The Dentist,"5' 11""",170 lbs.,"72.0""",Orthodox,36,16,1,
2916,Nicolae,Negumereanu,,"6' 0""",205 lbs.,"78.0""",Orthodox,13,2,0,
2917,Steve,Nelmark,The Sandman,"6' 0""",240 lbs.,--,Orthodox,2,1,0,
2918,Shane,Nelson,Sugar,"5' 9""",155 lbs.,"70.0""",Southpaw,16,7,0,
2919,Roy,Nelson,Big Country,"6' 0""",263 lbs.,"73.0""",Orthodox,22,14,0,
2920,Gunnar,Nelson,Gunni,"5' 11""",170 lbs.,"72.0""",Switch,19,6,1,
2921,Kyle,Nelson,The Monster,"5' 11""",155 lbs.,"71.0""",Switch,17,7,1,
2922,Cam,Nelson,,"5' 11""",170 lbs.,"72.0""",Orthodox,8,1,0,
2923,Lissette,Neri,,"5' 2""",145 lbs.,--,,6,4,0,
2924,Mario,Neto,Sukata,"6' 0""",229 lbs.,--,Orthodox,13,5,0,
2925,Antonio Braga,Neto,,"6' 3""",185 lbs.,"77.0""",Orthodox,9,3,0,
2926,Eduardo,Neves,Bebezao,"6' 2""",263 lbs.,"78.0""",Orthodox,7,2,0,
2927,Julio Cesar,Neves Jr.,Morceguinho,"5' 8""",145 lbs.,--,,33,1,0,
2928,Nick,Newell,Notorious,"5' 10""",155 lbs.,--,Southpaw,14,2,0,
2929,Journey,Newson,,"5' 5""",135 lbs.,"67.0""",Orthodox,10,5,0,
2930,Jeff,Newton,,"6' 2""",205 lbs.,--,Sideways,4,2,0,
2931,Carlos,Newton,The Ronin,"5' 9""",170 lbs.,--,Orthodox,16,14,0,
2932,Emanuel,Newton,The Hardcore Kid,"6' 1""",205 lbs.,--,,26,12,1,
2933,Francis,Ngannou,The Predator,"6' 4""",250 lbs.,"83.0""",Orthodox,17,3,0,
2934,Nghiem,Van Y,,"5' 7""",135 lbs.,"68.0""",Orthodox,6,2,0,
2935,Ben,Nguyen,Ten,"5' 5""",125 lbs.,"65.0""",Switch,16,8,0,
2936,Steven,Nguyen,The Ninja,"5' 11""",145 lbs.,"73.0""",Switch,10,2,0,
2937,Alex,Nicholson,The Spartan,"6' 4""",185 lbs.,"77.0""",Orthodox,7,4,0,
2938,Bo,Nickal,,"6' 1""",185 lbs.,"76.0""",Southpaw,9,1,0,
2939,Mike,Nickels,,"6' 4""",205 lbs.,--,Orthodox,9,5,0,
2940,Matheus,Nicolau,,"5' 6""",125 lbs.,"66.0""",Orthodox,19,6,1,
2941,Stewart,Nicoll,Kakamora,"5' 5""",125 lbs.,"65.0""",Orthodox,8,4,0,
2942,Jaimelene,Nievera,Queenie,"5' 5""",125 lbs.,--,Orthodox,7,4,0,
2943,Khomkrit,Niimi,The Bumblebee,"5' 2""",125 lbs.,--,,6,10,0,
2944,Tom,Niinimaki,Stoneface,"5' 9""",145 lbs.,"69.0""",Orthodox,22,8,1,
2945,Ramsey,Nijem,,"5' 11""",155 lbs.,"75.0""",Orthodox,9,6,0,
2946,Hans,Nijman,,"6' 0""",250 lbs.,--,Switch,9,7,0,
2947,Borislav,Nikolic,Zombee,"5' 9""",135 lbs.,"72.0""",Orthodox,17,2,0,
2948,Fedor,Nikolov,,--,--,--,,0,0,0,
2949,Jack,Nilson,,--,--,--,,2,6,0,
2950,Mats,Nilsson,,"6' 1""",170 lbs.,--,Orthodox,11,4,1,
2951,Guangyou,Ning,Smasher,"5' 4""",145 lbs.,"64.0""",Southpaw,5,4,1,
2952,Soichi,Nishida,,"5' 11""",320 lbs.,--,Orthodox,5,10,1,
2953,Yosuke,Nishijima,,"5' 9""",205 lbs.,--,Orthodox,0,5,0,
2954,Yamato,Nishikawa,,"5' 7""",155 lbs.,--,Orthodox,21,3,6,
2955,Akiyo,Nishiura,Wicky Akiyo,"5' 8""",139 lbs.,--,Southpaw,13,8,1,
2956,Anthony,Njokuani,The Assassin,"6' 1""",155 lbs.,"75.0""",Orthodox,16,12,0,
2957,Chidi,Njokuani,Bang Bang,"6' 3""",170 lbs.,"80.0""",Orthodox,26,12,0,
2958,Derrick,Noble,The Eraser,"5' 9""",170 lbs.,--,Southpaw,27,15,1,
2959,Kyle,Noblitt,,"6' 2""",243 lbs.,--,,11,2,0,
2960,Pedro,Nobre,The Rock,"5' 5""",135 lbs.,--,,18,4,2,
2961,Jacob,Noe,Psycho,--,205 lbs.,--,,3,11,0,
2962,Antonio Rodrigo,Nogueira,Minotauro,"6' 3""",240 lbs.,"77.0""",Orthodox,34,10,1,
2963,Rogerio,Nogueira,Minotouro,"6' 2""",205 lbs.,"75.0""",Southpaw,23,10,0,
2964,Alexandre Franca,Nogueira,Pequeno,"5' 7""",145 lbs.,--,Orthodox,18,6,3,
2965,Talita,Nogueira,Treta,"5' 10""",145 lbs.,--,,6,0,0,
2966,Kyle,Noke,,"6' 1""",170 lbs.,"76.0""",Southpaw,22,10,1,
2967,Tom,Nolan,Big Train,"6' 3""",155 lbs.,"73.0""",Southpaw,11,1,0,
2968,Eric,Nolan,Night Time,"6' 2""",170 lbs.,"74.0""",Orthodox,8,5,0,
2969,Nick,Nolte,,"6' 0""",170 lbs.,--,,5,4,0,
2970,KJ,Noons,King,"5' 10""",155 lbs.,"70.0""",Orthodox,13,9,0,
2971,Sage,Northcutt,Super,"6' 0""",170 lbs.,"71.0""",Orthodox,11,2,0,
2972,Jan,Nortje,The Giant,"6' 1""",310 lbs.,--,Southpaw,2,6,0,
2973,Scott,Norton,Hollywood,"5' 10""",170 lbs.,--,Orthodox,7,1,0,
2974,Shohei,Nose,,"5' 6""",135 lbs.,"68.0""",Switch,12,5,2,
2975,Jonatas,Novaes,,"5' 11""",170 lbs.,--,,13,5,0,
2976,Jason,Novelli,Flipside,"6' 0""",155 lbs.,--,Orthodox,11,3,1,
2977,Norbert,Novenyi,Magic,--,185 lbs.,--,,10,1,0,
2978,Phillipe,Nover,The Filipino Assassin,"5' 9""",145 lbs.,"72.0""",Orthodox,11,8,1,
2979,Shayilan,Nuerdanbieke,Wolverine,"5' 8""",145 lbs.,"69.0""",Orthodox,39,12,0,
2980,Azamat,Nuftillaev,Dragon,"6' 0""",234 lbs.,"77.0""",Orthodox,13,2,1,
2981,Diego,Nunes,The Gun,"5' 6""",145 lbs.,"67.0""",Orthodox,19,7,0,
2982,Amanda,Nunes,The Lioness,"5' 8""",135 lbs.,"69.0""",Orthodox,23,5,0,
2983,Nina,Nunes,,"5' 5""",125 lbs.,"64.0""",Orthodox,11,7,0,
2984,Istela,Nunes,,"5' 4""",115 lbs.,"66.0""",Orthodox,6,6,0,
2985,Josiane,Nunes,Josi,"5' 2""",135 lbs.,"67.0""",Southpaw,10,4,0,
2986,Diyar,Nurgozhay,,"6' 2""",205 lbs.,"74.0""",Southpaw,12,2,0,
2987,Khabib,Nurmagomedov,The Eagle,"5' 10""",155 lbs.,"70.0""",Orthodox,29,0,0,
2988,Said,Nurmagomedov,,"5' 8""",135 lbs.,"70.0""",Orthodox,18,5,0,
2989,Abubakar,Nurmagomedov,,"5' 11""",170 lbs.,"72.0""",Orthodox,17,4,1,
2990,Umar,Nurmagomedov,,"5' 8""",135 lbs.,"69.0""",Orthodox,20,2,0,
2991,Adilet,Nurmatov,Kok-Zhal,--,155 lbs.,--,,13,2,0,
2992,Francesco,Nuzzi,Berserker,"5' 6""",135 lbs.,"71.0""",Southpaw,12,2,0,
2993,Kennedy,Nzechukwu,Chosen,"6' 5""",244 lbs.,"83.0""",Southpaw,14,7,1,
2994,Jake,O'Brien,Irish,"6' 3""",205 lbs.,"76.0""",Orthodox,15,4,0,
2995,TJ,O'Brien,The Spider,"6' 2""",155 lbs.,--,Orthodox,20,8,0,
2996,Sean,O'Connell,The Real OC,"6' 1""",205 lbs.,"74.0""",Orthodox,17,9,0,
2997,Dan,O'Connor,Johnny Irish,"5' 4""",115 lbs.,--,,6,6,0,
2998,Sean,O'Haire,,"6' 5""",270 lbs.,--,Orthodox,4,2,0,
2999,Sean,O'Malley,Suga,"5' 11""",135 lbs.,"72.0""",Switch,20,3,0,
3000,Jeremiah,O'Neal,,"5' 8""",260 lbs.,--,,13,25,0,
3001,Chuck,O'Neil,Cold Steel,"6' 2""",170 lbs.,--,,17,9,0,
3002,Casey,O'Neill,King,"5' 6""",125 lbs.,"69.0""",Orthodox,11,2,0,
3003,Brendan,O'Reilly,Badger,"5' 7""",170 lbs.,"69.0""",Orthodox,6,3,0,
3004,Takahiro,Oba,,"5' 8""",200 lbs.,--,Southpaw,5,7,1,
3005,Nobuhiro,Obiya,,"5' 8""",145 lbs.,--,Orthodox,12,5,1,
3006,Jose,Ochoa,Kalzifer,"5' 7""",125 lbs.,"67.0""",Southpaw,9,2,0,
3007,Christian,Ocon,,"5' 8""",135 lbs.,"69.0""",Orthodox,2,1,0,
3008,Kaito,Oda,,"5' 5""",125 lbs.,"63.0""",Orthodox,8,3,0,
3009,Richard,Odoms,The Black Eagle,"6' 5""",265 lbs.,--,Orthodox,13,3,0,
3010,Volkan,Oezdemir,No Time,"6' 2""",205 lbs.,"75.0""",Orthodox,21,8,0,
3011,Kaan,Ofli,Genghis,"5' 7""",145 lbs.,"66.0""",Orthodox,15,4,1,
3012,Naoya,Ogawa,,"6' 4""",255 lbs.,--,Orthodox,7,2,0,
3013,Trey,Ogden,Shamurai,"5' 11""",155 lbs.,"72.0""",Orthodox,18,7,0,
3014,Andy,Ogle,The Little Axe,"5' 8""",145 lbs.,"69.0""",Orthodox,9,6,0,
3015,Ho Taek,Oh,Spider,--,155 lbs.,--,,7,2,1,
3016,Michiyoshi,Ohara,,"5' 10""",205 lbs.,--,Orthodox,0,2,0,
3017,Koji,Oishi,,"5' 8""",170 lbs.,--,Orthodox,25,10,10,
3018,Takayuki,Okada,Giant Ochiai,"6' 1""",290 lbs.,--,Orthodox,3,3,2,
3019,Yushin,Okami,Thunder,"6' 2""",170 lbs.,"75.0""",Southpaw,34,12,0,
3020,JJ,Okanovich,The Bosnian Bomber,"5' 11""",155 lbs.,"76.0""",Orthodox,7,1,0,
3021,Bolaji,Oki,The Zulu Warrior,"5' 10""",155 lbs.,"73.0""",Orthodox,10,4,0,
3022,Kazuki,Okubo,,"5' 11""",175 lbs.,--,Orthodox,7,9,0,
3023,Masakatsu,Okuda,,--,--,--,,8,5,0,
3024,Aleksei,Oleinik,The Boa Constrictor,"6' 2""",240 lbs.,"80.0""",Orthodox,60,17,1,
3025,Michal,Oleksiejczuk,Hussar,"6' 0""",185 lbs.,"74.0""",Southpaw,22,10,0,
3026,Cezary,Oleksiejczuk,,"6' 3""",185 lbs.,"75.0""",Southpaw,17,3,0,
3027,Rafaello,Oliveira,Tractor,"5' 8""",155 lbs.,"71.0""",Orthodox,17,8,0,
3028,Charles,Oliveira,Do Bronxs,"5' 10""",155 lbs.,"74.0""",Orthodox,37,11,0,
3029,Jorge,Oliveira,,"6' 1""",205 lbs.,--,,5,3,1,
3030,Ednaldo,Oliveira,Lula,"6' 5""",205 lbs.,--,Orthodox,17,3,1,
3031,Alex,Oliveira,Cowboy,"5' 11""",170 lbs.,"76.0""",Orthodox,22,12,1,
3032,Maria,Oliveira,Spider-Girl,"5' 6""",115 lbs.,"69.0""",Orthodox,13,7,0,
3033,Bruno,Oliveira,,"6' 4""",205 lbs.,"80.0""",Orthodox,8,2,0,
3034,Saimon,Oliveira,,"5' 4""",135 lbs.,"72.0""",Orthodox,18,7,0,
3035,Vinicius,Oliveira,LokDog,"5' 9""",145 lbs.,"70.0""",Switch,24,4,0,
3036,Ravena,Oliveira,Kenoudy,"5' 5""",125 lbs.,"65.0""",Orthodox,7,5,1,
3037,Michael,Oliveira,PQD,"6' 1""",170 lbs.,"78.0""",Orthodox,10,0,0,
3038,Wendell,Oliveira Marques,The Machine,"5' 10""",170 lbs.,--,Orthodox,29,10,0,
3039,Felipe,Olivieri,,"5' 9""",155 lbs.,--,Orthodox,14,5,0,
3040,Andy,Ologun,,"6' 0""",154 lbs.,--,Orthodox,3,1,0,
3041,Shana,Olsen,Rock Solid,"5' 7""",145 lbs.,--,,5,2,0,
3042,Casey,Olson,The Underdog,"5' 7""",145 lbs.,--,Orthodox,14,5,0,
3043,Dennis,Olson,,"6' 0""",170 lbs.,--,,14,11,0,
3044,Cameron,Olson,Cap'n Crunch,"6' 1""",205 lbs.,"75.0""",Orthodox,7,3,0,
3045,Gadzhi,Omargadzhiev,,"6' 1""",170 lbs.,"71.0""",Switch,13,2,0,
3046,Alan,Omer,,"5' 10""",145 lbs.,--,Orthodox,20,5,0,
3047,Daniel,Omielanczuk,,"6' 0""",247 lbs.,"74.0""",Southpaw,19,8,1,
3048,Michihiro,Omigawa,,"5' 6""",145 lbs.,"68.0""",Orthodox,17,14,1,
3049,David,Onama,,"5' 11""",145 lbs.,"74.0""",Orthodox,14,3,0,
3050,Summer,Onley,Ice Cold,--,135 lbs.,--,,6,0,0,
3051,Charlie,Ontiveros,American Bad Boy,"6' 2""",155 lbs.,"74.0""",Switch,11,9,0,
3052,Chibwikem,Onyenegecha,,"6' 3""",185 lbs.,--,Orthodox,5,0,0,
3053,Myktybek,Orolbai,,"5' 10""",170 lbs.,"74.0""",Orthodox,16,3,1,
3054,Sam,Oropeza,,"6' 2""",170 lbs.,--,,13,3,0,
3055,Brian,Ortega,T-City,"5' 8""",155 lbs.,"69.0""",Switch,16,5,0,
3056,Jaden,Ortega,,--,170 lbs.,--,,6,0,0,
3057,Tito,Ortiz,The People's Champ,"6' 3""",205 lbs.,"74.0""",Orthodox,19,12,1,
3058,Jorge,Ortiz,The Naked Man,"6' 0""",185 lbs.,--,Orthodox,18,9,1,
3059,Dustin,Ortiz,,"5' 5""",125 lbs.,"65.0""",Orthodox,19,8,0,
3060,Kenji,Osawa,,"5' 7""",135 lbs.,"66.0""",Orthodox,20,11,2,
3061,Ode,Osbourne,The Jamaican Sensation,"5' 7""",125 lbs.,"73.0""",Southpaw,13,9,0,
3062,Kurt,Osiander,,--,185 lbs.,--,,4,1,0,
3063,Nick,Osipczak,,"6' 2""",170 lbs.,"76.0""",Orthodox,6,3,0,
3064,Mehemmedeli,Osmanli,Ineffable,--,135 lbs.,--,,12,1,0,
3065,Nissen,Osterneck,,"6' 2""",185 lbs.,--,Orthodox,12,4,0,
3066,Rachael,Ostovich,,"5' 3""",125 lbs.,"62.0""",Orthodox,4,6,0,
3067,Pedro,Otavio,Te Pedro,"6' 3""",245 lbs.,--,Orthodox,19,8,0,
3068,Alexander,Otsuka,The Diet Butcher,"6' 1""",205 lbs.,--,Orthodox,5,13,0,
3069,Takafumi,Otsuka,,"5' 6""",139 lbs.,--,Orthodox,22,13,2,
3070,Quemuel,Ottoni,,"6' 0""",155 lbs.,"72.0""",Orthodox,12,3,0,
3071,Zak,Ottow,The Barbarian,"5' 11""",170 lbs.,"72.0""",Orthodox,17,7,0,
3072,Artur,Oumakhanov,,"5' 7""",154 lbs.,--,Orthodox,9,6,0,
3073,Sidney,Outlaw,,"5' 8""",170 lbs.,"74.0""",Orthodox,8,4,0,
3074,Alistair,Overeem,The Demolition Man,"6' 4""",265 lbs.,"80.0""",Orthodox,47,19,0,
3075,Valentijn,Overeem,,"6' 3""",230 lbs.,--,Orthodox,30,32,0,
3076,Craig,Oxley,,"5' 9""",155 lbs.,--,,0,3,0,
3077,Shungo,Oyama,,"5' 11""",185 lbs.,--,Southpaw,14,19,0,
3078,Ren,Ozaki,,"5' 7""",135 lbs.,"68.0""",Orthodox,6,1,2,
3079,Alptekin,Ozkilic,The Turkish Delight,"5' 5""",125 lbs.,"65.0""",Orthodox,9,5,0,
3080,Raquel,Pa'aluhi,Rocky,"5' 7""",135 lbs.,--,,6,5,0,
3081,Nick,Pace,,"5' 7""",135 lbs.,"68.0""",Orthodox,8,3,0,
3082,Jimmie,Pace,Big Bucks,--,185 lbs.,--,,7,2,0,
3083,Larissa,Pacheco,,"5' 7""",135 lbs.,--,Orthodox,10,2,0,
3084,Angel,Pacheco,,"5' 8""",135 lbs.,"70.0""",Orthodox,7,4,0,
3085,Teemu,Packalen,Pacu,"6' 1""",155 lbs.,"75.0""",Orthodox,8,3,0,
3086,George,Pacurariu,Constantine,"5' 7""",135 lbs.,--,,10,5,0,
3087,Cyrillo,Padilha,,"5' 11""",155 lbs.,--,,3,3,0,
3088,Gary,Padilla,,"5' 11""",205 lbs.,--,,12,6,0,
3089,Fernando,Padilla,El Valiente,"6' 1""",145 lbs.,"76.0""",Orthodox,16,6,0,
3090,Chris,Padilla,Taco,"5' 9""",155 lbs.,"74.0""",Orthodox,18,6,1,
3091,Damacio,Page,The Angel of Death,"5' 6""",135 lbs.,"66.0""",Orthodox,19,10,0,
3092,Michael,Page,Venom,"6' 3""",185 lbs.,"79.0""",Switch,26,3,0,
3093,Tom,Pagliarulo,The Phenom,"6' 0""",145 lbs.,"74.0""",Switch,11,2,0,
3094,Dustin,Pague,The Disciple,"5' 9""",135 lbs.,"74.0""",Orthodox,12,11,0,
3095,Josh,Paiva,,"5' 6""",125 lbs.,--,,8,2,0,
3096,Raulian,Paiva,,"5' 8""",135 lbs.,"69.0""",Orthodox,21,5,0,
3097,Dinis,Paiva Jr.,Sweetbread,"5' 9""",145 lbs.,"71.0""",Southpaw,13,8,0,
3098,Fredson,Paixao,,"5' 6""",145 lbs.,"66.0""",Orthodox,10,5,0,
3099,Luis,Pajuelo,Corazon de Leon,"5' 10""",145 lbs.,"69.0""",Orthodox,8,2,0,
3100,Jose,Palacios,,"5' 9""",145 lbs.,--,Orthodox,3,2,0,
3101,Ricky,Palacios,El Gallero,"5' 6""",145 lbs.,--,Orthodox,10,1,0,
3102,Bart,Palaszewski,Bartimus,"5' 9""",145 lbs.,"70.0""",Orthodox,36,17,0,
3103,Sasha,Palatnikov,,"6' 1""",170 lbs.,"72.0""",Switch,6,4,0,
3104,Soa,Palelei,The Hulk,"6' 4""",265 lbs.,"81.0""",Orthodox,22,5,0,
3105,Rousimar,Palhares,Toquinho,"5' 8""",170 lbs.,"71.0""",Orthodox,19,8,0,
3106,Tulio,Palhares,,--,180 lbs.,--,,2,16,0,
3107,Stephen,Palling,Bozo,"5' 4""",143 lbs.,--,,11,7,1,
3108,Eduardo,Pamplona,,"5' 11""",170 lbs.,--,,16,4,0,
3109,Ruel,Panales,,"5' 5""",125 lbs.,"67.0""",Southpaw,6,2,0,
3110,Yuri,Panferov,The Russian Polar Bear,"6' 1""",185 lbs.,"72.0""",Orthodox,9,1,0,
3111,Alexandre,Pantoja,The Cannibal,"5' 5""",125 lbs.,"67.0""",Orthodox,30,6,0,
3112,Jared,Papazian,The Jackhammer,"5' 8""",135 lbs.,"67.0""",Southpaw,20,13,0,
3113,Kathryn,Paprocki,,"5' 3""",115 lbs.,"63.0""",Orthodox,3,2,0,
3114,Joe,Pardo,,"6' 1""",210 lbs.,--,Southpaw,4,6,0,
3115,Bryan,Pardoe,Pain Inducer,"6' 1""",205 lbs.,--,Orthodox,13,16,0,
3116,Remco,Pardoel,Grizzly,"6' 3""",260 lbs.,--,Southpaw,9,6,1,
3117,Ido,Pariente,,"5' 8""",155 lbs.,--,Orthodox,13,6,0,
3118,Josh,Parisian,,"6' 4""",265 lbs.,"79.0""",Orthodox,15,8,0,
3119,Karo,Parisyan,The Heat,"5' 10""",170 lbs.,"72.0""",Orthodox,24,11,0,
3120,Won Sik,Park,Parky,"5' 11""",154 lbs.,--,Orthodox,11,7,1,
3121,JunYong,Park,The Iron Turtle,"5' 10""",185 lbs.,"73.0""",Orthodox,19,7,0,
3122,Harvey,Park,Fightbot,"6' 0""",155 lbs.,"70.0""",Orthodox,12,3,0,
3123,HyunSung,Park,Peace of Mind,"5' 7""",125 lbs.,"66.0""",Orthodox,10,2,0,
3124,JaeHyun,Park,The First Prospect,"5' 8""",155 lbs.,"73.0""",Orthodox,8,4,0,
3125,EoJin,Park,Young Boss,"6' 0""",145 lbs.,"71.0""",Orthodox,9,2,1,
3126,BoHyun,Park,The Rush,"5' 2""",115 lbs.,"61.0""",Orthodox,10,3,0,
3127,Norman,Parke,Stormin',"5' 11""",155 lbs.,"70.0""",Southpaw,23,6,1,
3128,Ryan,Parker,,"6' 3""",235 lbs.,--,Southpaw,0,1,0,
3129,Larry,Parker,,"5' 11""",205 lbs.,--,Orthodox,13,6,1,
3130,Tyra,Parker,,"5' 5""",115 lbs.,--,Orthodox,4,5,0,
3131,Mick,Parkin,,"6' 4""",265 lbs.,"79.0""",Orthodox,10,1,0,
3132,Willie,Parks,Slick,"5' 10""",185 lbs.,--,,5,2,0,
3133,Salahdine,Parnasse,Lion of Atlas,"5' 10""",155 lbs.,"71.0""",Southpaw,24,2,0,
3134,Jordan,Parsons,Pretty Boy,"5' 9""",145 lbs.,--,,11,2,0,
3135,Preston,Parsons,Pressure,"5' 11""",170 lbs.,"71.0""",Orthodox,11,6,0,
3136,Jonny,Parsons,The Sluggernaut,"5' 9""",170 lbs.,"69.0""",Orthodox,9,3,0,
3137,Onassis,Parungao,,"5' 11""",200 lbs.,--,,2,1,0,
3138,Ramona,Pascual,,"5' 7""",135 lbs.,"66.0""",Southpaw,6,5,0,
3139,Quentin,Pasley,,"6' 4""",205 lbs.,"78.0""",Orthodox,4,0,0,
3140,Billy,Pasulatan,,"5' 5""",125 lbs.,"66.0""",Switch,10,3,0,
3141,Guilherme,Pat,Kong,"6' 6""",250 lbs.,"81.0""",Orthodox,6,2,0,
3142,Stefano,Paterno,,--,170 lbs.,--,,19,4,1,
3143,Jhonoven,Pati,The Samoan Savage,"6' 1""",185 lbs.,"75.0""",Switch,6,4,0,
3144,Windri,Patilima,,"5' 6""",155 lbs.,"71.0""",Southpaw,8,1,0,
3145,Jorge,Patino,Macaco,"5' 8""",170 lbs.,--,Orthodox,38,19,2,
3146,Russell,Patrick,,"5' 9""",145 lbs.,--,,6,4,0,
3147,Claude,Patrick,The Prince,"5' 11""",170 lbs.,"75.0""",Orthodox,14,2,0,
3148,Alan,Patrick,Nuguette,"5' 11""",155 lbs.,"74.0""",Southpaw,15,4,0,
3149,Michael,Patt,,"6' 0""",205 lbs.,--,Orthodox,12,4,0,
3150,Justin,Patterson,The Tactician,"5' 10""",170 lbs.,--,,9,3,0,
3151,Sam,Patterson,,"6' 3""",170 lbs.,"78.0""",Orthodox,15,3,1,
3152,Zac,Pauga,The High Chief,"6' 2""",205 lbs.,"76.0""",Orthodox,7,3,0,
3153,Julio,Paulino,The Dominican Demon,"6' 0""",170 lbs.,--,Orthodox,23,5,0,
3154,Thomas,Paull,Juggernaut,"5' 7""",155 lbs.,"67.0""",Orthodox,11,4,0,
3155,Sergei,Pavlovich,,"6' 3""",257 lbs.,"84.0""",Southpaw,21,3,0,
3156,Pawel,Pawlak,,"6' 0""",170 lbs.,"73.0""",Orthodox,12,3,0,
3157,Logan,Paxton,Warverine,"5' 8""",155 lbs.,"70.0""",Orthodox,10,2,0,
3158,Estevan,Payan,El Terrible,"5' 10""",145 lbs.,--,Orthodox,16,12,0,
3159,Sarah,Payant,Soulja,"5' 4""",115 lbs.,--,,1,4,0,
3160,Roland,Payne,,"5' 9""",205 lbs.,--,Orthodox,0,1,0,
3161,Jonathan,Pearce,JSP,"6' 0""",145 lbs.,"71.0""",Switch,14,7,0,
3162,Joe,Pearson,The Triangular Strangler,"5' 10""",145 lbs.,--,Orthodox,45,30,1,
3163,Ross,Pearson,The Real Deal,"5' 8""",155 lbs.,"69.0""",Orthodox,20,16,0,
3164,Andre,Pederneiras,,"5' 8""",155 lbs.,--,Orthodox,1,1,2,
3165,Carlo,Pedersoli Jr.,Semento,"5' 11""",170 lbs.,"75.0""",Southpaw,11,3,0,
3166,Matt,Pedro,,--,--,--,,3,1,0,
3167,Tyson,Pedro,,"6' 3""",205 lbs.,"79.0""",Orthodox,10,5,0,
3168,Trevor,Peek,,"5' 9""",145 lbs.,"70.0""",Switch,9,4,0,
3169,Willie,Peeters,,"5' 9""",220 lbs.,--,Orthodox,9,10,1,
3170,Filip,Pejic,,"5' 8""",135 lbs.,--,Orthodox,12,2,2,
3171,Kurt,Pellegrino,Batman,"5' 8""",155 lbs.,"70.0""",Orthodox,16,7,0,
3172,Yan,Pellerin,Wild Thing,"5' 11""",205 lbs.,--,Orthodox,11,13,0,
3173,Julianna,Pena,The Venezuelan Vixen,"5' 6""",135 lbs.,"69.0""",Orthodox,13,6,0,
3174,Luis,Pena,Violent Bob Ross,"6' 3""",155 lbs.,"75.0""",Southpaw,9,3,0,
3175,Felipe,Pena,Preguica,--,--,--,,0,0,0,
3176,Matej,Penaz,Money,"6' 3""",185 lbs.,"83.0""",Southpaw,6,1,0,
3177,Sherman,Pendergarst,The Tank,"6' 1""",235 lbs.,--,Orthodox,11,18,0,
3178,Drew,Pendleton,,--,145 lbs.,--,,5,0,0,
3179,Cathal,Pendred,The Punisher,"6' 1""",170 lbs.,"75.0""",Orthodox,17,4,1,
3180,BJ,Penn,The Prodigy,"5' 9""",155 lbs.,"70.0""",Orthodox,16,14,2,
3181,Jessica,Penne,,"5' 5""",115 lbs.,"67.0""",Orthodox,14,9,0,
3182,Nick,Penner,The Quiet Assassin,"6' 4""",205 lbs.,--,Southpaw,11,3,0,
3183,Justin,Pennington,,"5' 4""",--,--,,3,3,0,
3184,Raquel,Pennington,Rocky,"5' 7""",135 lbs.,"67.0""",Orthodox,16,10,0,
3185,Tecia,Pennington,Tiny Tornado,"5' 1""",115 lbs.,"60.0""",Orthodox,15,8,0,
3186,Jerron,Peoples,,"6' 0""",170 lbs.,--,,4,3,0,
3187,Godofredo,Pepey,,"5' 7""",145 lbs.,"73.0""",Orthodox,13,6,0,
3188,Ray,Perales,Relentless,"5' 10""",170 lbs.,--,Orthodox,13,22,0,
3189,Robert,Peralta,Problems,"5' 8""",145 lbs.,"71.0""",Orthodox,18,8,0,
3190,Mayton,Perea,The Lion,"6' 2""",170 lbs.,"75.0""",Orthodox,8,3,0,
3191,Viviane,Pereira,Sucuri,"5' 1""",115 lbs.,"63.0""",Orthodox,13,2,0,
3192,Michel,Pereira,Demolidor,"6' 1""",185 lbs.,"73.0""",Orthodox,32,15,0,
3193,Alex,Pereira,Poatan,"6' 4""",205 lbs.,"79.0""",Orthodox,13,4,0,
3194,Daniel,Pereira,Gaucho,"5' 10""",185 lbs.,--,,9,2,0,
3195,Luciano,Pereira,El Torito,--,125 lbs.,--,Orthodox,13,1,0,
3196,Alice,Pereira,Golden Girl,"5' 8""",135 lbs.,"71.0""",Orthodox,7,1,0,
3197,Rolando,Perez,,"5' 8""",135 lbs.,--,Orthodox,7,5,2,
3198,Philip,Perez,,"5' 5""",155 lbs.,--,Southpaw,7,5,1,
3199,Erik,Perez,Goyito,"5' 8""",135 lbs.,"68.0""",Orthodox,17,6,0,
3200,Alejandro,Perez,Turbo,"5' 6""",135 lbs.,"67.0""",Orthodox,23,9,1,
3201,Frankie,Perez,,"5' 11""",155 lbs.,"73.0""",Orthodox,10,4,0,
3202,Jose,Perez,,--,--,--,,1,0,0,
3203,Alex,Perez,,"5' 6""",125 lbs.,"65.0""",Orthodox,26,11,0,
3204,Markus,Perez,Maluko,"6' 1""",185 lbs.,"73.0""",Orthodox,12,5,0,
3205,Ailin,Perez,Fiona,"5' 5""",135 lbs.,"66.0""",Switch,13,2,0,
3206,Cristian,Perez,El Puas,"5' 9""",155 lbs.,"72.0""",Orthodox,15,2,0,
3207,Rafael,Pergentino,,"6' 1""",205 lbs.,"76.0""",Orthodox,5,1,0,
3208,Brando,Pericic,The Balkan Bear,"6' 5""",245 lbs.,"79.0""",Orthodox,7,1,0,
3209,Anthony,Perosh,The Hippo,"6' 3""",205 lbs.,"75.0""",Orthodox,15,10,0,
3210,Thiago,Perpetuo,Bodao,"5' 10""",170 lbs.,--,Orthodox,9,4,1,
3211,Hernani,Perpetuo,,"6' 0""",170 lbs.,--,Orthodox,18,5,0,
3212,Jay,Perrin,The Joker,"5' 7""",135 lbs.,"67.0""",Switch,10,7,0,
3213,Mike,Perry,Platinum,"5' 10""",170 lbs.,"71.0""",Orthodox,14,8,0,
3214,Raphael,Pessoa,Bebezao,"6' 3""",262 lbs.,"78.0""",Orthodox,10,2,0,
3215,Viktor,Pesta,,"6' 3""",240 lbs.,"77.0""",Orthodox,10,4,0,
3216,Leiticia,Pestova,,"5' 6""",135 lbs.,--,Orthodox,0,2,0,
3217,Tony,Petarra,,"5' 11""",196 lbs.,--,Orthodox,2,3,1,
3218,Tommy,Petersen,,--,155 lbs.,--,,2,3,0,
3219,Thomas,Petersen,The Train,"6' 1""",250 lbs.,"74.0""",Southpaw,11,5,0,
3220,Cory,Peterson,LA Giant,"6' 11""",400 lbs.,--,Orthodox,2,1,0,
3221,Steven,Peterson,Ocho,"5' 10""",145 lbs.,"70.0""",Orthodox,19,11,0,
3222,Vitor,Petrino,,"6' 2""",246 lbs.,"77.0""",Orthodox,15,2,0,
3223,Andre,Petroski,,"6' 0""",185 lbs.,"73.0""",Switch,13,6,0,
3224,Armen,Petrosyan,Superman,"6' 3""",185 lbs.,"71.0""",Orthodox,9,5,0,
3225,Ivana,Petrovic,,"5' 8""",125 lbs.,"70.0""",Southpaw,7,3,0,
3226,Seth,Petruzelli,The Silverback,"6' 0""",205 lbs.,"76.0""",Orthodox,14,8,0,
3227,Carlos,Petruzzella,El Tito,"5' 11""",185 lbs.,"73.0""",Orthodox,15,2,0,
3228,Peter,Petties,The Joker,"5' 11""",145 lbs.,"72.0""",Southpaw,5,3,0,
3229,Anthony,Pettis,Showtime,"5' 10""",155 lbs.,"72.0""",Orthodox,24,10,0,
3230,Sergio,Pettis,,"5' 6""",125 lbs.,"69.0""",Orthodox,18,5,0,
3231,Forrest,Petz,The Meat Cleaver,"5' 9""",170 lbs.,"71.0""",Orthodox,26,10,0,
3232,Dino,Pezao,,--,205 lbs.,--,Orthodox,1,3,0,
3233,Cody,Pfister,The Fist,"5' 10""",155 lbs.,"73.0""",Orthodox,13,6,1,
3234,Nam,Phan,,"5' 6""",135 lbs.,"70.0""",Orthodox,21,17,0,
3235,Constantinos,Philippou,,"5' 11""",185 lbs.,"73.0""",Orthodox,13,5,0,
3236,Wayne,Phillips,,--,185 lbs.,--,,7,7,0,
3237,Dave,Phillips,The Rockstar,"6' 0""",185 lbs.,--,Orthodox,13,7,0,
3238,Aaron,Phillips,The Dragon,"5' 9""",135 lbs.,"71.0""",Southpaw,12,5,0,
3239,Elizabeth,Phillips,,"5' 6""",135 lbs.,"65.0""",Orthodox,6,6,0,
3240,John,Phillips,The Welsh Wrecking Machine,"5' 11""",185 lbs.,"75.0""",Southpaw,22,11,0,
3241,Kyler,Phillips,The Matrix,"5' 8""",135 lbs.,"72.0""",Orthodox,12,5,0,
3242,Mario,Piazzon,The Shark,"5' 9""",238 lbs.,"73.0""",Orthodox,12,2,0,
3243,Nick,Pica,The Silverback,"5' 10""",185 lbs.,--,,5,1,0,
3244,Nick,Piccininni,,"5' 6""",125 lbs.,"66.0""",Orthodox,7,1,0,
3245,Adam,Piccolotti,,"5' 11""",155 lbs.,--,,9,0,0,
3246,Vinc,Pichel,From Hell,"5' 10""",155 lbs.,"72.0""",Orthodox,14,5,0,
3247,Brad,Pickett,One Punch,"5' 6""",135 lbs.,"68.0""",Orthodox,25,14,0,
3248,Jamie,Pickett,The Night Wolf,"6' 2""",185 lbs.,"80.0""",Orthodox,13,11,0,
3249,Aaron,Pico,,"5' 8""",145 lbs.,"70.0""",Orthodox,14,5,0,
3250,Fabiola,Pidroni,The Queen,--,115 lbs.,--,,5,0,0,
3251,Oskar,Piechota,Imadlo,"6' 0""",185 lbs.,"76.0""",Southpaw,11,3,1,
3252,Nick,Piedmont,No Limit,"5' 10""",145 lbs.,--,,12,7,1,
3253,Mike,Pierce,,"5' 8""",170 lbs.,"71.0""",Orthodox,17,7,0,
3254,Joao,Pierini,,"6' 1""",155 lbs.,--,Switch,4,1,0,
3255,Jonathan,Piersma,Warhawk,"5' 11""",170 lbs.,"73.0""",Orthodox,9,3,0,
3256,Sean,Pierson,The Punisher,"6' 0""",170 lbs.,"76.0""",Southpaw,14,6,0,
3257,Domingo,Pilarte,Son of Fire,"6' 0""",135 lbs.,"73.0""",Southpaw,8,3,0,
3258,Paddy,Pimblett,The Baddy,"5' 10""",155 lbs.,"73.0""",Orthodox,24,4,0,
3259,Damian,Pinas,The Baba Yaga,"6' 1""",185 lbs.,"79.0""",Orthodox,10,1,0,
3260,Daniel,Pineda,The Pit,"5' 7""",145 lbs.,"69.0""",Orthodox,28,17,0,
3261,Jesus,Pinedo,El Mudo,"5' 10""",155 lbs.,--,Southpaw,16,5,1,
3262,Pingyuan,Liu,,"5' 6""",135 lbs.,"72.0""",Orthodox,13,7,0,
3263,Luana,Pinheiro,,"5' 2""",115 lbs.,"62.0""",Orthodox,11,5,0,
3264,Mario,Pinto,,"6' 5""",265 lbs.,"79.0""",Orthodox,13,0,0,
3265,Gaetano,Pirrello,El Tigre,"5' 7""",135 lbs.,"65.0""",Orthodox,15,7,1,
3266,Patricio,Pitbull,,"5' 6""",145 lbs.,"67.0""",Orthodox,37,9,0,
3267,Maki,Pitolo,Coconut Bombz,"5' 10""",185 lbs.,"75.0""",Orthodox,13,9,0,
3268,Damian,Piwowarczyk,Damsyn,--,205 lbs.,--,,11,4,0,
3269,Dmitry,Poberezhets,,"6' 3""",237 lbs.,--,,24,5,1,
3270,Jamal,Pogues,,"6' 3""",205 lbs.,"77.0""",Orthodox,11,5,0,
3271,Ross,Pointon,The Gladiator,"5' 8""",170 lbs.,--,Orthodox,6,17,0,
3272,Dustin,Poirier,The Diamond,"5' 9""",155 lbs.,"72.0""",Southpaw,30,10,0,
3273,Igor,Pokrajac,The Duke,"6' 0""",205 lbs.,"74.0""",Orthodox,28,13,0,
3274,John,Polakowski,Buckets of Blood,"5' 10""",155 lbs.,--,Orthodox,2,2,0,
3275,Julia,Polastri,Psycho,"5' 2""",115 lbs.,"63.0""",Orthodox,15,6,0,
3276,Brandon,Polcare,,--,125 lbs.,--,,1,1,0,
3277,Mike,Polchlopek,Mike Barton,"6' 4""",285 lbs.,--,Orthodox,1,1,0,
3278,Santiago,Ponzinibbio,Argentine Dagger,"6' 0""",170 lbs.,"73.0""",Orthodox,31,10,0,
3279,Grigory,Popov,,"5' 7""",135 lbs.,"68.0""",Switch,13,3,0,
3280,Alexander,Poppeck,Ironside,"6' 2""",215 lbs.,"75.0""",Orthodox,21,6,0,
3281,Felipe,Portela,Balboa,--,170 lbs.,--,,9,2,0,
3282,Parker,Porter,,"6' 0""",265 lbs.,"75.0""",Orthodox,14,9,0,
3283,Ihor,Potieria,Duelist,"6' 3""",185 lbs.,"75.0""",Southpaw,20,8,0,
3284,Callan,Potter,The Rockstar,"6' 0""",170 lbs.,"72.0""",Orthodox,18,9,0,
3285,Dylan,Potter,Big Poppa,"6' 2""",225 lbs.,"77.0""",Switch,10,6,0,
3286,Ruan,Potts,Fangzz,"6' 2""",247 lbs.,"75.0""",Orthodox,11,6,0,
3287,Devin,Powell,,"6' 0""",155 lbs.,"73.0""",Orthodox,9,4,0,
3288,Marcin,Prachnio,,"6' 3""",205 lbs.,"73.0""",Orthodox,17,9,0,
3289,Wagner,Prado,Caldeirao,"6' 0""",205 lbs.,"74.0""",Southpaw,12,3,0,
3290,Francisco,Prado,,"5' 10""",170 lbs.,"69.0""",Orthodox,12,5,0,
3291,Trevor,Prangley,,"6' 1""",185 lbs.,"75.0""",Orthodox,34,11,2,
3292,Ricardo,Prasel,Alemao,"6' 7""",238 lbs.,"78.0""",Orthodox,10,2,0,
3293,Carlo,Prater,Neo,"5' 11""",155 lbs.,"72.0""",Switch,31,18,1,
3294,Carlos,Prates,The Nightmare,"6' 1""",170 lbs.,"78.0""",Switch,24,7,0,
3295,Michel,Prazeres,Tractor,"5' 6""",170 lbs.,"67.0""",Orthodox,26,4,0,
3296,Philip,Preece,,"5' 8""",205 lbs.,--,Orthodox,10,14,0,
3297,Kyle,Prepolec,Killshot,"5' 10""",155 lbs.,"70.0""",Southpaw,18,11,0,
3298,Dorian,Price,,"6' 3""",170 lbs.,--,Southpaw,8,5,0,
3299,Chris,Price,The Exorcist,"6' 2""",185 lbs.,--,Southpaw,19,4,0,
3300,Niko,Price,The Hybrid,"6' 0""",170 lbs.,"76.0""",Orthodox,16,11,0,
3301,Shane,Primm,,"6' 3""",205 lbs.,--,Orthodox,5,5,0,
3302,Brent,Primus,,"5' 10""",155 lbs.,--,,8,0,0,
3303,Jiri,Prochazka,,"6' 3""",205 lbs.,"80.0""",Orthodox,32,6,1,
3304,Lara,Procopio,,"5' 4""",125 lbs.,"67.0""",Orthodox,7,2,0,
3305,Joe,Proctor,,"5' 10""",155 lbs.,"72.0""",Orthodox,11,5,0,
3306,Cole,Province,,"5' 9""",145 lbs.,"68.0""",Orthodox,6,2,0,
3307,Daniel,Puder,,"6' 3""",235 lbs.,--,Orthodox,8,0,0,
3308,Lucie,Pudilova,,"5' 8""",125 lbs.,"67.0""",Orthodox,14,10,0,
3309,Claudio,Puelles,Prince of Peru,"5' 10""",155 lbs.,"72.0""",Southpaw,13,5,0,
3310,Juan,Puerta,Leadfeather,"5' 9""",125 lbs.,"71.0""",Southpaw,23,6,0,
3311,Roman Gabriel,Puga,,"5' 7""",145 lbs.,"71.0""",Orthodox,6,1,0,
3312,Bubba,Pugh,,"5' 10""",185 lbs.,--,,3,3,0,
3313,Juan Manuel,Puig,Fenix,"5' 9""",145 lbs.,--,Orthodox,11,4,0,
3314,Hugh,Pulley,,"6' 0""",155 lbs.,--,,6,3,0,
3315,Josh,Pulsifer,The Platypus,"5' 10""",145 lbs.,--,,17,8,0,
3316,Jens,Pulver,Little Evil,"5' 7""",145 lbs.,"70.0""",Southpaw,27,19,1,
3317,Andrey,Pulyaev,,"6' 4""",185 lbs.,"78.0""",Southpaw,10,5,0,
3318,CM,Punk,,"6' 1""",170 lbs.,"73.0""",Orthodox,0,1,0,
3319,Joe,Pyfer,Bodybagz,"6' 2""",185 lbs.,"75.0""",Orthodox,16,3,0,
3320,Mike,Pyle,Quicksand,"6' 0""",170 lbs.,"74.0""",Orthodox,27,14,1,
3321,Pat,Pytlik,,"6' 0""",170 lbs.,"73.0""",Orthodox,9,2,0,
3322,Qiu,Lun,Tibetan Knight,"5' 8""",125 lbs.,"66.0""",Southpaw,16,9,0,
3323,Bao,Quach,,"5' 3""",145 lbs.,--,Orthodox,19,10,1,
3324,Gary,Quan,,"5' 8""",143 lbs.,--,,3,5,0,
3325,Billy,Quarantillo,,"5' 10""",155 lbs.,"70.0""",Orthodox,18,8,0,
3326,Nate,Quarry,Rock,"6' 0""",185 lbs.,"72.0""",Open Stance,12,4,0,
3327,Vinicius,Queiroz,Spartan,"6' 7""",220 lbs.,--,Orthodox,8,4,0,
3328,Jimmy,Quinlan,Crash,"6' 0""",185 lbs.,--,Orthodox,3,1,1,
3329,Josh,Quinlan,Bushido,"6' 0""",170 lbs.,"72.0""",Orthodox,6,3,0,
3330,Ryan,Quinn,,"5' 8""",145 lbs.,--,,13,7,1,
3331,Michel,Quinones,El Capo,"5' 10""",155 lbs.,"73.0""",Orthodox,8,3,0,
3332,Landon,Quinones,The Lone Wolf,"5' 9""",155 lbs.,"70.0""",Southpaw,7,3,1,
3333,Jose,Quinonez,Teco,"5' 8""",135 lbs.,"69.0""",Southpaw,9,5,0,
3334,Cristian,Quinonez,Problema,"5' 8""",135 lbs.,"70.0""",Orthodox,19,5,0,
3335,Emilio,Quissua,Rixa,--,205 lbs.,--,,8,0,0,
3336,Benji,Radach,Razor,"5' 10""",185 lbs.,--,Orthodox,21,7,0,
3337,Jordan,Radev,,"5' 7""",185 lbs.,--,Southpaw,23,5,0,
3338,Charles,Radtke,Chuck Buffalo,"5' 9""",170 lbs.,"72.0""",Orthodox,12,5,0,
3339,Loik,Radzhabov,The Tajik Tank,"5' 11""",155 lbs.,"69.0""",Orthodox,18,6,1,
3340,Gilbert,Rael,,"5' 8""",155 lbs.,--,,1,3,0,
3341,Josh,Rafferty,,"6' 0""",170 lbs.,--,Orthodox,9,8,0,
3342,Marwan,Rahiki,Freaky,"5' 8""",145 lbs.,"72.0""",Orthodox,9,1,0,
3343,Amir,Rahnavardi,,"6' 0""",205 lbs.,--,Orthodox,11,10,0,
3344,Ricky,Rainey,The Sniper,"6' 1""",170 lbs.,"77.0""",Switch,12,6,0,
3345,Shavkat,Rakhmonov,Nomad,"6' 1""",170 lbs.,"77.0""",Orthodox,19,0,0,
3346,Sora,Rakhmonova,,--,125 lbs.,--,,4,1,0,
3347,Aleksandar,Rakic,Rocket,"6' 4""",238 lbs.,"78.0""",Orthodox,15,6,0,
3348,Jessica,Rakoczy,The Ragin',"5' 7""",115 lbs.,--,Orthodox,1,5,0,
3349,Zygimantas,Ramaska,,"5' 11""",145 lbs.,"71.0""",Orthodox,9,3,0,
3350,Thomas,Ramirez,,"6' 1""",410 lbs.,--,Sideways,0,1,0,
3351,Hector,Ramirez,Sick Dog,"6' 0""",205 lbs.,--,Orthodox,10,6,1,
3352,Matt,Ramirez,The Machine,"5' 5""",125 lbs.,--,,2,3,0,
3353,Steve,Ramirez,,"5' 7""",125 lbs.,--,,5,2,0,
3354,Amador,Ramirez,,--,135 lbs.,--,,5,4,0,
3355,Mitch,Ramirez,,"5' 11""",155 lbs.,"70.0""",Orthodox,8,4,0,
3356,Andrew,Ramm,The,"6' 1""",160 lbs.,--,,4,4,0,
3357,Ian,Rammel,,"6' 0""",185 lbs.,--,,7,8,0,
3358,Luis,Ramos,Beicao,"5' 8""",170 lbs.,--,Orthodox,20,10,2,
3359,Ricardo,Ramos,,"5' 9""",145 lbs.,"72.0""",Orthodox,17,8,0,
3360,Davi,Ramos,Tasmanian Devil,"5' 6""",155 lbs.,"70.0""",Orthodox,10,4,0,
3361,Dorian,Ramos,,"5' 8""",145 lbs.,"70.0""",Orthodox,8,3,0,
3362,Vernon,Ramos Ho,,"5' 6""",170 lbs.,--,Orthodox,3,1,0,
3363,Kevin,Randleman,The Monster,"5' 10""",205 lbs.,--,Orthodox,17,16,0,
3364,Raou,Raou,,"5' 8""",195 lbs.,--,Orthodox,0,1,0,
3365,Mitch,Raposo,,"5' 5""",125 lbs.,"64.0""",Switch,11,3,0,
3366,Hussain,Rasouli,,"5' 6""",135 lbs.,--,,2,3,0,
3367,David,Rasouri,,"5' 7""",155 lbs.,--,,2,3,0,
3368,Ed,Ratcliff,9mm,"5' 10""",155 lbs.,"71.0""",Orthodox,7,3,0,
3369,Oscar,Ravello,The Punisher,"5' 10""",185 lbs.,"72.0""",Switch,13,3,1,
3370,Bec,Rawlings,Rowdy,"5' 6""",125 lbs.,"64.0""",Orthodox,7,8,0,
3371,Gideon,Ray,,"5' 10""",185 lbs.,--,Southpaw,17,15,1,
3372,Joe,Ray,,--,170 lbs.,--,,13,0,0,
3373,Stevie,Ray,Braveheart,"5' 10""",155 lbs.,"70.0""",Southpaw,23,9,0,
3374,Keenan,Raymond,,--,165 lbs.,--,,3,3,0,
3375,Iony,Razafiarison,,"5' 3""",145 lbs.,--,,2,1,0,
3376,Abdul,Razak Alhassan,,"5' 10""",185 lbs.,"73.0""",Orthodox,12,7,0,
3377,Antony,Rea,Wild Thing,"6' 0""",205 lbs.,--,Orthodox,33,15,0,
3378,Mateusz,Rebecki,,"5' 7""",155 lbs.,"66.0""",Southpaw,21,5,0,
3379,Rafael,Rebello,Rafinha,"5' 5""",135 lbs.,"67.0""",Orthodox,9,4,0,
3380,Greg,Rebello,Ribz,"6' 0""",240 lbs.,"73.0""",Southpaw,24,8,0,
3381,Paul,Redmond,Redser,"5' 10""",145 lbs.,--,Orthodox,12,7,0,
3382,Dennis,Reed,,--,205 lbs.,--,Orthodox,45,62,1,
3383,Karl,Reed,No Worries,"6' 3""",205 lbs.,"78.0""",Orthodox,6,1,0,
3384,Elise,Reed,,"5' 3""",115 lbs.,"63.0""",Orthodox,8,6,0,
3385,John,Reedy,The Wild Child,"5' 8""",155 lbs.,--,,11,6,0,
3386,Johnny,Rees,The Hater Hurter,"6' 0""",170 lbs.,--,Orthodox,13,5,0,
3387,James,Reese,JP,"5' 9""",155 lbs.,--,,11,10,0,
3388,Zach,Reese,Savage,"6' 4""",185 lbs.,"77.0""",Switch,10,4,0,
3389,,Regezhen,Chocolate Boy,"5' 8""",145 lbs.,"69.0""",Orthodox,11,2,0,
3390,Stephen,Regman,,"5' 11""",185 lbs.,"76.0""",Orthodox,9,4,0,
3391,Chad,Reiner,The Grinder,"5' 11""",170 lbs.,--,Orthodox,33,18,0,
3392,Jason,Reinhardt,,"5' 6""",135 lbs.,--,Orthodox,20,3,0,
3393,Wilson,Reis,,"5' 4""",125 lbs.,"65.0""",Southpaw,23,10,0,
3394,Ben,Reiter,The Hunter,"6' 3""",185 lbs.,--,,17,2,1,
3395,Goran,Reljic,,"6' 3""",205 lbs.,"81.0""",Southpaw,15,8,0,
3396,Leigh,Remedios,Bulldog,"5' 7""",155 lbs.,--,Orthodox,18,10,2,
3397,Ren,Yawei,,"5' 9""",155 lbs.,"69.0""",Orthodox,9,4,0,
3398,Paulo,Renato Junior,,"6' 0""",205 lbs.,"73.0""",Orthodox,12,3,0,
3399,Chance,Rencountre,Black Eagle,"6' 2""",170 lbs.,"75.0""",Southpaw,14,4,0,
3400,Montse,Rendon,Monster,"5' 8""",135 lbs.,"68.0""",Orthodox,7,2,0,
3401,Marion,Reneau,The Belizean Bruiser,"5' 6""",135 lbs.,"68.0""",Orthodox,9,8,1,
3402,Solomon,Renfro,The Black Dragon,"5' 9""",170 lbs.,"72.0""",Switch,8,2,0,
3403,John,Renken,The Saint,"6' 0""",190 lbs.,--,Orthodox,18,28,4,
3404,Herman,Renting,,"6' 0""",215 lbs.,--,Switch,1,3,0,
3405,William,Rentz,Iron Will,--,170 lbs.,--,,8,2,0,
3406,Marco Polo,Reyes,,"5' 11""",155 lbs.,"71.0""",Orthodox,8,7,0,
3407,Dominick,Reyes,The Devastator,"6' 4""",205 lbs.,"77.0""",Southpaw,16,5,0,
3408,Alex,Reyes,The Executioner,"5' 11""",155 lbs.,"73.0""",Orthodox,13,5,0,
3409,Kyle,Reyes,Boom,"5' 8""",145 lbs.,--,,15,7,0,
3410,Javier,Reyes,Blair,"5' 7""",145 lbs.,"73.0""",Orthodox,23,6,0,
3411,Victor,Reyna,Kelevra,"5' 11""",170 lbs.,"74.0""",Southpaw,11,5,0,
3412,Gaston,Reyno,Tonga,"6' 0""",145 lbs.,--,,6,2,0,
3413,Camila,Reynoso,Buttercup,--,115 lbs.,--,,9,1,0,
3414,Johnny,Rhodes,,"6' 0""",210 lbs.,--,Orthodox,2,1,0,
3415,Mike,Rhodes,Biggie,"6' 1""",170 lbs.,"74.0""",Orthodox,10,5,0,
3416,Lucrezia,Ria,,"5' 6""",125 lbs.,--,Orthodox,8,2,0,
3417,Amanda,Ribas,,"5' 4""",115 lbs.,"66.0""",Orthodox,13,7,0,
3418,Vitor,Ribeiro,Shaolin,"5' 8""",154 lbs.,--,Orthodox,20,5,0,
3419,Will,Ribeiro,,"5' 8""",135 lbs.,--,Orthodox,10,2,0,
3420,Claudio,Ribeiro,,"6' 1""",185 lbs.,"77.0""",Orthodox,11,5,0,
3421,Brendson,Ribeiro,The Gorilla,"6' 3""",205 lbs.,"81.0""",Orthodox,17,11,0,
3422,Esteban,Ribovics,El Gringo,"5' 10""",155 lbs.,"69.0""",Orthodox,16,3,0,
3423,Mike,Ricci,The Martian,"6' 0""",155 lbs.,"76.0""",Southpaw,11,5,0,
3424,Alex,Ricci,,"5' 11""",155 lbs.,--,Orthodox,10,5,0,
3425,Tabatha,Ricci,Baby Shark,"5' 1""",115 lbs.,"61.0""",Orthodox,12,5,0,
3426,Matt,Ricehouse,,--,155 lbs.,--,,6,1,0,
3427,John,Richard,,--,205 lbs.,--,,3,5,1,
3428,Rex,Richards,,"6' 5""",265 lbs.,--,,7,2,0,
3429,Mike,Richman,The Marine,"5' 8""",135 lbs.,--,,18,7,0,
3430,Dave,Rickels,The Caveman,"5' 11""",155 lbs.,--,,18,4,0,
3431,Haisam,Rida,,--,--,--,,0,0,0,
3432,Brad,Riddell,Quake,"5' 7""",155 lbs.,"71.0""",Orthodox,10,4,0,
3433,Matthew,Riddle,Deep Waters,"6' 1""",170 lbs.,"76.0""",Southpaw,8,3,0,
3434,Joe,Riggs,Diesel,"6' 0""",185 lbs.,"70.0""",Southpaw,44,17,0,
3435,Jeremiah,Riggs,,"6' 0""",185 lbs.,--,,7,8,0,
3436,Aaron,Riley,,"5' 8""",155 lbs.,"69.0""",Southpaw,30,14,1,
3437,Jason,Riley,The Juggernaut,"6' 6""",245 lbs.,--,,10,7,0,
3438,Luke,Riley,,"5' 9""",145 lbs.,"69.0""",Orthodox,14,0,0,
3439,Moise,Rimbon,Swamp,"5' 10""",205 lbs.,--,Orthodox,23,11,3,
3440,Jordan,Rinaldi,All Day,"5' 10""",145 lbs.,"72.0""",Orthodox,14,7,0,
3441,Nick,Ring,The Promise,"6' 0""",185 lbs.,"74.0""",Southpaw,14,4,0,
3442,Robbie,Ring,Razor,"5' 9""",145 lbs.,"68.0""",Orthodox,6,1,0,
3443,Mike,Rio,The Wolverine,"5' 10""",155 lbs.,"70.0""",Orthodox,10,5,0,
3444,Albert,Rios,,"5' 8""",145 lbs.,--,,13,6,0,
3445,Rafael,Rios,,--,150 lbs.,--,,4,2,0,
3446,Maria,Rios,,"5' 5""",125 lbs.,--,,2,3,0,
3447,Shannon,Ritch,The Cannon,"5' 9""",190 lbs.,--,Orthodox,56,83,0,
3448,Diego,Rivas,Pitbull,"5' 8""",145 lbs.,"69.0""",Orthodox,10,2,0,
3449,Jorge,Rivera,El Conquistador,"6' 1""",185 lbs.,"73.0""",Orthodox,20,9,0,
3450,Dante,Rivera,,"6' 1""",185 lbs.,--,Southpaw,16,7,0,
3451,Mario,Rivera,,"5' 10""",170 lbs.,--,,6,8,0,
3452,Francisco,Rivera,Cisco,"5' 8""",135 lbs.,"70.0""",Orthodox,11,7,0,
3453,Jonathan,Rivera,,--,155 lbs.,--,,4,2,0,
3454,Jimmie,Rivera,El Terror,"5' 4""",135 lbs.,"68.0""",Orthodox,23,5,0,
3455,Irwin,Rivera,The Beast,"5' 6""",135 lbs.,"67.0""",Southpaw,10,6,0,
3456,Jerome,Rivera,Renegade,"5' 10""",125 lbs.,"72.0""",Southpaw,10,6,0,
3457,Patrick,Rivera,Yah's Rebel,"5' 11""",170 lbs.,"74.0""",Orthodox,13,5,0,
3458,Nicdali,Rivera-Calanoc,The Night Queen,"5' 3""",105 lbs.,--,,9,10,0,
3459,Pedro,Rizzo,The Rock,"6' 1""",241 lbs.,--,Orthodox,20,11,0,
3460,Theo,Rlayang,Jungle King,"5' 7""",145 lbs.,"65.0""",Orthodox,5,1,0,
3461,Justin,Robbins,,"5' 5""",135 lbs.,--,,14,18,1,
3462,Kali,Robbins,Pop Tart,"5' 3""",115 lbs.,"63.0""",Orthodox,6,3,0,
3463,Karl,Roberson,Baby K,"6' 1""",205 lbs.,"74.0""",Southpaw,9,6,0,
3464,Andre,Roberts,The Chief,"6' 2""",345 lbs.,--,Orthodox,14,2,1,
3465,David,Roberts,,"6' 1""",170 lbs.,--,Orthodox,5,8,0,
3466,Joey,Roberts,,"6' 2""",200 lbs.,--,,4,3,0,
3467,Tyrone,Roberts,Native Warrior,"5' 9""",185 lbs.,--,Orthodox,43,12,1,
3468,Ryan,Roberts,,"5' 6""",155 lbs.,--,Orthodox,21,12,1,
3469,Taylor,Roberts,,"5' 11""",170 lbs.,--,,3,12,0,
3470,Daniel,Roberts,Ninja,"5' 10""",170 lbs.,"74.0""",Southpaw,15,7,0,
3471,Buddy,Roberts,,"6' 2""",185 lbs.,--,Orthodox,12,3,0,
3472,Danny,Roberts,Hot Chocolate,"6' 1""",170 lbs.,"74.0""",Southpaw,18,8,0,
3473,Roosevelt,Roberts,The Predator,"6' 2""",155 lbs.,"73.0""",Orthodox,12,6,0,
3474,Kenny,Robertson,,"5' 10""",170 lbs.,"74.0""",Orthodox,15,5,0,
3475,Gillian,Robertson,The Savage,"5' 5""",115 lbs.,"63.0""",Orthodox,17,9,0,
3476,Chad,Robichaux,Robo,"5' 4""",135 lbs.,--,,13,2,0,
3477,Mark,Robinson,White Rhino,"6' 0""",265 lbs.,--,Orthodox,1,0,0,
3478,Colin,Robinson,Big C,"6' 4""",243 lbs.,--,Orthodox,10,12,0,
3479,Alvin,Robinson,,"5' 9""",155 lbs.,"68.0""",Southpaw,15,9,0,
3480,Damonte,Robinson,,"6' 0""",155 lbs.,"77.0""",,6,1,1,
3481,Vagner,Rocha,Ceara,"5' 10""",155 lbs.,"73.0""",Orthodox,14,4,0,
3482,Carlos Eduardo,Rocha,Ta Danado,"5' 10""",170 lbs.,"73.0""",Orthodox,9,4,0,
3483,Pedro,Rocha,,--,--,--,,1,0,0,
3484,Lucas,Rocha,Fenomeno,"5' 3""",125 lbs.,"64.0""",Orthodox,18,2,0,
3485,Shem,Rock,,"5' 11""",155 lbs.,"73.0""",Southpaw,12,3,1,
3486,Keith,Rockel,Rock,"6' 0""",185 lbs.,--,Orthodox,12,4,1,
3487,Luke,Rockhold,,"6' 3""",185 lbs.,"77.0""",Southpaw,16,6,0,
3488,Kevin,Roddy,K-Rod,"5' 11""",145 lbs.,--,,15,16,1,
3489,Gregory,Rodrigues,Robocop,"6' 3""",185 lbs.,"75.0""",Orthodox,20,6,0,
3490,Kleydson,Rodrigues,KR,"5' 5""",135 lbs.,"67.0""",Orthodox,8,4,0,
3491,Douglas Henrique,Rodrigues,Blade,"6' 0""",185 lbs.,"74.0""",Orthodox,7,2,0,
3492,Modestino,Rodrigues,,"6' 3""",185 lbs.,"77.0""",Orthodox,8,1,0,
3493,Levi,Rodrigues Jr.,Baby Monster,"6' 0""",205 lbs.,"76.0""",Orthodox,5,2,0,
3494,Paul,Rodriguez,,"5' 7""",155 lbs.,--,Orthodox,10,9,2,
3495,Ricco,Rodriguez,Suave,"6' 4""",265 lbs.,--,Orthodox,53,25,0,
3496,Manuel,Rodriguez,Chalate,"5' 9""",170 lbs.,--,Orthodox,11,5,0,
3497,Yair,Rodriguez,El Pantera,"5' 11""",145 lbs.,"71.0""",Orthodox,21,6,0,
3498,Mike,Rodriguez,Slo Mike,"6' 4""",205 lbs.,"82.0""",Southpaw,11,7,0,
3499,Marina,Rodriguez,,"5' 6""",115 lbs.,"65.0""",Orthodox,17,6,2,
3500,Daniel,Rodriguez,D-Rod,"6' 1""",170 lbs.,"74.0""",Southpaw,20,6,0,
3501,Ray,Rodriguez,The Judge,"5' 7""",135 lbs.,"70.0""",Orthodox,16,8,0,
3502,Ronaldo,Rodriguez,Lazy Boy,"5' 6""",125 lbs.,"65.0""",Orthodox,17,3,0,
3503,Drako,Rodriguez,,"5' 8""",135 lbs.,"69.0""",Orthodox,7,3,0,
3504,Victor,Rodriguez,Vicious,"5' 5""",125 lbs.,"67.0""",Switch,7,4,0,
3505,Piera,Rodriguez,La Fiera,"5' 3""",115 lbs.,"63.0""",Orthodox,12,2,0,
3506,Christian,Rodriguez,Ceerod,"5' 7""",145 lbs.,"71.0""",Orthodox,13,4,0,
3507,Pete,Rodriguez,Dead Game,"5' 9""",170 lbs.,"71.0""",Switch,5,2,0,
3508,Imanol,Rodriguez,Himan,"5' 4""",125 lbs.,"64.0""",Orthodox,7,0,0,
3509,Nick,Roehrick,,"6' 2""",205 lbs.,--,Orthodox,7,1,0,
3510,Marcos,Rogerio de Lima,Pezao,"6' 1""",253 lbs.,"75.0""",Orthodox,22,10,1,
3511,Brett,Rogers,The Grim,"6' 5""",265 lbs.,"81.0""",Orthodox,17,10,0,
3512,Brian,Rogers,The Professional Predator,"5' 11""",185 lbs.,--,,14,9,0,
3513,Pete,Rogers Jr.,The Heat,"6' 0""",145 lbs.,--,,2,4,0,
3514,Max,Rohskopf,Rated R,"6' 1""",155 lbs.,"71.0""",Orthodox,5,1,0,
3515,Nilson,Rojas,El Rayo,"5' 6""",125 lbs.,"63.0""",Orthodox,9,1,0,
3516,Marcelo,Rojo,Pitbull,"5' 8""",145 lbs.,"71.0""",Orthodox,16,10,0,
3517,Shane,Roller,,"5' 10""",155 lbs.,"72.0""",Orthodox,11,7,0,
3518,Jared,Rollins,J-Roc,"5' 9""",170 lbs.,--,Orthodox,8,4,0,
3519,Tim,Roman,,"6' 1""",170 lbs.,--,,3,4,0,
3520,Alexandr,Romanov,King Kong,"6' 2""",262 lbs.,"75.0""",Southpaw,18,3,0,
3521,Ricardo,Romero,,"6' 0""",205 lbs.,"76.0""",Orthodox,11,3,0,
3522,Yoel,Romero,Soldier of God,"6' 0""",185 lbs.,"73.0""",Southpaw,13,5,0,
3523,Anthony,Romero,The Genius,"5' 11""",155 lbs.,"70.0""",Orthodox,8,0,0,
3524,Kaleio,Romero,KO,"5' 10""",145 lbs.,"69.0""",Switch,6,2,0,
3525,Roberto,Romero,El Charro Negro,"5' 8""",145 lbs.,"70.0""",Orthodox,8,5,1,
3526,Mara,Romero Borella,,"5' 6""",125 lbs.,"69.0""",Orthodox,12,9,0,
3527,Cortavious,Romious,,"5' 4""",135 lbs.,"68.0""",Southpaw,9,4,0,
3528,Juancamilo,Ronderos,100,"5' 3""",125 lbs.,"64.0""",Southpaw,4,2,0,
3529,,Rongzhu,The Yama King,"5' 9""",155 lbs.,"71.0""",Orthodox,29,6,0,
3530,Jesse,Ronson,The Body Snatcher,"5' 10""",155 lbs.,"70.0""",Southpaw,21,12,0,
3531,George,Roop,,"6' 1""",135 lbs.,"72.0""",Orthodox,15,13,1,
3532,Joao,Roque,,"5' 6""",155 lbs.,--,Orthodox,7,2,4,
3533,Aaron,Rosa,,"6' 4""",205 lbs.,"77.0""",Orthodox,18,6,0,
3534,Charles,Rosa,Boston Strong,"5' 9""",145 lbs.,"69.0""",Switch,14,8,0,
3535,Karol,Rosa,,"5' 5""",135 lbs.,"67.0""",Orthodox,19,8,0,
3536,Jacob,Rosales,The Lil Badger,"5' 11""",155 lbs.,"74.0""",Orthodox,13,7,0,
3537,Jessie,Rosas,Tachidito,"5' 7""",145 lbs.,"68.0""",Southpaw,8,2,0,
3538,Raul,Rosas Jr.,El Nino Problema,"5' 9""",135 lbs.,"67.0""",Switch,12,1,0,
3539,Hilarie,Rose,,"5' 3""",115 lbs.,"63.0""",Orthodox,4,2,0,
3540,Jake,Rosholt,,"6' 1""",185 lbs.,--,Orthodox,12,5,0,
3541,Jared,Rosholt,,"6' 2""",265 lbs.,"75.0""",Orthodox,14,4,0,
3542,Kevin,Rosier,,"6' 4""",275 lbs.,--,Orthodox,2,6,0,
3543,Zach,Rosol,,--,243 lbs.,--,,3,2,0,
3544,Shannon,Ross,The Turkish Delight,"5' 6""",125 lbs.,"66.0""",Switch,13,9,0,
3545,Nick,Rossborough,Leatherface,"6' 5""",205 lbs.,--,,26,19,1,
3546,Kristian,Rothaermel,,"6' 0""",205 lbs.,--,Open Stance,4,3,0,
3547,Ben,Rothwell,,"6' 4""",265 lbs.,"78.0""",Orthodox,39,14,0,
3548,Rick,Roufus,,"6' 0""",207 lbs.,--,Southpaw,4,6,0,
3549,Khalil,Rountree Jr.,,"6' 1""",205 lbs.,"76.0""",Southpaw,15,7,0,
3550,Ronda,Rousey,Rowdy,"5' 7""",135 lbs.,"66.0""",Orthodox,12,2,0,
3551,Ray,Routh,,"5' 8""",185 lbs.,--,Orthodox,2,1,0,
3552,Roberta,Rovel,Crusher,"5' 8""",145 lbs.,--,,4,1,0,
3553,Phil,Rowe,The Fresh Prince,"6' 3""",170 lbs.,"80.0""",Orthodox,11,7,0,
3554,Cam,Rowston,,"6' 3""",185 lbs.,"78.0""",Orthodox,15,3,0,
3555,Kain,Royer,,--,185 lbs.,--,,2,2,0,
3556,Brad,Royster,,--,135 lbs.,--,,1,2,0,
3557,Brandon,Royval,Raw Dawg,"5' 9""",125 lbs.,"68.0""",Southpaw,18,9,0,
3558,Jairzinho,Rozenstruik,Bigi Boy,"6' 2""",242 lbs.,"78.0""",Orthodox,15,6,0,
3559,Mauricio,Rua,Shogun,"6' 1""",205 lbs.,"76.0""",Orthodox,27,14,1,
3560,Murilo,Rua,Ninja,"5' 11""",185 lbs.,--,Orthodox,20,13,1,
3561,Marco,Ruas,King of the Streets,"6' 1""",210 lbs.,--,Orthodox,9,4,2,
3562,Rodrigo,Ruas,,"5' 10""",185 lbs.,--,Orthodox,4,5,1,
3563,Rodolfo,Rubio Perez,Fito,"5' 5""",145 lbs.,--,Orthodox,10,16,1,
3564,Robert,Ruchala,Faker,"5' 8""",145 lbs.,"72.0""",Switch,11,3,0,
3565,Gabe,Ruediger,Godzilla,"5' 10""",155 lbs.,--,Orthodox,18,8,0,
3566,Mauricio,Ruffy,,"5' 11""",155 lbs.,"75.0""",Orthodox,14,2,0,
3567,Eddie,Ruiz,,"5' 7""",155 lbs.,--,Orthodox,1,1,0,
3568,Anthony,Ruiz,El Toro,"6' 2""",205 lbs.,--,Orthodox,33,22,0,
3569,Paul,Ruiz,,"5' 6""",135 lbs.,--,,7,4,0,
3570,Montserrat Conejo,Ruiz,,"5' 0""",115 lbs.,"61.0""",Southpaw,10,5,0,
3571,Mike,Russow,,"6' 1""",255 lbs.,"73.0""",Orthodox,15,3,0,
3572,Bas,Rutten,El Guapo,"6' 1""",205 lbs.,--,Orthodox,28,4,1,
3573,Mashrabjon,Ruzibaev,Black Junior,"5' 8""",155 lbs.,"67.0""",Orthodox,20,4,1,
3574,Nursulton,Ruziboev,Black,"6' 5""",185 lbs.,"76.0""",Orthodox,37,10,2,
3575,Casey,Ryan,,--,185 lbs.,--,,7,3,0,
3576,Damian,Rzepecki,The Butcher,"5' 10""",155 lbs.,"71.0""",Orthodox,10,1,0,
3577,Yusup,Saadulaev,Maestro,"5' 6""",135 lbs.,--,,16,4,1,
3578,Cameron,Saaiman,MSP,"5' 8""",135 lbs.,"67.0""",Southpaw,9,3,0,
3579,Pete,Sabala,,--,135 lbs.,--,,3,15,0,
3580,Zaurbek,Sabanov,,--,255 lbs.,--,,4,0,0,
3581,Danny,Sabatello,Italian Gangster,"5' 10""",135 lbs.,"71.0""",Orthodox,9,1,0,
3582,Pat,Sabatini,,"5' 8""",145 lbs.,"70.0""",Orthodox,22,5,0,
3583,Amir,Sadollah,,"5' 10""",170 lbs.,"75.0""",Orthodox,6,5,0,
3584,Nazim,Sadykhov,Black Wolf,"5' 10""",155 lbs.,"69.0""",Southpaw,11,3,1,
3585,Frankie,Saenz,,"5' 6""",135 lbs.,"66.0""",Orthodox,13,7,0,
3586,Terrance,Saeteurn,Wrong Turn,"5' 6""",125 lbs.,"67.0""",Orthodox,8,2,0,
3587,Saparbeg,Safarov,,"6' 1""",185 lbs.,"78.0""",Orthodox,9,3,0,
3588,Tarec,Saffiedine,Sponge,"5' 10""",170 lbs.,"70.0""",Switch,16,7,0,
3589,Jason,Saggo,,"5' 11""",155 lbs.,"71.0""",Orthodox,12,4,0,
3590,Kiru,Sahota,,"5' 10""",125 lbs.,"73.0""",Orthodox,12,3,0,
3591,Muhammad,Saidov,Kubik,"6' 2""",205 lbs.,"73.0""",Orthodox,10,0,0,
3592,Tatsuya,Saika,Yanbo,"6' 0""",155 lbs.,"73.0""",Orthodox,11,5,0,
3593,Mridul,Saikia,Crusher,"5' 7""",125 lbs.,"68.0""",Orthodox,9,2,0,
3594,Kaushik,Saikumar,The Pride of Chennai,"5' 10""",135 lbs.,"71.0""",Orthodox,5,1,0,
3595,Benoit,Saint Denis,God of War,"5' 11""",155 lbs.,"73.0""",Southpaw,17,4,0,
3596,Ovince,Saint Preux,,"6' 3""",205 lbs.,"80.0""",Southpaw,27,18,0,
3597,Lukasz,Sajewski,Wookie,"5' 8""",155 lbs.,"71.0""",Orthodox,13,3,0,
3598,Yukio,Sakaguchi,,"5' 9""",185 lbs.,--,Orthodox,6,7,0,
3599,Augusto,Sakai,,"6' 3""",265 lbs.,"77.0""",Orthodox,16,5,1,
3600,Alessio,Sakara,Legionarius,"6' 0""",185 lbs.,"72.0""",Orthodox,19,11,0,
3601,Wataru,Sakata,,"5' 9""",195 lbs.,--,Southpaw,11,14,0,
3602,Gokhan,Saki,The Rebel,"6' 0""",205 lbs.,"73.0""",Orthodox,1,2,0,
3603,Kazushi,Sakuraba,The Gracie Hunter,"6' 0""",185 lbs.,--,Southpaw,26,17,1,
3604,Hayato,Sakurai,Mach,"5' 7""",168 lbs.,--,Orthodox,38,13,2,
3605,Ryuta,Sakurai,,"5' 7""",183 lbs.,--,Orthodox,24,24,6,
3606,Justin,Salas,J-Bomb,"5' 8""",155 lbs.,"70.0""",Southpaw,12,7,0,
3607,Ivan,Salaverry,,"6' 0""",185 lbs.,--,Orthodox,14,9,0,
3608,Roman,Salazar,El Gallito,"5' 7""",135 lbs.,--,Orthodox,10,6,0,
3609,Luis,Saldana,,"5' 11""",145 lbs.,"73.0""",Orthodox,16,7,1,
3610,John,Salgado,Greco,"5' 10""",170 lbs.,--,,4,8,1,
3611,Muslim,Salikhov,King of Kung Fu,"5' 11""",170 lbs.,"70.0""",Orthodox,22,7,0,
3612,Gabriel,Salinas-Jones,,"6' 1""",245 lbs.,--,,5,2,1,
3613,Brandon,Saling,White Steel,"5' 10""",170 lbs.,--,,8,6,0,
3614,Quillan,Salkilld,,"6' 0""",155 lbs.,"75.0""",Orthodox,13,1,0,
3615,Sean,Salmon,,"5' 10""",185 lbs.,--,Southpaw,18,21,0,
3616,Boston,Salmon,Boom Boom,"5' 9""",135 lbs.,"69.0""",Southpaw,6,3,0,
3617,John,Salter,,"6' 1""",185 lbs.,"74.0""",Southpaw,14,3,0,
3618,Vinicius,Salvador,,"5' 7""",135 lbs.,"70.0""",Southpaw,14,7,0,
3619,Dylan,Salvador,,"5' 9""",155 lbs.,"69.0""",Southpaw,5,2,0,
3620,Josh,Samman,Anqa,"6' 3""",185 lbs.,"79.0""",Orthodox,13,4,0,
3621,Johnny,Sampaio,,"5' 8""",170 lbs.,--,Orthodox,3,1,0,
3622,Josh,Sampo,The Gremlin,"5' 4""",125 lbs.,"64.0""",Orthodox,11,5,0,
3623,Josh,San Diego,JSD,"5' 10""",135 lbs.,--,,8,3,0,
3624,Samuel,Sanches,The Prodigy,"5' 10""",155 lbs.,"74.0""",Orthodox,11,1,0,
3625,Diego,Sanchez,Nightmare,"5' 10""",170 lbs.,"72.0""",Southpaw,31,13,0,
3626,Eddie,Sanchez,The Manic Hispanic,"6' 2""",230 lbs.,"74.0""",Orthodox,15,8,0,
3627,Julian,Sanchez,,"6' 3""",300 lbs.,--,Orthodox,0,1,0,
3628,Bobby,Sanchez,The Kid,"5' 7""",155 lbs.,--,Orthodox,10,35,0,
3629,Donald,Sanchez,,"5' 10""",145 lbs.,--,,31,17,0,
3630,Joby,Sanchez,,"5' 6""",135 lbs.,"68.0""",Orthodox,11,4,0,
3631,Emmanuel,Sanchez,El Matador,"5' 9""",145 lbs.,"71.0""",,15,3,0,
3632,Erick,Sanchez,,"5' 10""",145 lbs.,--,,8,3,0,
3633,Andrew,Sanchez,El Dirte,"6' 1""",185 lbs.,"74.0""",Orthodox,13,7,0,
3634,Robert,Sanchez,Littlefury,"5' 6""",125 lbs.,"66.0""",Orthodox,8,2,0,
3635,Silvestre,Sanchez,Gorilla,"5' 10""",155 lbs.,"73.0""",Orthodox,10,1,0,
3636,Jesse,Sanders,,"6' 0""",170 lbs.,--,Orthodox,23,7,0,
3637,Luke,Sanders,Cool Hand,"5' 6""",135 lbs.,"67.0""",Southpaw,13,5,0,
3638,Jerrod,Sanders,J-Reazie,"5' 8""",135 lbs.,"72.0""",Orthodox,16,3,0,
3639,Cory,Sandhagen,,"5' 11""",135 lbs.,"70.0""",Switch,18,7,0,
3640,Hugo,Sandoval,,--,135 lbs.,--,,2,3,0,
3641,Raul,Sandoval,,--,130 lbs.,--,,3,3,0,
3642,Joseph,Sandoval,,"5' 7""",135 lbs.,--,Southpaw,7,7,0,
3643,Hector,Sandoval,Kid Alex,"5' 2""",125 lbs.,"64.0""",Orthodox,14,4,0,
3644,Chris,Sanford,,"5' 11""",185 lbs.,--,Orthodox,5,1,0,
3645,Roldan,Sangcha'an,The Executioner,"5' 4""",125 lbs.,--,Orthodox,4,2,0,
3646,Yuhi,Sano,,"5' 11""",243 lbs.,--,Orthodox,0,4,0,
3647,Martin,Sano,Spartan,"5' 11""",170 lbs.,"75.0""",Orthodox,4,3,1,
3648,Jonathan,Santa Maria,,"5' 9""",125 lbs.,--,,3,4,0,
3649,Duda,Santana,Cowboyzinha,"5' 7""",145 lbs.,"73.0""",Orthodox,3,1,0,
3650,Shaheen,Santana,Shazam,"6' 1""",155 lbs.,"75.0""",Orthodox,6,1,0,
3651,Neemias,Santana,,"6' 2""",185 lbs.,"76.0""",Orthodox,7,3,1,
3652,Sean,Santella,Shorty Rock,"5' 5""",125 lbs.,--,,17,6,1,
3653,Jorge,Santiago,The Sandman,"6' 1""",170 lbs.,"75.0""",Orthodox,25,12,0,
3654,Mike,Santiago,,"5' 10""",145 lbs.,"69.0""",Orthodox,19,12,0,
3655,Will,Santiago,The Brown Bomber,"5' 7""",185 lbs.,--,Orthodox,9,5,0,
3656,Richie,Santiago,The Milford Mauler,"5' 7""",135 lbs.,"67.0""",Southpaw,7,2,0,
3657,Hector,Santiago,,"5' 5""",135 lbs.,"68.0""",Orthodox,7,1,0,
3658,Jose,Santibanez,,--,155 lbs.,--,,10,3,0,
3659,Art,Santore,Pachuco,"6' 2""",185 lbs.,--,,18,8,0,
3660,Adriano,Santos,,--,--,--,,0,1,0,
3661,Paulo,Santos,,--,--,--,,0,3,0,
3662,Evangelista,Santos,Cyborg,"5' 10""",170 lbs.,"76.0""",Orthodox,21,18,0,
3663,Luis,Santos,,"6' 1""",170 lbs.,--,Southpaw,63,10,1,
3664,Iliarde,Santos,,"5' 5""",125 lbs.,"67.0""",Orthodox,30,13,1,
3665,Leonardo,Santos,,"6' 0""",155 lbs.,"75.0""",Orthodox,18,7,1,
3666,Thiago,Santos,Marreta,"6' 2""",205 lbs.,"76.0""",Orthodox,22,11,0,
3667,Bruno,Santos,Carioca,"5' 9""",185 lbs.,--,Orthodox,15,2,0,
3668,Andre,Santos,Chatuba,"6' 0""",170 lbs.,--,,38,10,0,
3669,Gleristone,Santos,Toninho Furia,"5' 9""",145 lbs.,--,,33,7,0,
3670,Yana,Santos,,"5' 6""",135 lbs.,"68.0""",Orthodox,17,8,0,
3671,Taila,Santos,,"5' 6""",125 lbs.,"68.0""",Orthodox,19,3,0,
3672,Marilia,Santos,Chocolate,"5' 4""",125 lbs.,--,Orthodox,10,3,0,
3673,Edivan,Santos,Pe De Sapo,"6' 4""",248 lbs.,"78.0""",Orthodox,12,3,1,
3674,Daniel,Santos,Willycat,"5' 7""",145 lbs.,"67.0""",Orthodox,14,3,0,
3675,Gabriel,Santos,Mosquitinho,"5' 9""",145 lbs.,"70.0""",Orthodox,12,2,0,
3676,Luana,Santos,,"5' 6""",135 lbs.,"67.0""",Orthodox,11,2,0,
3677,Djorden,Santos,Shakur,"6' 0""",185 lbs.,"75.0""",Orthodox,11,4,0,
3678,Mairon,Santos,The Legend,"5' 7""",145 lbs.,"72.0""",Orthodox,18,1,0,
3679,Ednilson,Santos,Cai Cai,"5' 9""",155 lbs.,"73.0""",Orthodox,14,7,1,
3680,Nick,Sanzo,,"5' 9""",190 lbs.,--,,1,1,0,
3681,Bob,Sapp,The Beast,"6' 5""",350 lbs.,--,Orthodox,11,20,0,
3682,Daniel,Sarafian,,"5' 9""",185 lbs.,"73.0""",Orthodox,10,6,0,
3683,Jeka,Saragih,,"5' 8""",145 lbs.,"69.0""",Orthodox,14,5,0,
3684,Diego,Saraiva,The Octopus,"5' 6""",155 lbs.,--,Orthodox,22,20,1,
3685,Gokhan,Saricam,,"6' 3""",265 lbs.,"75.0""",Orthodox,12,2,0,
3686,Harris,Sarmiento,The Hitman,"5' 9""",155 lbs.,--,Orthodox,36,26,0,
3687,Alexander,Sarnavskiy,Tiger,"5' 11""",155 lbs.,--,,35,6,0,
3688,Yuki,Sasaki,,"6' 2""",185 lbs.,--,Orthodox,25,22,2,
3689,Kyosuke,Sasaki,,"5' 7""",183 lbs.,--,Southpaw,3,7,4,
3690,Yuta,Sasaki,Ulka,"5' 10""",125 lbs.,"71.0""",Southpaw,21,6,2,
3691,Paul,Sass,,"6' 0""",155 lbs.,"73.0""",Orthodox,14,2,0,
3692,Keisuke,Sasu,Sasuke,"5' 5""",145 lbs.,"69.0""",Switch,11,3,1,
3693,Masaaki,Satake,,"6' 1""",220 lbs.,--,Orthodox,1,8,1,
3694,Takenori,Sato,,"5' 10""",170 lbs.,--,Southpaw,19,11,7,
3695,Takashi,Sato,Ten,"5' 10""",170 lbs.,"73.0""",Southpaw,16,7,0,
3696,Shogo,Sato,Tora,"5' 7""",170 lbs.,"66.0""",Southpaw,5,1,0,
3697,Uran,Satybaldiev,Gorilla,"6' 4""",205 lbs.,"79.0""",Orthodox,9,1,0,
3698,Jeimeson,Saudino,The Minion,"5' 6""",135 lbs.,--,,8,5,0,
3699,Tom,Sauer,,"6' 1""",263 lbs.,--,,25,12,0,
3700,Townsend,Saunders,,"5' 5""",170 lbs.,--,Orthodox,0,2,0,
3701,Ben,Saunders,Killa B,"6' 2""",170 lbs.,"77.0""",Orthodox,22,13,2,
3702,Chad W.,Saunders,,"5' 10""",170 lbs.,--,Orthodox,7,2,0,
3703,Chris,Saunders,The So Cal Kid,"5' 8""",155 lbs.,--,,16,8,0,
3704,Christien,Savoie,The Tiger,"5' 11""",170 lbs.,"72.0""",Orthodox,10,2,1,
3705,Lumumba,Sayers,,"6' 0""",185 lbs.,--,,6,5,0,
3706,Matt,Sayles,,"5' 7""",155 lbs.,"68.0""",Orthodox,8,4,0,
3707,Brandon,Sayles,Man of War,"6' 5""",265 lbs.,--,,5,1,0,
3708,Mikheil,Sazhiniani,Spartan,"6' 0""",205 lbs.,"71.0""",Orthodox,13,3,0,
3709,Mark,Scanlon,,"5' 9""",170 lbs.,--,Orthodox,9,2,0,
3710,Eric,Schafer,Red,"6' 3""",185 lbs.,"76.0""",Orthodox,14,8,2,
3711,Kerry,Schall,Meat Truck,"6' 2""",265 lbs.,--,Orthodox,24,13,0,
3712,Eric,Schambari,,"5' 11""",185 lbs.,--,Orthodox,15,6,0,
3713,Brendan,Schaub,Big Brown,"6' 4""",245 lbs.,"78.0""",Orthodox,10,5,0,
3714,Matheus,Scheffel,Buffa,"6' 2""",205 lbs.,"75.0""",Orthodox,14,7,0,
3715,Antonio,Schembri,Nino,"5' 9""",205 lbs.,--,Orthodox,5,5,0,
3716,Fabiano,Scherner,Pegaleve,"6' 3""",257 lbs.,--,Orthodox,11,10,0,
3717,Samy,Schiavo,,"5' 8""",155 lbs.,--,Orthodox,10,6,0,
3718,Pat,Schilling,Thrilling,"5' 8""",145 lbs.,--,Orthodox,5,2,0,
3719,Joe,Schilling,,"6' 3""",185 lbs.,--,,2,5,0,
3720,Semmy,Schilt,Hightower,"6' 10""",265 lbs.,--,Orthodox,26,14,1,
3721,Adam,Schindler,,"5' 8""",155 lbs.,--,,10,6,0,
3722,Ollie,Schmid,The Hungarian Stallion,"6' 0""",145 lbs.,"71.0""",Orthodox,4,3,0,
3723,Daniel,Schmitt,,--,185 lbs.,--,,2,3,0,
3724,Colleen,Schneider,,--,135 lbs.,--,,11,7,0,
3725,Matt,Schnell,Danger,"5' 8""",125 lbs.,"70.0""",Orthodox,17,11,0,
3726,Alex,Schoenauer,,"6' 3""",185 lbs.,--,Orthodox,15,10,0,
3727,Bailey,Schoenfelder,Berserk,"6' 3""",265 lbs.,"76.0""",Orthodox,5,1,0,
3728,Darrill,Schoonover,The Boss,"6' 2""",220 lbs.,--,Orthodox,14,8,0,
3729,Bob,Schrijber,Dirty,"6' 0""",240 lbs.,--,Orthodox,20,17,1,
3730,Nate,Schroeder,,"6' 1""",230 lbs.,--,,11,10,0,
3731,Lacey,Schuckman,,"5' 3""",125 lbs.,--,,11,10,0,
3732,Mark,Schultz,,"5' 9""",200 lbs.,--,Orthodox,1,1,0,
3733,Wes,Schultz,Party Time,"6' 0""",185 lbs.,"77.0""",Orthodox,9,4,0,
3734,Brian,Schwartz,,"6' 3""",170 lbs.,--,Orthodox,1,1,0,
3735,Eric,Schwartz,,--,205 lbs.,--,,2,0,0,
3736,Justin,Scoggins,,"5' 7""",125 lbs.,"66.0""",Southpaw,11,5,0,
3737,Brad,Scott,Bear,"6' 1""",170 lbs.,"76.0""",Orthodox,11,6,0,
3738,Greg,Scott,,"5' 9""",145 lbs.,--,,3,4,0,
3739,Louis Lee,Scott,Lightning,"5' 8""",135 lbs.,"70.0""",Orthodox,10,0,0,
3740,Zachary,Scroggin,,"6' 3""",170 lbs.,"74.0""",Orthodox,7,1,0,
3741,Mike,Seal,Crazy Boy,"6' 4""",185 lbs.,--,Orthodox,13,15,1,
3742,Demba,Seck,Black Tiger,"6' 1""",145 lbs.,"74.0""",Orthodox,10,3,0,
3743,Matt,Secor,,"6' 0""",170 lbs.,--,,8,4,0,
3744,Kenneth,Seegrist,,"6' 0""",185 lbs.,--,Orthodox,4,7,0,
3745,Neil,Seery,2Tap,"5' 4""",125 lbs.,"64.0""",Orthodox,16,13,0,
3746,Rony,Sefo,,"5' 9""",225 lbs.,--,Orthodox,0,2,0,
3747,Ray,Sefo,Sugarfoot,"6' 0""",240 lbs.,--,Orthodox,2,2,0,
3748,Brendan,Seguin,,"6' 0""",185 lbs.,--,,23,19,1,
3749,Tetsuya,Seki,,"5' 10""",155 lbs.,--,,14,8,1,
3750,Stefan,Sekulic,,"6' 0""",170 lbs.,"75.0""",Southpaw,12,4,0,
3751,Pete,Sell,Drago,"5' 11""",170 lbs.,"75.0""",Orthodox,10,7,0,
3752,Matthew,Semelsberger,Semi The Jedi,"6' 1""",170 lbs.,"75.0""",Switch,11,8,0,
3753,Andrei,Semenov,,"6' 0""",185 lbs.,--,Orthodox,34,9,2,
3754,Mackens,Semerzier,Da Menace,"5' 9""",145 lbs.,"72.0""",Orthodox,8,4,0,
3755,Brandon,Sene,,"5' 11""",205 lbs.,--,,2,2,0,
3756,YeDam,Seo,,"5' 3""",115 lbs.,"63.0""",Orthodox,7,4,0,
3757,DongHyun,Seo,Pinnacle,"5' 7""",145 lbs.,"67.0""",Orthodox,7,3,1,
3758,Kim In,Seok,,"5' 6""",145 lbs.,--,Orthodox,3,6,0,
3759,Ray,Seraille,,"6' 3""",246 lbs.,--,,8,9,0,
3760,Ivan,Serati,,"6' 0""",205 lbs.,--,Orthodox,12,4,0,
3761,Alex,Serdyukov,The Russian Crusher,"6' 2""",170 lbs.,"74.0""",Orthodox,8,5,0,
3762,Nicholas,Sergiacomi,,--,170 lbs.,--,,1,1,0,
3763,Matt,Serra,The Terra,"5' 6""",170 lbs.,"68.0""",Orthodox,11,7,0,
3764,Nick,Serra,The Mad Monkey,"5' 9""",170 lbs.,--,Orthodox,7,3,0,
3765,Adrian,Serrano,,"5' 8""",170 lbs.,--,,56,29,4,
3766,Fredy,Serrano,El Profe,"5' 3""",125 lbs.,"65.0""",Orthodox,3,2,0,
3767,Carl,Seumanutafa,,"6' 1""",255 lbs.,--,Orthodox,10,8,0,
3768,Igor,Severino,,"5' 7""",125 lbs.,"69.0""",Orthodox,8,1,0,
3769,Dan,Severn,The Beast,"6' 2""",250 lbs.,--,Southpaw,101,19,1,
3770,Rosi,Sexton,The Surgeon,"5' 3""",135 lbs.,--,Orthodox,13,5,0,
3771,Rodrigo,Sezinando,,"5' 9""",170 lbs.,"71.0""",Orthodox,9,2,0,
3772,Scott,Shaffer,,"5' 7""",145 lbs.,--,Orthodox,0,1,0,
3773,Edmen,Shahbazyan,The Golden Boy,"6' 2""",185 lbs.,"74.0""",Orthodox,16,6,0,
3774,Leon,Shahbazyan,S.O.G.,"6' 4""",170 lbs.,"74.0""",Orthodox,12,5,0,
3775,Don,Shainis,Shameless,"5' 6""",145 lbs.,"67.0""",Orthodox,12,5,0,
3776,Liliya,Shakirova,,"5' 4""",125 lbs.,"65.0""",Orthodox,8,2,0,
3777,Kamal,Shalorus,Prince of Persia,"5' 8""",155 lbs.,"68.0""",Orthodox,9,5,2,
3778,Ken,Shamrock,The World's Most Dangerous Man,"6' 1""",205 lbs.,"72.0""",Orthodox,28,17,2,
3779,Frank,Shamrock,,"5' 10""",185 lbs.,--,Orthodox,23,10,2,
3780,Shang,Zhifa,Northeast Flying Tiger,"5' 7""",125 lbs.,"63.0""",Orthodox,32,8,0,
3781,Sean,Sharaf,The Smoke,"6' 3""",252 lbs.,"77.0""",Orthodox,4,2,0,
3782,Priya,Sharma,The Catwoman,"5' 1""",115 lbs.,"59.0""",Orthodox,5,2,0,
3783,Jason,Sharp,,--,205 lbs.,--,,3,3,0,
3784,Eric,Shelton,Showtime,"5' 6""",125 lbs.,"68.0""",Orthodox,12,6,0,
3785,Sean,Sherk,The Muscle Shark,"5' 6""",155 lbs.,"67.0""",Orthodox,36,4,1,
3786,Chase,Sherman,The Vanilla Gorilla,"6' 4""",250 lbs.,"78.0""",Orthodox,16,12,0,
3787,Valentina,Shevchenko,Bullet,"5' 5""",125 lbs.,"66.0""",Southpaw,26,4,1,
3788,Antonina,Shevchenko,La Pantera,"5' 8""",125 lbs.,"67.0""",Southpaw,10,4,0,
3789,Shi,Ming,,"5' 2""",115 lbs.,"60.0""",Orthodox,18,6,0,
3790,Katsuyori,Shibata,,"6' 0""",168 lbs.,--,Orthodox,4,11,1,
3791,Jake,Shields,,"6' 0""",170 lbs.,"72.0""",Orthodox,31,9,1,
3792,Henrique,Shiguemoto,,"5' 11""",185 lbs.,"72.0""",Orthodox,13,4,1,
3793,Shunichi,Shimizu,,"5' 5""",135 lbs.,--,Orthodox,30,18,11,
3794,Youmin,Shin,,--,135 lbs.,--,,6,1,0,
3795,Wade,Shipp,The Nightmare,"6' 3""",245 lbs.,--,Orthodox,11,5,0,
3796,Raja,Shippen,,"5' 6""",145 lbs.,--,,18,11,1,
3797,Yuya,Shirai,,"5' 8""",168 lbs.,--,Orthodox,26,14,2,
3798,Wes,Shivers,,"6' 8""",--,--,,7,1,0,
3799,Alexander,Shlemenko,Storm,"5' 11""",185 lbs.,--,,56,9,0,
3800,Josh,Shockley,,"6' 1""",155 lbs.,--,Orthodox,11,4,0,
3801,Josh,Shockman,The War Hammer,"6' 4""",235 lbs.,--,Southpaw,6,3,0,
3802,Akira,Shoji,,"5' 8""",195 lbs.,--,Orthodox,14,17,5,
3803,Liudvik,Sholinian,Palmeyros,"5' 10""",135 lbs.,"71.0""",Orthodox,9,4,1,
3804,Jack,Shore,Tank,"5' 8""",145 lbs.,"71.0""",Orthodox,17,3,0,
3805,Landon,Showalter,The Show,"6' 0""",185 lbs.,--,,11,19,1,
3806,Ivan,Shtyrkov,Ural Hulk,"6' 0""",205 lbs.,"74.0""",Orthodox,15,0,1,
3807,Brandon,Shuey,Big Dawg,"5' 7""",155 lbs.,--,Orthodox,7,6,0,
3808,Ronal,Siahaan,Naga Sakti,"5' 7""",125 lbs.,"71.0""",Southpaw,7,1,0,
3809,Sam,Sicilia,,"5' 8""",145 lbs.,"67.0""",Orthodox,15,8,0,
3810,Kiril,Sidelnikov,,"5' 11""",230 lbs.,--,,11,4,0,
3811,Serhiy,Sidey,,"5' 11""",135 lbs.,"72.0""",Switch,12,2,0,
3812,Steven,Siler,Super,"5' 11""",145 lbs.,"70.0""",Orthodox,29,16,0,
3813,Siala,Siliga,Mighty Mo,"6' 1""",290 lbs.,--,Orthodox,12,5,0,
3814,Xavier,Siller,Young Guns,"5' 5""",125 lbs.,--,,5,5,0,
3815,Assuerio,Silva,,"5' 10""",241 lbs.,--,Orthodox,16,8,0,
3816,Anderson,Silva,The Spider,"6' 2""",185 lbs.,"77.0""",Southpaw,34,11,0,
3817,Wanderlei,Silva,The Axe Murderer,"5' 11""",205 lbs.,"74.0""",Orthodox,35,13,1,
3818,Thiago,Silva,,"6' 2""",205 lbs.,"74.0""",Orthodox,19,6,0,
3819,Paulo Cesar,Silva,Giant,"7' 5""",385 lbs.,--,Orthodox,2,6,0,
3820,Jean,Silva,White Bear,"5' 6""",160 lbs.,--,Orthodox,19,12,3,
3821,Edson,Silva,Paredao,--,205 lbs.,--,Orthodox,14,12,0,
3822,Sidney,Silva,,"6' 3""",170 lbs.,--,Southpaw,8,4,0,
3823,Jay,Silva,,"6' 2""",185 lbs.,--,Southpaw,10,11,1,
3824,Antonio,Silva,Bigfoot,"6' 4""",264 lbs.,"82.0""",Orthodox,19,12,1,
3825,Fabio,Silva,,"5' 11""",205 lbs.,--,Orthodox,1,8,0,
3826,Erick,Silva,,"6' 0""",170 lbs.,"74.0""",Orthodox,19,9,0,
3827,Leandro,Silva,Buscape,"5' 9""",155 lbs.,"72.0""",Orthodox,20,6,1,
3828,Claudio,Silva,Hannibal,"5' 11""",170 lbs.,"71.0""",Southpaw,14,4,0,
3829,Wagner,Silva,Wagnao,"6' 0""",170 lbs.,--,Orthodox,6,3,0,
3830,Rafael,Silva,Morcego,"5' 7""",135 lbs.,--,,28,6,0,
3831,Joaquim,Silva,Netto BJJ,"5' 8""",155 lbs.,"69.0""",Southpaw,14,6,0,
3832,Felipe,Silva,,"6' 0""",155 lbs.,"77.0""",Orthodox,8,2,0,
3833,Dayana,Silva,,"5' 7""",135 lbs.,--,Orthodox,7,4,0,
3834,Bruno,Silva,Bulldog,"5' 4""",125 lbs.,"65.0""",Orthodox,15,9,2,
3835,Bruno,Silva,Blindado,"6' 0""",185 lbs.,"74.0""",Orthodox,23,13,0,
3836,Gabriel,Silva,,"5' 6""",135 lbs.,"71.0""",Orthodox,8,2,0,
3837,Jacob,Silva,Lil Animal,"5' 5""",125 lbs.,"67.0""",Orthodox,6,4,0,
3838,Natalia,Silva,,"5' 4""",125 lbs.,"65.0""",Southpaw,20,5,1,
3839,Jansey,Silva,Jones,"6' 2""",185 lbs.,"67.0""",Orthodox,7,2,0,
3840,Maria,Silva,Viuva Negra,"5' 3""",115 lbs.,"64.0""",Orthodox,8,1,0,
3841,Karine,Silva,Killer,"5' 5""",125 lbs.,"67.0""",Orthodox,19,7,0,
3842,Erik,Silva,The King,"5' 9""",145 lbs.,"71.0""",Orthodox,9,4,0,
3843,Janaina,Silva,Jana-Iron-Hand,"5' 1""",115 lbs.,"60.0""",Orthodox,5,1,0,
3844,Jhonata,Silva,,"5' 5""",125 lbs.,"66.0""",Orthodox,8,2,0,
3845,Jean,Silva,Lord,"5' 7""",145 lbs.,"69.0""",Orthodox,18,3,0,
3846,Danny,Silva,El Puma,"5' 7""",145 lbs.,"69.0""",Switch,11,2,0,
3847,Frank,Silva,De Black,--,125 lbs.,--,,7,1,0,
3848,Samuel,Silva,Caveira,"6' 0""",155 lbs.,"72.0""",Orthodox,13,5,1,
3849,Douglas,Silva de Andrade,D Silva,"5' 7""",145 lbs.,"68.0""",Orthodox,29,7,0,
3850,Leonardo,Silva de Oliveira,Cabecao,"6' 2""",185 lbs.,--,Orthodox,12,4,0,
3851,Aline,Silva Pereira,,--,135 lbs.,--,,3,2,0,
3852,Marcus,Silveira,Conan,"6' 3""",242 lbs.,--,Orthodox,6,4,0,
3853,Elias,Silverio,Xuxu,"5' 11""",155 lbs.,"73.0""",Orthodox,13,3,0,
3854,Sim,Kai Xiong,Kobra,"5' 6""",135 lbs.,"67.0""",Orthodox,7,2,0,
3855,Jamey,Simmons,The Afro Samurai,"5' 6""",135 lbs.,"70.0""",Orthodox,7,4,0,
3856,Ricky,Simon,,"5' 6""",135 lbs.,"69.0""",Orthodox,22,7,1,
3857,Aaron,Simpson,A-Train,"6' 0""",170 lbs.,"73.0""",Orthodox,12,5,0,
3858,Wes,Sims,The Project,"6' 10""",260 lbs.,--,Orthodox,24,14,1,
3859,Marlon,Sims,,--,170 lbs.,--,,3,4,0,
3860,Tony,Sims,,"5' 11""",155 lbs.,"70.0""",Southpaw,12,4,0,
3861,Everett,Sims,Sexual Chocolate,"6' 5""",260 lbs.,"77.0""",Southpaw,4,1,0,
3862,Lodune,Sincaid,,"5' 9""",185 lbs.,--,Orthodox,15,9,0,
3863,Rob,Sinclair,,"5' 8""",155 lbs.,--,,13,5,0,
3864,Rory,Singer,Outburst,"6' 2""",185 lbs.,"77.0""",Orthodox,11,9,0,
3865,Rana Rudra Pratap,Singh,Ashwathama,"5' 10""",135 lbs.,"69.0""",Orthodox,11,2,0,
3866,Kiran,Singh,Stubborn,"5' 1""",115 lbs.,"65.0""",Orthodox,7,4,0,
3867,Elvis,Sinosic,The King of Rock n' Rumble,"6' 3""",205 lbs.,"77.0""",Orthodox,7,11,2,
3868,Fabia,Sintes,El Potro Menorquin,"5' 7""",125 lbs.,"65.0""",Orthodox,12,3,0,
3869,Mitchell,Sipe,No Dice,"6' 2""",245 lbs.,--,Orthodox,4,1,0,
3870,Gian,Siqueira,Pitbull,"6' 1""",170 lbs.,"74.0""",Orthodox,19,5,0,
3871,Jamie,Siraj,The Gremlin,"5' 7""",135 lbs.,"66.0""",Orthodox,14,4,0,
3872,Jeremia,Siregar,The Teacher,"5' 2""",125 lbs.,"63.0""",Orthodox,6,3,0,
3873,AJ,Siscoe,Let's Go,"5' 7""",135 lbs.,--,,1,2,0,
3874,Yokthai,Sithoar,,"5' 7""",143 lbs.,--,,0,1,0,
3875,Jeri,Sitzes,,"5' 5""",125 lbs.,--,,3,1,0,
3876,Dennis,Siver,,"5' 6""",145 lbs.,"70.0""",Orthodox,23,11,0,
3877,Chas,Skelly,The Scrapper,"5' 11""",145 lbs.,"72.0""",Orthodox,19,3,0,
3878,Matt,Skelton,,"6' 3""",265 lbs.,--,Orthodox,0,1,0,
3879,Zach,Skinner,,"5' 6""",145 lbs.,--,Orthodox,10,11,0,
3880,Brian,Sleeman,,"5' 8""",185 lbs.,--,,9,9,1,
3881,Joe,Slick,,"6' 0""",199 lbs.,--,Orthodox,16,5,3,
3882,Ray,Sloan,,"6' 1""",205 lbs.,--,,8,1,0,
3883,Kestutis,Smirnovas,,"5' 10""",200 lbs.,--,Orthodox,24,8,2,
3884,Maurice,Smith,,"6' 2""",221 lbs.,--,Orthodox,12,14,0,
3885,Patrick,Smith,,"6' 2""",225 lbs.,--,Orthodox,20,17,0,
3886,Scott,Smith,Hands of Steel,"6' 0""",185 lbs.,"70.0""",Orthodox,18,11,0,
3887,Eric,Smith,,--,--,--,Southpaw,1,1,0,
3888,Josh,Smith,,"6' 0""",155 lbs.,--,Orthodox,9,8,0,
3889,David,Smith,,--,155 lbs.,--,,5,1,0,
3890,Adam,Smith,,--,--,--,,0,3,0,
3891,Dillon,Smith,,"6' 0""",170 lbs.,--,,0,0,0,
3892,Trevor,Smith,Hot Sauce,"6' 3""",185 lbs.,"75.0""",Orthodox,15,10,0,
3893,Anthony,Smith,Lionheart,"6' 4""",205 lbs.,"76.0""",Orthodox,38,22,0,
3894,Colton,Smith,,"6' 0""",155 lbs.,"71.0""",Orthodox,7,4,0,
3895,Gilbert,Smith,,"5' 9""",185 lbs.,--,Southpaw,12,6,0,
3896,Leslie,Smith,The Peacemaker,"5' 9""",135 lbs.,"66.0""",Orthodox,10,7,1,
3897,Devonte,Smith,King Kage,"5' 9""",155 lbs.,"76.0""",Orthodox,11,4,0,
3898,Cole,Smith,The Cole Train,"5' 11""",135 lbs.,"67.0""",Orthodox,7,2,0,
3899,Nate,Smith,The Savage,"5' 6""",125 lbs.,"69.0""",Switch,6,1,0,
3900,Braxton,Smith,The Beautiful Monster,"5' 11""",257 lbs.,"72.0""",Orthodox,5,2,0,
3901,Elijah,Smith,Swift,"5' 9""",135 lbs.,"71.0""",Orthodox,10,1,0,
3902,Jacobe,Smith,Cobe,"5' 10""",170 lbs.,"72.0""",Southpaw,12,0,0,
3903,Hunter,Smith,Headshot,"5' 9""",155 lbs.,"69.0""",Orthodox,8,2,0,
3904,Walter,Smith-Cotito,,"5' 8""",135 lbs.,--,,4,5,0,
3905,Justin,Smitley,,--,145 lbs.,--,,10,7,1,
3906,Dmitrii,Smoliakov,The Lifeguard,"6' 2""",253 lbs.,"74.0""",Switch,9,3,0,
3907,Louis,Smolka,Da Last Samurai,"5' 9""",135 lbs.,"68.0""",Orthodox,17,9,0,
3908,Cameron,Smotherman,The Baby-Faced Killa,"5' 9""",135 lbs.,"69.0""",Orthodox,12,7,0,
3909,Shimon,Smotritsky,The Assassin,"6' 2""",170 lbs.,"74.0""",Orthodox,8,2,0,
3910,Richie,Smullen,,"5' 9""",155 lbs.,"68.0""",Orthodox,3,1,1,
3911,Devin,Smyth,,"5' 10""",170 lbs.,"72.0""",Switch,4,2,0,
3912,Mateus,Soares,I'm Ready,--,135 lbs.,--,,11,2,0,
3913,Denis,Sobolev,,"6' 3""",216 lbs.,--,Orthodox,4,7,0,
3914,Peter,Sobotta,,"6' 0""",170 lbs.,"75.0""",Southpaw,17,7,1,
3915,Renato,Sobral,Babalu,"6' 1""",205 lbs.,"75.0""",Orthodox,37,11,0,
3916,Rameau Thierry,Sokoudjou,The African Assassin,"5' 10""",205 lbs.,"78.0""",Orthodox,18,18,0,
3917,Axel,Sola,,"6' 0""",155 lbs.,"74.0""",Southpaw,13,1,1,
3918,Alexander,Soldatkin,,"6' 2""",250 lbs.,"75.0""",Orthodox,14,4,0,
3919,Roberto,Soldic,Robocop,--,170 lbs.,--,,21,4,0,
3920,Joe,Solecki,,"5' 9""",155 lbs.,"70.0""",Orthodox,13,6,0,
3921,Chris,Solomon,,"5' 11""",155 lbs.,--,,0,0,0,
3922,Joe,Son,,"5' 4""",236 lbs.,--,Orthodox,0,4,0,
3923,Paul,Song,,--,185 lbs.,--,,2,2,0,
3924,Song,Kenan,The Assassin,"6' 0""",170 lbs.,"71.0""",Orthodox,22,9,0,
3925,Song,Yadong,Kung Fu Kid,"5' 8""",135 lbs.,"67.0""",Orthodox,24,9,1,
3926,YoungJae,Song,Super Rookie,"5' 8""",145 lbs.,"70.0""",Orthodox,10,2,1,
3927,Hyeonjong,Song,,--,135 lbs.,--,,8,1,0,
3928,Emrah,Sonmez,Anatolian Wolf,"5' 10""",145 lbs.,"71.0""",Orthodox,14,5,0,
3929,Chael,Sonnen,,"6' 1""",205 lbs.,"73.0""",Southpaw,29,15,1,
3930,Cody,Sons,,"5' 9""",205 lbs.,--,,3,7,0,
3931,Jin,Soo Son,,"5' 6""",135 lbs.,"69.0""",Orthodox,9,4,0,
3932,Benardo,Sopaj,Lion King,"5' 6""",135 lbs.,"66.0""",Orthodox,13,3,0,
3933,Emiliano,Sordi,He-Man,"6' 2""",205 lbs.,--,Orthodox,16,7,0,
3934,Sean,Soriano,,"5' 9""",145 lbs.,"70.0""",Orthodox,14,8,0,
3935,Punahele,Soriano,Puna,"5' 11""",170 lbs.,"72.0""",Southpaw,13,5,0,
3936,Hecher,Sosa,Guanche Warrior,"5' 9""",135 lbs.,"70.0""",Orthodox,15,1,0,
3937,Dmitry,Sosnovskiy,Wicked Machine,"6' 3""",240 lbs.,"77.0""",Orthodox,11,0,0,
3938,Ben,Sosoli,Combat Wombat,"6' 0""",265 lbs.,"72.0""",Southpaw,7,3,0,
3939,Krzysztof,Soszynski,The Polish Experiment,"6' 1""",205 lbs.,"77.0""",Open Stance,26,12,1,
3940,George,Sotiropoulos,,"5' 10""",155 lbs.,"71.0""",Orthodox,14,7,0,
3941,Greg,Soto,,"5' 11""",170 lbs.,"73.0""",Orthodox,9,4,0,
3942,Alex,Soto,Extremo,"5' 8""",135 lbs.,--,Southpaw,8,3,1,
3943,Joe,Soto,One Bad Mofo,"5' 6""",135 lbs.,"65.0""",Orthodox,18,7,0,
3944,Mario,Soto,Dr. Mario,"6' 0""",145 lbs.,--,,7,2,0,
3945,Andre,Soukhamthath,The Asian Sensation,"5' 9""",135 lbs.,"70.0""",Orthodox,13,8,0,
3946,Mario,Sousa,Coracao Valente,"6' 3""",185 lbs.,"79.0""",Orthodox,15,3,0,
3947,Manoel,Sousa,Manumito,"5' 9""",155 lbs.,"70.0""",Orthodox,15,1,0,
3948,Bobby,Southworth,,"6' 2""",205 lbs.,--,Orthodox,10,6,0,
3949,Jacare,Souza,,"6' 1""",185 lbs.,"72.0""",Orthodox,26,10,0,
3950,Edimilson,Souza,Kevin,"6' 0""",145 lbs.,"74.0""",Orthodox,15,5,0,
3951,Livinha,Souza,The Brazilian Gangsta,"5' 3""",115 lbs.,"63.0""",Orthodox,14,4,0,
3952,Bruno,Souza,The Tiger,"5' 10""",145 lbs.,"70.0""",Orthodox,10,3,0,
3953,Jose,Souza,Canela,"6' 3""",170 lbs.,"79.0""",Orthodox,9,1,0,
3954,Ketlen,Souza,Esquentadinha,"5' 3""",115 lbs.,"63.0""",Orthodox,17,6,0,
3955,Heraldo,Souza,Savage,"5' 11""",185 lbs.,"73.0""",Orthodox,9,2,1,
3956,Charon,Spain,,"5' 9""",155 lbs.,--,,14,26,0,
3957,Chris,Spang,The Kiss,"6' 2""",170 lbs.,--,Orthodox,6,3,0,
3958,Andreas,Spang,Sweet Swede,"6' 1""",185 lbs.,--,,9,3,0,
3959,Ryan,Spann,Superman,"6' 5""",264 lbs.,"79.0""",Orthodox,24,12,0,
3960,Ron,Sparks,The Monster,"6' 5""",265 lbs.,--,,8,3,0,
3961,Marina,Spasic,Maki Beki,"5' 4""",115 lbs.,"64.0""",Orthodox,7,2,0,
3962,Tommy,Speer,,"5' 10""",170 lbs.,"71.0""",Orthodox,21,7,0,
3963,Patrick,Speight,,"6' 1""",170 lbs.,--,Orthodox,7,3,0,
3964,Sean,Spencer,Black Magic,"5' 10""",170 lbs.,"74.0""",Orthodox,12,6,0,
3965,Felicia,Spencer,FeeNom,"5' 6""",145 lbs.,"68.0""",Orthodox,9,3,0,
3966,Sam,Spengler,The Ram,"5' 11""",185 lbs.,--,Orthodox,9,5,0,
3967,Nick,Sperling,,--,135 lbs.,--,,3,4,0,
3968,Mario,Sperry,Zen Machine,"6' 2""",205 lbs.,--,Orthodox,13,4,0,
3969,Eric,Spicely,Zebrinha,"6' 1""",185 lbs.,"73.0""",Orthodox,12,6,0,
3970,Waachiim,Spiritwolf,Native Warrior,"5' 8""",170 lbs.,--,,12,13,1,
3971,Daniel,Spitz,,"6' 7""",245 lbs.,"82.0""",Orthodox,6,3,0,
3972,Serghei,Spivac,Polar Bear,"6' 3""",257 lbs.,"78.0""",Orthodox,18,7,0,
3973,Daniel,Spohn,Dragon,"6' 4""",205 lbs.,"79.0""",Southpaw,15,6,0,
3974,Pete,Spratt,The Secret Weapon,"5' 9""",170 lbs.,--,Orthodox,25,23,0,
3975,Austin,Springer,,"5' 8""",145 lbs.,"71.0""",Orthodox,12,4,0,
3976,Georges,St-Pierre,Rush,"5' 11""",185 lbs.,"76.0""",Orthodox,26,2,0,
3977,Bobby,Stack,,"5' 9""",155 lbs.,--,Orthodox,8,3,0,
3978,Andreas,Stahl,Real Steel,"5' 11""",170 lbs.,--,Orthodox,10,4,0,
3979,George,Staines,Saint,--,155 lbs.,--,,10,0,0,
3980,Ron,Stallings,The Choir Boy,"6' 2""",170 lbs.,"75.0""",Southpaw,14,8,0,
3981,Cody,Stamann,The Spartan,"5' 6""",135 lbs.,"64.0""",Orthodox,21,8,1,
3982,Cristina,Stanciu,Barbie,"5' 3""",115 lbs.,--,Orthodox,5,2,0,
3983,Brian,Stann,All American,"6' 1""",205 lbs.,"74.0""",Orthodox,12,6,0,
3984,Josh,Stansbury,The Sandman,"6' 2""",205 lbs.,"74.0""",Orthodox,4,8,0,
3985,Dion,Staring,Soldier,"6' 1""",235 lbs.,--,Orthodox,35,14,0,
3986,Lucas,Stark,,--,155 lbs.,--,,1,5,0,
3987,Clifford,Starks,,"6' 0""",185 lbs.,"78.0""",Orthodox,13,3,0,
3988,Kalib,Starnes,,"6' 3""",185 lbs.,"74.0""",Orthodox,17,11,1,
3989,Laureano,Staropoli,Pepi,"6' 1""",185 lbs.,"71.0""",Orthodox,9,5,0,
3990,Damian,Stasiak,Webster,"5' 5""",135 lbs.,"70.0""",Orthodox,10,6,0,
3991,Adam,Steele,,--,170 lbs.,--,,0,1,0,
3992,Dominique,Steele,Non-Stop Action-Packed,"5' 10""",170 lbs.,"74.0""",Orthodox,14,9,0,
3993,Ricky,Steele,The Karate Kid,"5' 9""",135 lbs.,"74.0""",Orthodox,6,0,0,
3994,Kody,Steele,,"5' 9""",155 lbs.,"71.0""",Orthodox,8,1,0,
3995,Eric,Steenberg,,--,155 lbs.,--,,5,1,0,
3996,Steve,Steinbeiss,The Hooligan,"6' 3""",185 lbs.,"75.0""",Orthodox,9,4,0,
3997,Ray,Steinbeiss,Ipswitch Cobra,"5' 11""",170 lbs.,--,Orthodox,14,7,0,
3998,Dmitri,Stepanov,,"6' 3""",217 lbs.,--,Orthodox,0,1,0,
3999,Jeremy,Stephens,Lil' Heathen,"5' 9""",155 lbs.,"71.0""",Orthodox,29,23,0,
4000,Aljamain,Sterling,Funk Master,"5' 7""",145 lbs.,"71.0""",Orthodox,26,5,0,
4001,Marc,Stevens,,"5' 9""",155 lbs.,--,,21,10,0,
4002,Joe,Stevenson,Daddy,"5' 7""",145 lbs.,"70.0""",Orthodox,33,16,0,
4003,Maia,Stevenson,,"5' 4""",115 lbs.,"62.0""",Orthodox,6,5,0,
4004,Gable,Steveson,,"5' 11""",249 lbs.,"74.0""",Orthodox,4,0,0,
4005,Luke,Stewart,,"5' 11""",170 lbs.,--,Orthodox,6,3,0,
4006,Darren,Stewart,The Dentist,"6' 0""",205 lbs.,"74.0""",Orthodox,12,8,0,
4007,Kyle,Stewart,Gunz Up,"6' 0""",170 lbs.,"76.0""",Orthodox,11,3,0,
4008,Alex,Stiebling,The Brazilian Killa,"6' 2""",205 lbs.,--,Southpaw,19,11,1,
4009,Tyler,Stinson,The Evolution,"6' 3""",170 lbs.,--,,30,10,0,
4010,Navajo,Stirling,,"6' 4""",205 lbs.,"79.0""",Orthodox,11,0,0,
4011,Dan,Stittgen,The Anvil,"6' 1""",170 lbs.,--,Orthodox,12,5,0,
4012,Lazar,Stojadinovic,The Bronx Bomber,"5' 7""",145 lbs.,"68.0""",Southpaw,12,5,0,
4013,Denis,Stojnic,,"6' 0""",245 lbs.,--,Orthodox,13,3,0,
4014,Julija,Stoliarenko,,"5' 7""",125 lbs.,"66.0""",Orthodox,11,10,2,
4015,Dustin,Stoltzfus,,"6' 0""",185 lbs.,"75.0""",Orthodox,17,8,0,
4016,Niklas,Stolze,Green Mask,"6' 1""",155 lbs.,"74.0""",Switch,12,6,0,
4017,Ken,Stone,,"5' 8""",135 lbs.,"71.0""",Southpaw,11,4,0,
4018,Ryan,Stonitsch,,"5' 9""",170 lbs.,--,Southpaw,8,1,0,
4019,George,Stork,,"5' 10""",185 lbs.,--,,7,9,0,
4020,Rick,Story,The Horror,"5' 9""",170 lbs.,"71.0""",Southpaw,19,9,0,
4021,Darko,Stosic,,"6' 0""",205 lbs.,"76.0""",Orthodox,13,4,0,
4022,Greg,Stott,Ranger,"5' 7""",220 lbs.,--,Southpaw,0,1,0,
4023,Curtis,Stout,,"6' 1""",185 lbs.,--,Southpaw,11,12,1,
4024,Sam,Stout,Hands of Stone,"5' 9""",155 lbs.,"70.0""",Orthodox,20,12,1,
4025,Tim,Stout,,"5' 11""",185 lbs.,--,,12,10,0,
4026,Jesse,Strader,Sui Generis,"5' 7""",135 lbs.,"70.0""",Orthodox,5,3,0,
4027,Gennaro,Strangis,,--,--,--,,0,1,0,
4028,Dave,Strasser,,"5' 10""",170 lbs.,--,Orthodox,25,8,0,
4029,Daniel,Straus,,"5' 7""",145 lbs.,"71.0""",,24,7,0,
4030,Gerald,Strebendt,The Finishing Machine,"5' 9""",155 lbs.,--,Orthodox,9,7,0,
4031,Sean,Strickland,,"6' 1""",185 lbs.,"76.0""",Orthodox,31,7,0,
4032,Mark,Striegl,Mugen,"5' 8""",145 lbs.,"70.0""",Southpaw,18,4,0,
4033,Hans,Stringer,,"6' 3""",205 lbs.,--,Orthodox,22,8,3,
4034,Stefan,Struve,Skyscraper,"6' 11""",265 lbs.,"84.0""",Orthodox,33,13,0,
4035,Josh,Stuart,,"5' 9""",160 lbs.,--,,1,4,0,
4036,Mike,Stumpf,,"5' 10""",170 lbs.,--,,11,4,0,
4037,Kyle,Sturgeon,,"6' 3""",225 lbs.,--,Switch,0,1,0,
4038,Tatiana,Suarez,,"5' 5""",115 lbs.,"66.0""",Southpaw,13,1,0,
4039,Masanori,Suda,,"5' 9""",183 lbs.,--,Orthodox,22,11,3,
4040,Genki,Sudo,Neo-Samurai,"5' 9""",155 lbs.,--,Orthodox,15,4,2,
4041,Lucasz,Sudolski,,"6' 4""",205 lbs.,"75.0""",Orthodox,8,1,0,
4042,Daisuke,Sugie,Amazon,"5' 6""",160 lbs.,--,Orthodox,10,8,1,
4043,Takashi,Sugiura,,"5' 11""",225 lbs.,--,Southpaw,1,3,0,
4044,Naho,Sugiyuma,Sugi Rock,"5' 1""",105 lbs.,--,,12,5,0,
4045,,Sulangrangbo,,"5' 9""",135 lbs.,"66.0""",Southpaw,10,4,0,
4046,George,Sullivan,The Silencer,"6' 0""",170 lbs.,"73.0""",Orthodox,17,7,0,
4047,Amar,Suloev,,"5' 9""",183 lbs.,--,Orthodox,24,7,0,
4048,Magomed,Sultanakhmedov,,"6' 2""",185 lbs.,--,Southpaw,18,6,0,
4049,Justin,Sumter,,"6' 2""",185 lbs.,"80.0""",Southpaw,7,3,0,
4050,,Sumudaerji,The Tibetan Eagle,"5' 8""",125 lbs.,"72.0""",Southpaw,20,7,0,
4051,Smilla,Sundell,The Hurricane,--,135 lbs.,--,,2,0,0,
4052,Rama,Supandhi,Hellboy,"5' 5""",125 lbs.,"66.0""",Southpaw,8,4,0,
4053,Aji,Susilo,,"5' 10""",155 lbs.,--,,6,4,0,
4054,Baisangur,Susurkaev,The Real Hunter,"6' 2""",185 lbs.,"79.0""",Orthodox,12,0,0,
4055,Louie,Sutherland,Vanilla Gorilla,"6' 3""",258 lbs.,"76.0""",Orthodox,11,6,0,
4056,Jason,Suttie,Nobunaga,"6' 0""",210 lbs.,--,Orthodox,0,1,0,
4057,Joel,Sutton,,"5' 11""",205 lbs.,--,Orthodox,2,4,1,
4058,Chad,Sutton,,"6' 1""",185 lbs.,--,,2,2,0,
4059,Danilo,Suzart,,"6' 0""",260 lbs.,--,Orthodox,9,2,0,
4060,Takaya,Suzuki,,"5' 7""",125 lbs.,"68.0""",Southpaw,9,1,0,
4061,Martin,Svensson,,"6' 1""",155 lbs.,--,,15,6,0,
4062,Daniel,Swain,,"5' 9""",145 lbs.,"70.0""",Orthodox,20,10,1,
4063,Cub,Swanson,,"5' 8""",145 lbs.,"70.0""",Orthodox,31,14,0,
4064,Mike,Swick,Quick,"6' 1""",170 lbs.,"77.0""",Orthodox,15,6,0,
4065,Floyd,Sword,,"6' 0""",185 lbs.,--,Orthodox,12,3,0,
4066,Oumar,Sy,,"6' 4""",205 lbs.,"83.0""",Orthodox,12,3,0,
4067,Klaudia,Sygula,,"5' 8""",135 lbs.,"69.0""",Orthodox,8,3,0,
4068,Bentley,Syler,Bolivia,"5' 4""",125 lbs.,--,Orthodox,5,1,0,
4069,Kevin,Syler,El Nino Bala,"5' 9""",155 lbs.,"71.0""",Switch,10,1,0,
4070,Leo,Sylvest,Lethal,"5' 11""",205 lbs.,--,Orthodox,10,16,0,
4071,Tony,Sylvester,,"6' 1""",225 lbs.,--,Southpaw,11,3,0,
4072,Tim,Sylvia,The Maine-iac,"6' 8""",265 lbs.,"80.0""",Orthodox,31,10,0,
4073,Lucia,Szabova,Silent Killer,--,135 lbs.,--,,12,0,0,
4074,Kevin,Szaflarski,,"6' 5""",260 lbs.,"77.0""",Orthodox,11,2,0,
4075,Sebastian,Szalay,Seb,"5' 6""",145 lbs.,"66.0""",Orthodox,10,2,0,
4076,Bartosz,Szewczyk,,"6' 4""",205 lbs.,"73.0""",Orthodox,8,3,1,
4077,Osamu,Tachihikari,,"6' 5""",300 lbs.,--,Orthodox,0,4,0,
4078,Amber,Tackett,,--,115 lbs.,--,,1,3,0,
4079,Eugenio,Tadeu,,"5' 8""",160 lbs.,--,Orthodox,2,3,0,
4080,Albert,Tadevosyan,Albeezy,--,170 lbs.,--,,13,3,1,
4081,Justin,Tafa,Bad Man,"6' 0""",264 lbs.,"74.0""",Southpaw,7,5,0,
4082,Junior,Tafa,The Juggernaut,"6' 3""",205 lbs.,"75.0""",Orthodox,7,6,0,
4083,Khalid,Taha,The Warrior,"5' 5""",135 lbs.,"69.0""",Orthodox,13,5,0,
4084,Joe,Taimanglo,The Juggernaut,"5' 4""",135 lbs.,--,,23,7,1,
4085,Tatsuro,Taira,The Best,"5' 7""",125 lbs.,"70.0""",Orthodox,18,2,0,
4086,Mairbek,Taisumov,Beckan,"5' 9""",155 lbs.,"73.0""",Orthodox,27,6,0,
4087,Taiyilake,Nueraji,Super Saiyan,"6' 2""",155 lbs.,"75.0""",Southpaw,12,1,0,
4088,Ryo,Tajima,,"5' 8""",135 lbs.,"71.0""",Orthodox,12,3,0,
4089,Nobuhiko,Takada,,"6' 0""",220 lbs.,--,Southpaw,2,6,2,
4090,Yoshiki,Takahashi,Kazuo,"5' 11""",199 lbs.,--,Southpaw,30,27,3,
4091,Yoko,Takahashi,,"5' 8""",150 lbs.,--,,15,12,2,
4092,Daiju,Takase,,"6' 0""",170 lbs.,--,Southpaw,12,15,2,
4093,Hiroyuki,Takaya,Streetfight Bancho,"5' 6""",139 lbs.,--,Orthodox,21,14,2,
4094,Yoshihiro,Takayama,,"6' 5""",280 lbs.,--,Orthodox,1,4,0,
4095,Makoto,Takimoto,,"5' 7""",205 lbs.,--,Southpaw,6,5,0,
4096,Oleg,Taktarov,The Russian Bear,"6' 0""",210 lbs.,--,Orthodox,17,5,2,
4097,Payton,Talbott,,"5' 10""",135 lbs.,"70.0""",Switch,11,1,0,
4098,Nordine,Taleb,,"6' 1""",170 lbs.,"74.0""",Orthodox,15,7,0,
4099,Murtaza,Talha,,"6' 0""",205 lbs.,"74.0""",Orthodox,7,2,0,
4100,Tsuyoshi,Tamakairiki,,"6' 0""",220 lbs.,--,Orthodox,0,3,0,
4101,Eli,Tamez,Tomahawk,"5' 7""",135 lbs.,--,,10,0,0,
4102,Kiyoshi,Tamura,,"5' 11""",185 lbs.,--,Southpaw,32,13,3,
4103,Akitoshi,Tamura,The Ironman,"5' 9""",135 lbs.,"70.0""",Orthodox,21,18,2,
4104,Issei,Tamura,,"5' 5""",135 lbs.,"63.0""",Orthodox,10,8,0,
4105,Jason,Tan,,"5' 10""",170 lbs.,--,Orthodox,5,3,0,
4106,Akihito,Tanaka,Kinniku Mantaro,--,--,--,Southpaw,2,2,0,
4107,Michinori,Tanaka,,"5' 5""",135 lbs.,"67.0""",Orthodox,11,3,0,
4108,Evan,Tanner,,"6' 0""",185 lbs.,"74.0""",Orthodox,32,8,0,
4109,Kasey,Tanner,,"5' 7""",135 lbs.,"69.0""",Orthodox,6,1,0,
4110,Otari,Tanzilovi,,"5' 9""",145 lbs.,"70.0""",Orthodox,10,2,0,
4111,Manny,Tapia,The Mangler,"5' 5""",135 lbs.,"67.0""",Orthodox,12,14,1,
4112,Gary,Tapusoa,,"5' 7""",185 lbs.,--,,8,3,0,
4113,Regina,Tarin,Kill Bill,"5' 7""",125 lbs.,"66.0""",Southpaw,9,0,0,
4114,Miesha,Tate,Cupcake,"5' 6""",135 lbs.,"65.0""",Orthodox,20,10,0,
4115,Aaron,Tau,Tauzemup,"5' 4""",125 lbs.,"66.0""",Switch,11,1,0,
4116,Deividas,Taurosevicius,,"5' 9""",145 lbs.,"68.0""",Southpaw,17,5,0,
4117,Thiago,Tavares,,"5' 7""",145 lbs.,"70.0""",Orthodox,21,7,1,
4118,Jeremy,Tavares,,--,135 lbs.,--,,1,6,0,
4119,Brad,Tavares,,"6' 1""",185 lbs.,"74.0""",Orthodox,21,13,0,
4120,Ramon,Taveras,The Savage,"5' 8""",145 lbs.,"70.0""",Southpaw,10,4,0,
4121,Paul,Taylor,Relentless,"6' 0""",155 lbs.,"72.0""",Orthodox,11,6,1,
4122,Jesse,Taylor,JT Money,"6' 0""",170 lbs.,"73.0""",Orthodox,31,15,0,
4123,Torrance,Taylor,,"5' 7""",155 lbs.,--,,13,8,1,
4124,Louis,Taylor,Handgunz,"5' 11""",185 lbs.,--,Orthodox,13,4,0,
4125,Anthony,Taylor,Pretty Boy,"5' 7""",145 lbs.,--,,1,3,0,
4126,Danielle,Taylor,Dynamite,"5' 0""",115 lbs.,"60.0""",Orthodox,9,4,0,
4127,J.T,Taylor,The Outlaw,"5' 10""",--,--,,7,7,0,
4128,James,Te Huna,,"6' 2""",185 lbs.,"75.0""",Orthodox,16,9,0,
4129,Cam,Teague,Chaos,"5' 10""",145 lbs.,"69.0""",Orthodox,9,2,0,
4130,Shawn,Teed,,"6' 5""",265 lbs.,--,Orthodox,5,2,0,
4131,Glover,Teixeira,,"6' 2""",205 lbs.,"76.0""",Orthodox,33,9,0,
4132,John,Teixeira,Macapa,"5' 7""",145 lbs.,--,Orthodox,21,2,2,
4133,Ewerton,Teixeira,,"6' 1""",242 lbs.,--,,3,1,0,
4134,Tallison,Teixeira,Xicao,"6' 7""",258 lbs.,"83.0""",Orthodox,9,2,0,
4135,Tra,Telligman,Trauma,"6' 2""",233 lbs.,--,Orthodox,7,5,1,
4136,Ramazan,Temirov,Temurlan,"5' 4""",125 lbs.,"63.0""",Orthodox,20,3,0,
4137,Taneisha,Tennant,Triple Threat,"5' 7""",145 lbs.,"70.0""",Orthodox,5,1,0,
4138,Herman,Terrado,,--,170 lbs.,--,,15,3,1,
4139,Dave,Terrel,The Bionic,"5' 8""",170 lbs.,--,Southpaw,7,7,0,
4140,David,Terrell,The Soul Assassin,"6' 1""",185 lbs.,--,Southpaw,6,2,0,
4141,James,Terry,Intensity,"5' 10""",170 lbs.,--,Orthodox,19,9,0,
4142,Jeff,Terry,,"6' 2""",205 lbs.,--,,2,3,0,
4143,David,Teymur,,"5' 9""",155 lbs.,"73.0""",Southpaw,8,2,0,
4144,Daniel,Teymur,Kid Dynamite,"5' 5""",145 lbs.,"69.0""",Orthodox,7,4,0,
4145,Motonobu,Tezuka,,"5' 7""",135 lbs.,--,Southpaw,28,12,7,
4146,Jason,Thacker,,"5' 10""",185 lbs.,--,Orthodox,0,1,0,
4147,Alexia,Thainara,Burguesinha,"5' 4""",115 lbs.,"67.0""",Orthodox,15,1,0,
4148,Brandon,Thatch,Rukus,"6' 2""",170 lbs.,"74.0""",Switch,11,5,0,
4149,Elias,Theodorou,The Spartan,"6' 1""",185 lbs.,"75.0""",Orthodox,16,3,0,
4150,Nik,Theotikos,,--,185 lbs.,--,Orthodox,6,2,0,
4151,Paulo,Thiago,,"5' 11""",170 lbs.,"74.0""",Orthodox,18,9,0,
4152,Colby,Thicknesse,Slickness,"5' 7""",135 lbs.,"69.0""",Orthodox,9,1,0,
4153,Din,Thomas,Dinyero,"5' 9""",155 lbs.,--,Orthodox,26,9,0,
4154,Ryan,Thomas,The Tank Engine,"6' 0""",170 lbs.,--,Orthodox,20,8,0,
4155,Noah,Thomas,,"5' 9""",135 lbs.,--,Orthodox,14,7,0,
4156,Joel,Thomas,The NIce Guy,"5' 10""",170 lbs.,--,,5,2,0,
4157,Treston,Thomison,,"5' 8""",145 lbs.,--,,10,6,0,
4158,Nick,Thompson,The Goat,"6' 1""",170 lbs.,"74.0""",Orthodox,38,14,1,
4159,James,Thompson,The Colossus,"6' 5""",265 lbs.,--,Orthodox,20,16,0,
4160,Oli,Thompson,,"6' 1""",242 lbs.,"75.0""",Orthodox,17,10,0,
4161,Stephen,Thompson,Wonderboy,"6' 0""",170 lbs.,"75.0""",Orthodox,17,9,1,
4162,Josh,Thomson,The Punk,"5' 10""",155 lbs.,"71.0""",Orthodox,22,9,0,
4163,Isaac,Thomson,,"5' 10""",145 lbs.,"69.0""",,9,3,0,
4164,Simeon,Thoresen,The Grin,"6' 1""",170 lbs.,"79.0""",Orthodox,17,6,1,
4165,Josh,Thornburg,,"6' 0""",170 lbs.,--,,8,8,0,
4166,Ti,Haitao,,"5' 7""",135 lbs.,"69.0""",Orthodox,18,7,0,
4167,Gleison,Tibau,,"5' 10""",155 lbs.,"71.0""",Southpaw,33,14,0,
4168,Chris,Tickle,BadBoy,"5' 9""",155 lbs.,--,,9,9,0,
4169,Nolan,Ticman,,"5' 6""",125 lbs.,--,Orthodox,4,3,0,
4170,Darren,Till,The Gorilla,"6' 0""",185 lbs.,"74.0""",Southpaw,18,5,1,
4171,Brett,Tillis,,--,145 lbs.,--,,0,0,0,
4172,Rio,Tirto,,"5' 4""",125 lbs.,"66.0""",Switch,8,1,0,
4173,Denis,Tiuliulin,,"6' 1""",185 lbs.,"77.0""",Orthodox,10,10,0,
4174,Ryan,Tobar,,--,155 lbs.,--,,3,3,0,
4175,Rafael,Tobias,Bipolar,"6' 2""",205 lbs.,"74.0""",Orthodox,14,3,0,
4176,Andrew,Todhunter,The Sniper,"6' 0""",185 lbs.,--,Switch,8,0,0,
4177,Dusko,Todorovic,Thunder,"6' 1""",185 lbs.,"74.0""",Orthodox,13,7,0,
4178,Tuco,Tokkos,,"6' 4""",205 lbs.,"76.0""",Orthodox,11,6,0,
4179,Hideo,Tokoro,,"5' 7""",135 lbs.,--,Orthodox,34,29,2,
4180,Anatoly,Tokov,,"5' 10""",185 lbs.,--,,25,2,0,
4181,Anelya,Toktogonova,,"5' 2""",115 lbs.,"63.0""",Southpaw,6,2,1,
4182,Kazuki,Tokudome,,"5' 11""",155 lbs.,"73.0""",Southpaw,18,7,1,
4183,Puja,Tomar,Cyclone,"5' 1""",115 lbs.,"59.0""",Southpaw,9,6,0,
4184,Tyler,Toner,,"5' 8""",145 lbs.,"70.0""",Orthodox,15,7,0,
4185,James,Toney,Lights Out,"5' 9""",220 lbs.,--,Orthodox,0,1,0,
4186,Masanori,Tonooka,,"5' 8""",185 lbs.,--,Orthodox,1,2,0,
4187,Carl,Toomey,,--,--,--,,3,3,0,
4188,Ilia,Topuria,El Matador,"5' 7""",155 lbs.,"69.0""",Orthodox,17,1,0,
4189,Aleksandre,Topuria,El Conquistador,"5' 7""",135 lbs.,"68.0""",Orthodox,7,1,0,
4190,Anthony,Torres,The Crush,"5' 8""",170 lbs.,--,Orthodox,5,3,0,
4191,Miguel,Torres,,"5' 9""",135 lbs.,"76.0""",Orthodox,44,9,0,
4192,Ronys,Torres,,"5' 7""",155 lbs.,--,Orthodox,35,5,0,
4193,Haven,Torres,,--,125 lbs.,--,,0,0,0,
4194,Alex,Torres,Rolo,"5' 10""",145 lbs.,--,Orthodox,5,4,0,
4195,Abram,Torres,,"5' 10""",170 lbs.,--,,4,3,0,
4196,Jose,Torres,Shorty,"5' 4""",125 lbs.,"65.0""",Orthodox,8,1,0,
4197,Desmond,Torres,,"5' 6""",135 lbs.,"69.0""",Orthodox,7,2,0,
4198,Manuel,Torres,El Loco,"5' 10""",155 lbs.,"73.0""",Switch,17,4,0,
4199,Justice,Torres,,"5' 7""",145 lbs.,"66.0""",Southpaw,12,4,0,
4200,Eduardo,Torres Caut,Cyborg,"5' 7""",135 lbs.,"70.0""",Orthodox,16,2,0,
4201,Salim,Touahri,Grizzly,"5' 10""",170 lbs.,"72.0""",Orthodox,10,4,0,
4202,Dequan,Townsend,The Tarantula,"6' 3""",205 lbs.,"79.0""",Orthodox,21,12,0,
4203,Minoru,Toyonaga,,"5' 11""",195 lbs.,--,Southpaw,2,5,0,
4204,Slim,Trabelsi,,"6' 3""",235 lbs.,--,,5,0,0,
4205,Roberto,Traven,Spider,"6' 3""",227 lbs.,--,Orthodox,6,4,1,
4206,Bryan,Travers,,--,155 lbs.,--,,15,4,0,
4207,Taner,Trembley,Killemquick,"5' 9""",145 lbs.,"69.0""",Orthodox,7,1,0,
4208,Alexander,Trevino,,--,170 lbs.,--,,7,7,0,
4209,Francisco,Trevino,Sitkayan,"5' 9""",155 lbs.,"70.0""",Orthodox,13,3,0,
4210,Angelo,Trevino,Baby Monsta,"5' 11""",170 lbs.,--,Switch,7,3,0,
4211,Frank,Trigg,Twinkle Toes,"5' 9""",170 lbs.,"71.0""",Southpaw,21,9,0,
4212,Francisco,Trinaldo,Massaranduba,"5' 9""",170 lbs.,"70.0""",Southpaw,28,9,0,
4213,Damien,Trites,The Omen,"5' 11""",165 lbs.,--,,7,6,0,
4214,Michael,Trizano,The Lone Wolf,"5' 11""",145 lbs.,"71.0""",Orthodox,11,3,0,
4215,Antonio,Trocoli,Malvado,"6' 5""",185 lbs.,"80.0""",Orthodox,12,7,0,
4216,Tor,Troeng,The Hammer,"6' 2""",185 lbs.,--,Orthodox,16,7,1,
4217,Aaron,Trujillo,,"5' 5""",125 lbs.,--,,0,1,0,
4218,Reynaldo,Trujillo,The Truth,"5' 9""",155 lbs.,--,,21,19,0,
4219,Abel,Trujillo,Killa,"5' 8""",155 lbs.,"70.0""",Orthodox,15,8,0,
4220,Alexander,Trujillo,,--,125 lbs.,--,,9,0,0,
4221,Arman,Tsarukyan,Batman,"5' 7""",155 lbs.,"72.0""",Orthodox,23,3,0,
4222,Rei,Tsuruya,,"5' 6""",125 lbs.,"68.0""",Orthodox,12,1,0,
4223,Magomed,Tuchalov,Tiger,"6' 3""",205 lbs.,"78.0""",Orthodox,7,0,0,
4224,Chris,Tuchscherer,The Crowbar,"6' 2""",258 lbs.,"76.0""",Orthodox,21,4,0,
4225,Jon,Tuck,Super Saiyan,"5' 11""",155 lbs.,"73.0""",Orthodox,10,5,0,
4226,Gavin,Tucker,Guv'nor,"5' 6""",145 lbs.,"66.0""",Southpaw,13,3,0,
4227,Jumabieke,Tuerxun,The Wild Wolf,"5' 7""",135 lbs.,--,Orthodox,19,4,1,
4228,Tom,Tuggle,The Law,"6' 2""",250 lbs.,--,Orthodox,0,3,0,
4229,Blair,Tugman,,"6' 0""",135 lbs.,--,,10,6,0,
4230,Tai,Tuivasa,Bam Bam,"6' 2""",264 lbs.,"75.0""",Southpaw,15,10,0,
4231,Zubaira,Tukhugov,Warrior,"5' 8""",155 lbs.,"68.0""",Orthodox,20,6,1,
4232,Teila,Tuli,,"6' 0""",430 lbs.,--,Orthodox,0,1,0,
4233,Marco,Tulio,Matuto,"6' 0""",185 lbs.,"74.0""",Orthodox,14,3,0,
4234,Nyamjargal,Tumendemberel,Art of Knockout,"5' 7""",125 lbs.,"71.0""",Orthodox,10,1,0,
4235,Albert,Tumenov,Einstein,"5' 11""",170 lbs.,"73.0""",Orthodox,18,4,0,
4236,Ricky,Turcios,,"5' 9""",145 lbs.,"71.0""",Orthodox,13,6,0,
4237,Anton,Turkalj,The Pleasure Man,"6' 4""",205 lbs.,"78.0""",Orthodox,8,4,0,
4238,Wellington,Turman,The Prodigy,"6' 0""",170 lbs.,"72.0""",Orthodox,18,8,0,
4239,Courtney,Turner,,"6' 2""",170 lbs.,--,,0,3,0,
4240,Jalin,Turner,The Tarantula,"6' 3""",155 lbs.,"77.0""",Southpaw,16,9,0,
4241,Austin,Tweedy,,"5' 9""",155 lbs.,--,Orthodox,8,2,0,
4242,Marcin,Tybura,Tybur,"6' 3""",254 lbs.,"78.0""",Orthodox,27,12,0,
4243,Raphael,Uchegbu,,"5' 9""",135 lbs.,"73.0""",Orthodox,10,2,0,
4244,Takeru,Uchida,,"5' 7""",125 lbs.,"68.0""",Southpaw,9,2,0,
4245,Alberto,Uda,,"6' 3""",185 lbs.,--,Orthodox,12,2,0,
4246,Ryuki,Ueyama,,"5' 11""",180 lbs.,--,Southpaw,12,18,5,
4247,Christian,Uflacker,,"5' 11""",170 lbs.,--,,5,0,0,
4248,Andy,Uhrich,,"6' 0""",170 lbs.,--,,11,6,0,
4249,Tagir,Ulanbekov,,"5' 7""",125 lbs.,"70.0""",Southpaw,17,3,0,
4250,Carlos,Ulberg,Black Jag,"6' 4""",205 lbs.,"77.0""",Orthodox,15,1,0,
4251,Gasan,Umalatov,Cobra,"5' 11""",170 lbs.,"71.0""",Orthodox,17,4,2,
4252,Jeremy,Umphries,,--,160 lbs.,--,,5,2,0,
4253,Zach,Underwood,,"6' 2""",185 lbs.,--,,13,7,0,
4254,Caol,Uno,Uno Shoten,"5' 7""",155 lbs.,"70.0""",Southpaw,33,19,5,
4255,Kengo,Ura,Uraken,"5' 9""",165 lbs.,--,,14,12,2,
4256,Logan,Urban,Hulk,"6' 0""",170 lbs.,"72.0""",Orthodox,5,1,0,
4257,Hector,Urbina,El Toro,"5' 11""",170 lbs.,"73.0""",Orthodox,17,10,1,
4258,Elias,Urbina,,"6' 3""",185 lbs.,"77.0""",Southpaw,3,1,0,
4259,Gilbert,Urbina,The RGV Bad Boy,"6' 3""",185 lbs.,"75.0""",Orthodox,8,5,0,
4260,Guilherme,Uriel,Urso,"6' 1""",242 lbs.,"74.0""",Orthodox,8,2,0,
4261,Nick,Urso,,"5' 6""",125 lbs.,"66.0""",Southpaw,10,3,0,
4262,Yasuhiro,Urushitani,,"5' 5""",125 lbs.,--,Southpaw,21,8,6,
4263,Sho Patrick,Usami,Savage,"5' 9""",155 lbs.,"70.0""",Orthodox,4,1,0,
4264,Kamaru,Usman,The Nigerian Nightmare,"6' 0""",185 lbs.,"76.0""",Switch,21,5,0,
4265,Mohammed,Usman,The Motor,"6' 2""",239 lbs.,"79.0""",Orthodox,12,4,0,
4266,Ilimbek Akylbek,Uulu,,--,135 lbs.,--,,10,3,0,
4267,Darren,Uyenoyama,BC,"5' 6""",125 lbs.,"65.0""",Orthodox,10,6,0,
4268,Richie,Vaculik,Vas,"5' 6""",125 lbs.,"69.0""",Orthodox,10,4,0,
4269,Rashid,Vagabov,Rambo,"5' 7""",125 lbs.,"63.0""",Orthodox,14,2,0,
4270,Abubakar,Vagaev,,"5' 11""",170 lbs.,"73.0""",Orthodox,25,4,0,
4271,Artem,Vakhitov,,"6' 1""",205 lbs.,"75.0""",Orthodox,3,1,0,
4272,Egidijus,Valavicius,,"6' 0""",200 lbs.,--,Orthodox,29,12,0,
4273,Genaro,Valdez,Rayadito,"5' 9""",155 lbs.,"72.0""",Orthodox,10,3,0,
4274,Charlie,Valencia,,"5' 3""",135 lbs.,"64.0""",Orthodox,12,7,0,
4275,Robert,Valentin,Robzilla,"6' 2""",185 lbs.,"77.0""",Orthodox,13,6,0,
4276,Victor,Valenzuela,Joe Boxer,"5' 10""",155 lbs.,--,,13,6,2,
4277,Ivan,Valenzuela,Bam Bam,"6' 2""",185 lbs.,"77.0""",Orthodox,8,2,0,
4278,Victor,Valenzuela,Psicosis,"5' 9""",170 lbs.,"71.0""",Orthodox,14,4,0,
4279,Timur,Valiev,Lucky,"5' 6""",135 lbs.,"67.0""",Orthodox,18,3,0,
4280,Victor,Valimaki,The Matrix,"6' 0""",205 lbs.,--,Orthodox,18,10,0,
4281,Andrew,Valladerez,,--,135 lbs.,--,,5,7,0,
4282,Kevin,Vallejos,El Chino,"5' 7""",145 lbs.,"68.0""",Switch,18,1,0,
4283,Isaac,Vallie-Flagg,,"5' 8""",155 lbs.,"70.0""",Orthodox,16,7,1,
4284,Joshua,Van,The Fearless,"5' 5""",125 lbs.,"65.0""",Orthodox,17,2,0,
4285,Mike,van Arsdale,,"6' 2""",205 lbs.,--,Switch,8,5,0,
4286,Matt,Van Buren,Gutter,"6' 5""",205 lbs.,--,,7,6,0,
4287,Ron,van Clief,The Black Dragon,"5' 10""",190 lbs.,--,Orthodox,0,1,0,
4288,Lloyd,Van Dams,,"6' 1""",240 lbs.,--,Southpaw,0,1,0,
4289,Alain,Van der Merckt,Top Boy,--,185 lbs.,--,,8,0,0,
4290,Cameron,VanCamp,Jumpman,"6' 2""",155 lbs.,"74.0""",Switch,15,7,1,
4291,Chad,Vance,,"6' 0""",185 lbs.,--,Orthodox,7,5,0,
4292,Jared,Vanderaa,,"6' 4""",265 lbs.,"80.0""",Orthodox,12,10,0,
4293,Austin,Vanderford,The Gentleman,"5' 11""",170 lbs.,"74.0""",Orthodox,13,3,0,
4294,Lando,Vannata,Groovy,"5' 9""",155 lbs.,"71.0""",Orthodox,12,8,2,
4295,Paige,VanZant,12 Gauge,"5' 4""",115 lbs.,"65.0""",Orthodox,8,5,0,
4296,Paul,Varelans,The Polar Bear,"6' 8""",300 lbs.,--,Orthodox,9,9,0,
4297,Kazula,Vargas,,"5' 8""",155 lbs.,"71.0""",Southpaw,12,5,0,
4298,Jamie,Varner,,"5' 8""",155 lbs.,"71.0""",Orthodox,21,11,1,
4299,Guilherme,Vasconcelos,Bomba,"6' 0""",185 lbs.,--,Orthodox,9,4,0,
4300,Linton,Vassell,The Swarm,"6' 4""",205 lbs.,--,,18,5,0,
4301,Billy,Vaughan,,"5' 6""",155 lbs.,--,,12,17,0,
4302,Yuri,Vaulin,,"6' 4""",197 lbs.,--,Southpaw,0,1,0,
4303,Javier,Vazquez,Showtime,"5' 7""",145 lbs.,"69.0""",Southpaw,16,5,0,
4304,Manny,Vazquez,,"5' 10""",125 lbs.,"72.0""",Orthodox,11,2,0,
4305,Gianni,Vazquez,Kriptonita,"5' 7""",135 lbs.,"71.0""",Orthodox,14,6,1,
4306,Matt,Veach,,"5' 11""",155 lbs.,--,Orthodox,17,5,0,
4307,Joe,Vedepo,The Doctor,"6' 0""",185 lbs.,--,Orthodox,18,9,0,
4308,Kelly,Velasco,Killer,"5' 9""",135 lbs.,--,Orthodox,2,1,0,
4309,Greg,Velasco,The Viking King,"6' 2""",265 lbs.,"70.0""",Southpaw,6,1,0,
4310,Cain,Velasquez,,"6' 1""",240 lbs.,"77.0""",Orthodox,14,3,0,
4311,David,Velasquez,Little,"5' 5""",145 lbs.,--,Orthodox,10,10,0,
4312,Bojan,Velickovic,Serbian Steel,"6' 0""",170 lbs.,"76.0""",Southpaw,15,6,1,
4313,Karlos,Vemola,,"6' 0""",185 lbs.,"75.0""",Orthodox,17,5,0,
4314,Luigi,Vendramini,The Italian Stallion,"5' 8""",155 lbs.,"73.0""",Orthodox,9,3,0,
4315,Jerrel,Venetiaan,,"6' 1""",195 lbs.,--,Orthodox,4,3,0,
4316,Scott,Ventimiglia,Meant to Kill Ya,"5' 11""",185 lbs.,--,,14,6,1,
4317,Brandon,Vera,The Truth,"6' 3""",230 lbs.,"78.0""",Orthodox,15,7,0,
4318,Kerry,Vera,,"5' 7""",135 lbs.,--,Orthodox,2,0,0,
4319,Marlon,Vera,Chito,"5' 8""",135 lbs.,"70.0""",Switch,23,12,1,
4320,Carlos,Vera,Pequeno,"5' 6""",135 lbs.,"69.0""",Orthodox,12,4,0,
4321,Rodrigo,Vera,El Gato Loco,"5' 8""",145 lbs.,"68.0""",Orthodox,22,1,1,
4322,Isis,Verbeek,Fight Queen,"5' 4""",115 lbs.,"64.0""",Orthodox,5,2,0,
4323,Ernie,Verdicia,,"5' 11""",199 lbs.,--,Orthodox,0,1,0,
4324,Joe,Veres,,"5' 7""",155 lbs.,--,Orthodox,4,3,0,
4325,Nikolay,Veretennikov,Gladiator,"6' 1""",170 lbs.,"74.0""",Orthodox,14,8,0,
4326,CJ,Vergara,,"5' 6""",125 lbs.,"68.0""",Orthodox,12,7,1,
4327,Renato,Verissimo,Charuto,"6' 1""",170 lbs.,--,Orthodox,7,5,0,
4328,Bryan,Vetell,,"6' 3""",265 lbs.,--,Southpaw,4,3,0,
4329,Marvin,Vettori,The Italian Dream,"6' 0""",185 lbs.,"74.0""",Southpaw,19,10,1,
4330,Hugo,Viana,Wolverine,"5' 6""",135 lbs.,"67.0""",Orthodox,8,4,0,
4331,Guilherme,Viana,,"6' 4""",205 lbs.,--,,7,3,0,
4332,Polyana,Viana,Dama de Ferro,"5' 5""",115 lbs.,"67.0""",Orthodox,13,9,0,
4333,Vitor,Vianna,,--,205 lbs.,--,Orthodox,12,3,1,
4334,James,Vick,The Texecutioner,"6' 3""",155 lbs.,"76.0""",Orthodox,13,5,0,
4335,Tamires,Vidal,Tractor,"5' 6""",135 lbs.,"68.0""",Orthodox,7,4,0,
4336,Freddy,Vidal,The Barbarian,"6' 3""",205 lbs.,"80.0""",Orthodox,4,0,0,
4337,Milton,Vieira,Miltinho,"6' 0""",145 lbs.,--,Orthodox,13,8,2,
4338,Reginaldo,Vieira,,"5' 7""",135 lbs.,"65.0""",Orthodox,13,5,0,
4339,Ketlen,Vieira,Fenomeno,"5' 8""",135 lbs.,"68.0""",Orthodox,16,5,0,
4340,Rodolfo,Vieira,,"6' 0""",185 lbs.,"73.0""",Orthodox,11,5,0,
4341,Steve,Vigneault,Lionheart,"5' 10""",185 lbs.,--,Orthodox,12,6,0,
4342,Alejandro,Villalobos,,"5' 7""",145 lbs.,--,,17,5,0,
4343,DeMarco,Villalona,,"5' 9""",185 lbs.,--,,1,3,0,
4344,Gian,Villante,,"6' 3""",230 lbs.,"76.0""",Orthodox,17,14,0,
4345,Ike,Villanueva,Hurricane,"6' 1""",205 lbs.,"73.0""",Orthodox,18,14,0,
4346,Ruben,Villareal,Warpath,"6' 4""",265 lbs.,--,Orthodox,22,28,3,
4347,Armando,Villarreal,La Lumbre,"5' 7""",135 lbs.,"66.0""",Southpaw,5,2,0,
4348,Pablo,Villaseca,El Gallo,"5' 7""",155 lbs.,--,,12,3,0,
4349,Joey,Villasenor,Smokin' Joe,"6' 0""",185 lbs.,--,Orthodox,29,10,0,
4350,Danillo,Villefort,Indio,"6' 1""",185 lbs.,--,Orthodox,15,5,0,
4351,Yuri,Villefort,,"6' 0""",170 lbs.,"73.0""",Orthodox,10,5,0,
4352,Tre'ston,Vines,TV Time,"6' 0""",185 lbs.,"79.0""",Orthodox,10,4,1,
4353,Marcos,Vinicius,Vina,"5' 9""",125 lbs.,--,Orthodox,23,11,1,
4354,Erick,Visconde,,--,145 lbs.,--,,17,3,0,
4355,Brandon,Visher,The Viper,"5' 6""",135 lbs.,"68.0""",Orthodox,13,3,0,
4356,Falaniko,Vitale,Niko,"5' 10""",185 lbs.,--,Orthodox,30,11,0,
4357,Cheyanne,Vlismas,The Warrior Princess,"5' 3""",115 lbs.,"63.0""",Switch,7,3,0,
4358,Bobby,Voelker,Vicious,"6' 0""",170 lbs.,"74.0""",Orthodox,19,13,0,
4359,Mateo,Vogel,Carrapato,"5' 8""",145 lbs.,"71.0""",Orthodox,8,3,0,
4360,Danylo,Voievodkin,,"6' 4""",265 lbs.,"78.0""",Southpaw,7,0,0,
4361,Alexander,Volkanovski,The Great,"5' 6""",145 lbs.,"71.0""",Orthodox,28,4,0,
4362,Jacob,Volkmann,Christmas,"5' 9""",155 lbs.,"71.0""",Southpaw,19,7,0,
4363,Alexander,Volkov,Drago,"6' 7""",250 lbs.,"80.0""",Orthodox,40,11,0,
4364,Mark,Vologdin,,"5' 3""",135 lbs.,"65.0""",Orthodox,12,5,2,
4365,Jason,Von Flue,Live Wire,"6' 0""",170 lbs.,--,Orthodox,14,12,1,
4366,Milco,Voorn,,--,220 lbs.,--,Orthodox,20,11,1,
4367,Mark,Vorgeas,,"5' 10""",135 lbs.,--,,5,3,1,
4368,Igor,Vovchanchyn,Ice Cold,"5' 8""",205 lbs.,--,Orthodox,55,10,0,
4369,Jordan,Vucenic,The Epidemic,"5' 10""",155 lbs.,"73.0""",Orthodox,13,4,0,
4370,James,Wade,,"5' 10""",205 lbs.,--,,4,11,0,
4371,Chris,Wade,,"5' 10""",155 lbs.,"70.0""",Orthodox,12,3,0,
4372,Neil,Wain,Old School,"5' 10""",242 lbs.,--,Orthodox,13,4,0,
4373,TJ,Waldburger,,"5' 11""",170 lbs.,"75.0""",Orthodox,16,9,0,
4374,Chase,Waldon,,"6' 1""",185 lbs.,"75.0""",Orthodox,11,2,0,
4375,Andre,Walker,,"5' 11""",205 lbs.,--,Southpaw,1,5,0,
4376,Herschel,Walker,,"6' 1""",215 lbs.,--,Orthodox,2,0,0,
4377,Donny,Walker,Eagle Eye,"5' 9""",135 lbs.,--,,15,10,0,
4378,Johnny,Walker,,"6' 6""",205 lbs.,"82.0""",Orthodox,22,10,0,
4379,Brogan,Walker,The Bear,"5' 4""",125 lbs.,"67.0""",Switch,8,5,0,
4380,Valter,Walker,The Clean Monster,"6' 6""",244 lbs.,"78.0""",Orthodox,16,1,0,
4381,Julius,Walker,Juice Box,"6' 4""",205 lbs.,"78.0""",Orthodox,7,3,0,
4382,Ben,Wall,Manimal,"5' 10""",155 lbs.,--,Orthodox,8,7,1,
4383,Crafton,Wallace,Blaze,"6' 0""",185 lbs.,--,Orthodox,18,6,1,
4384,Rodney,Wallace,Shonuff the Master,"5' 9""",205 lbs.,"72.0""",Switch,26,15,1,
4385,Jeremy,Wallace,,"5' 9""",--,--,,4,6,0,
4386,Randall,Wallace,Braveheart,"5' 11""",185 lbs.,"73.0""",Orthodox,15,6,0,
4387,James,Wallace,Jesse,"5' 10""",155 lbs.,"69.0""",Orthodox,5,2,0,
4388,Jim,Wallhead,Judo,"5' 10""",170 lbs.,--,Orthodox,29,11,0,
4389,Cory,Walmsley,Hardcore,"6' 0""",205 lbs.,--,Orthodox,8,2,0,
4390,Richard,Walsh,Filthy Rich,"6' 0""",170 lbs.,"73.0""",Orthodox,9,5,0,
4391,Patrick,Walsh,The Beast of the East,"5' 11""",185 lbs.,--,,10,3,0,
4392,Erick,Wanderlei,,"6' 1""",205 lbs.,--,Orthodox,3,3,0,
4393,Dimitiri,Wanderley,,--,205 lbs.,--,Orthodox,5,2,0,
4394,Andy,Wang,,"5' 6""",155 lbs.,--,Orthodox,7,8,1,
4395,Sai,Wang,The Fire Kylin,"6' 0""",170 lbs.,--,Southpaw,20,6,1,
4396,Anying,Wang,,"6' 0""",170 lbs.,--,Orthodox,2,1,0,
4397,Wang,Cong,The Joker,"5' 6""",125 lbs.,"65.0""",Southpaw,10,1,0,
4398,Joshua,Wang-Kim,Twin Dragon,"5' 9""",135 lbs.,"71.0""",Switch,5,2,0,
4399,Curt,Warburton,,"6' 0""",155 lbs.,"73.0""",Orthodox,13,6,0,
4400,Brennan,Ward,The Irish Bad Boy,"5' 10""",170 lbs.,"71.0""",,14,5,0,
4401,Charlie,Ward,,"5' 11""",170 lbs.,--,Orthodox,3,3,0,
4402,Terrion,Ware,Flash,"5' 8""",135 lbs.,"71.0""",Orthodox,17,9,0,
4403,Joe,Warren,,"5' 6""",135 lbs.,--,Orthodox,15,6,0,
4404,Brian,Warren,Mr. Unbreakable,"6' 0""",185 lbs.,--,Orthodox,18,17,1,
4405,Merritt,Warren,,"5' 10""",155 lbs.,--,Southpaw,3,3,0,
4406,Idris,Wasi,,"6' 0""",186 lbs.,--,,2,14,0,
4407,Kengo,Watanabe,,"6' 4""",220 lbs.,--,Orthodox,8,13,3,
4408,Kazuhisa,Watanabe,,"5' 6""",139 lbs.,--,,0,1,0,
4409,Ron,Waterman,H20,"6' 2""",280 lbs.,--,Orthodox,16,6,2,
4410,Andy,Waters,,"6' 0""",170 lbs.,--,,1,2,0,
4411,Dominic,Waters,Sho Nuff,"6' 1""",170 lbs.,"79.0""",Orthodox,9,5,0,
4412,Trey,Waters,The Truth,"6' 5""",170 lbs.,"77.0""",Orthodox,9,2,0,
4413,Michelle,Waterson-Gomez,The Karate Hottie,"5' 3""",115 lbs.,"62.0""",Orthodox,18,13,0,
4414,Sam,Watford,,--,155 lbs.,--,,2,2,0,
4415,Blake,Watkins,,--,185 lbs.,--,,5,1,0,
4416,Kyle,Watson,,"6' 0""",155 lbs.,--,Southpaw,13,8,1,
4417,Maka,Watson,,--,155 lbs.,--,,4,2,0,
4418,Walel,Watson,The Gazelle,"5' 11""",135 lbs.,"75.0""",Orthodox,14,10,0,
4419,Tom,Watson,Kong,"6' 1""",185 lbs.,"73.0""",Orthodox,17,9,0,
4420,Enrique,Watson,,--,185 lbs.,--,,3,1,0,
4421,Brok,Weaver,Chata Tuska,"6' 0""",155 lbs.,"73.0""",Southpaw,15,6,0,
4422,Jonavin,Webb,The Spyder,"5' 10""",170 lbs.,--,Orthodox,9,2,0,
4423,Stephanie,Webber,,"5' 6""",135 lbs.,--,,2,2,0,
4424,Royston,Wee,,"5' 7""",135 lbs.,"67.0""",Orthodox,4,1,0,
4425,Darian,Weeks,,"5' 11""",170 lbs.,"72.0""",Orthodox,5,3,0,
4426,Joshua,Weems,Wide Open,"5' 8""",135 lbs.,"69.0""",Orthodox,11,3,0,
4427,Daniel,Weichel,The Weasel,"5' 10""",145 lbs.,"70.0""",,39,9,0,
4428,Chris,Weidman,The All-American,"6' 2""",185 lbs.,"78.0""",Orthodox,16,8,0,
4429,Mark,Weir,The Wizard,"6' 2""",185 lbs.,--,Southpaw,21,18,1,
4430,Christian,Wellisch,The Hungarian Nightmare,"6' 2""",234 lbs.,"77.0""",Orthodox,8,5,0,
4431,Malcolm,Wellmaker,The Machine,"5' 10""",135 lbs.,"71.0""",Switch,10,2,0,
4432,Jeremiah,Wells,,"5' 9""",170 lbs.,"74.0""",Switch,14,4,1,
4433,Fabricio,Werdum,Vai Cavalo,"6' 4""",231 lbs.,"77.0""",Orthodox,24,9,1,
4434,Mike,Wessel,Juggernaut,"6' 0""",260 lbs.,--,Orthodox,15,8,0,
4435,Dustin,West,,"5' 11""",170 lbs.,--,,6,6,0,
4436,Sheldon,Westcott,,"6' 1""",170 lbs.,"71.0""",Southpaw,10,3,1,
4437,Aaron,Wetherspoon,Slam,--,170 lbs.,--,,9,5,0,
4438,Coty,Wheeler,Ox,"5' 6""",135 lbs.,"67.0""",Orthodox,14,5,0,
4439,Vernon,White,Tiger,"6' 0""",205 lbs.,--,Southpaw,26,33,2,
4440,Steve,White,,"5' 11""",175 lbs.,--,,1,4,0,
4441,Alex,White,The Spartan,"6' 0""",155 lbs.,"71.0""",Southpaw,13,6,0,
4442,Craig,White,The Thundercat,"6' 2""",170 lbs.,"76.0""",Orthodox,14,9,0,
4443,Patrik,White,Primetime,"6' 0""",155 lbs.,"72.0""",Orthodox,9,2,0,
4444,Robert,Whiteford,The Hammer,"5' 9""",145 lbs.,"69.0""",Southpaw,14,4,0,
4445,Mike,Whitehead,,"6' 1""",205 lbs.,--,Orthodox,27,8,0,
4446,Garett,Whiteley,Goodnight,"6' 0""",155 lbs.,"72.0""",Orthodox,7,3,0,
4447,Mitch,Whitesel,,"5' 9""",185 lbs.,--,,17,27,0,
4448,Emily,Whitmire,Spitfire,"5' 5""",125 lbs.,"63.0""",Orthodox,4,5,0,
4449,Robert,Whittaker,The Reaper,"6' 0""",205 lbs.,"73.0""",Orthodox,28,9,0,
4450,Josh,Wick,The White Mamba,"5' 9""",155 lbs.,"69.0""",Switch,12,6,0,
4451,Adam,Wieczorek,Siwy,"6' 5""",250 lbs.,"81.0""",Orthodox,10,2,0,
4452,Orlando,Wiet,The Gladiator,"5' 10""",170 lbs.,--,Southpaw,1,5,0,
4453,Jonathan,Wiezorek,,"6' 3""",250 lbs.,--,Southpaw,11,2,0,
4454,Jakub,Wiklacz,,"5' 10""",135 lbs.,"72.0""",Orthodox,18,3,2,
4455,Justin,Wilcox,Silverback,"5' 6""",155 lbs.,--,Orthodox,14,7,0,
4456,Joe,Wilk,The Nose,"5' 9""",145 lbs.,--,,19,11,0,
4457,Aaron,Wilkinson,The Daywalker,"5' 10""",155 lbs.,--,Orthodox,11,7,0,
4458,Mike,Wilkinson,The Warrior,"5' 7""",145 lbs.,"66.0""",Orthodox,9,4,0,
4459,Rob,Wilkinson,Razor,"6' 3""",185 lbs.,"80.0""",Orthodox,11,2,0,
4460,James,Wilks,Lightning,"6' 1""",170 lbs.,"75.0""",Orthodox,7,4,0,
4461,Tedd,Williams,,"6' 1""",275 lbs.,--,Orthodox,7,1,0,
4462,Pete,Williams,El Duro,"6' 3""",235 lbs.,--,Orthodox,12,6,0,
4463,Rubin,Williams,Mr. Hollywood,"6' 1""",185 lbs.,--,Orthodox,0,1,0,
4464,Carter,Williams,The Beast,"6' 1""",265 lbs.,--,Orthodox,4,5,0,
4465,Patrick,Williams,The Animal,"5' 8""",135 lbs.,"73.0""",Orthodox,8,6,0,
4466,Tim,Williams,The South Jersey Strangler,"6' 2""",185 lbs.,"76.0""",Orthodox,15,5,0,
4467,Jordan,Williams,Bomaye,"6' 1""",185 lbs.,"75.0""",Southpaw,9,6,0,
4468,Cole,Williams,Havoc,"6' 0""",170 lbs.,"73.0""",Orthodox,11,3,0,
4469,Khaos,Williams,The OxFighter,"6' 0""",170 lbs.,"77.0""",Orthodox,16,5,0,
4470,Karl,Williams,,"6' 3""",235 lbs.,"79.0""",Orthodox,10,2,0,
4471,Tyshawn,Williams,,"5' 6""",145 lbs.,"72.0""",Switch,8,0,0,
4472,Karl,Willis,,--,--,--,,0,5,0,
4473,Justin,Willis,Big Pretty,"6' 1""",264 lbs.,"78.0""",Southpaw,8,2,0,
4474,Chris,Wilson,The Professor,"6' 1""",170 lbs.,"75.0""",Orthodox,18,10,0,
4475,Greg,Wilson,,--,155 lbs.,--,,2,3,0,
4476,Jonathan,Wilson,Johnny Bravo,"6' 2""",205 lbs.,"75.0""",Southpaw,7,3,0,
4477,Sean,Wilson,P-Town,"5' 8""",145 lbs.,--,,36,29,0,
4478,Westin,Wilson,,"6' 1""",145 lbs.,"73.0""",Southpaw,17,10,0,
4479,Damon,Wilson,The Nomad,"5' 9""",145 lbs.,"69.0""",Switch,9,3,0,
4480,Matt,Wiman,,"5' 10""",155 lbs.,"68.0""",Orthodox,16,10,0,
4481,Eddie,Wineland,,"5' 7""",135 lbs.,"69.0""",Orthodox,24,16,1,
4482,Deron,Winn,,"5' 6""",185 lbs.,"70.0""",Orthodox,7,3,0,
4483,Andre,Winner,,"5' 11""",155 lbs.,"73.0""",Orthodox,21,11,2,
4484,Anthony,Wint,Bow Down,"5' 11""",231 lbs.,"78.0""",Orthodox,8,0,0,
4485,Eric,Wisely,Little Lee,"5' 8""",145 lbs.,--,Southpaw,26,9,1,
4486,Keith,Wisniewski,The Polish Connection,"6' 0""",170 lbs.,--,Orthodox,28,15,1,
4487,Jason,Witt,The Vanilla Gorilla,"5' 10""",170 lbs.,"70.0""",Orthodox,19,9,0,
4488,Travis,Wiuff,The Diesel,"6' 3""",205 lbs.,--,Orthodox,75,21,0,
4489,Ray,Wizard,,--,--,--,,0,1,0,
4490,Karolina,Wojcik,Polish Assassin,"5' 2""",115 lbs.,--,Orthodox,9,2,0,
4491,Danyelle,Wolf,,"5' 11""",145 lbs.,"70.0""",Orthodox,1,1,0,
4492,Brandon,Wolff,,"5' 9""",170 lbs.,--,Orthodox,7,5,0,
4493,Xue Do,Won,,"5' 7""",165 lbs.,--,,0,1,0,
4494,Kwon,WonIl,Pretty Boy,"5' 10""",135 lbs.,"71.0""",Orthodox,14,7,0,
4495,Joanne,Wood,JoJo,"5' 6""",125 lbs.,"65.0""",Orthodox,17,8,0,
4496,Nathaniel,Wood,The Last Kingsman,"5' 6""",145 lbs.,"69.0""",Orthodox,23,7,0,
4497,Val,Woodburn,The Animal,"5' 8""",170 lbs.,"74.0""",Orthodox,7,2,0,
4498,Tyron,Woodley,The Chosen One,"5' 9""",170 lbs.,"74.0""",Orthodox,19,7,1,
4499,Salvador,Woods,,"5' 11""",170 lbs.,--,,8,17,0,
4500,Logan,Woods,One Hit,--,185 lbs.,--,,5,1,0,
4501,Sean,Woodson,The Sniper,"6' 2""",145 lbs.,"78.0""",Orthodox,14,2,1,
4502,Cal,Worsham,,"5' 11""",230 lbs.,--,Orthodox,13,10,0,
4503,Hunter,Worsham,The Future,--,185 lbs.,--,,7,3,0,
4504,Khama,Worthy,The Death Star,"5' 11""",155 lbs.,"74.0""",Orthodox,16,9,0,
4505,Eric,Wray,,"6' 0""",170 lbs.,--,Orthodox,5,1,0,
4506,Justin,Wren,The Viking,"6' 2""",265 lbs.,--,Orthodox,13,2,0,
4507,JW,Wright,,--,130 lbs.,--,,1,0,0,
4508,Chris,Wright,,--,--,--,,8,5,1,
4509,Jordan,Wright,The Beverly Hills Ninja,"6' 2""",205 lbs.,"77.0""",Orthodox,12,5,0,
4510,Marcin,Wrzosek,The Polish Zombie,"5' 9""",155 lbs.,--,,12,4,0,
4511,Wu,Yanan,Mulan,"5' 8""",135 lbs.,"66.0""",Orthodox,13,6,0,
4512,,Wulijiburen,Beast Master,"5' 9""",135 lbs.,"69.0""",Orthodox,20,9,0,
4513,Hailai,Wushamo,,--,115 lbs.,--,,10,1,0,
4514,Wuziazibieke,Jiahefu,Prairie Kitty,"5' 9""",145 lbs.,"70.0""",Orthodox,29,12,1,
4515,Rubens,Xavier,Macula,"6' 3""",220 lbs.,--,Orthodox,5,3,0,
4516,Xiao,Long,,"5' 8""",135 lbs.,"70.0""",Orthodox,27,12,0,
4517,Xie,Bin,The Stalker,"5' 11""",145 lbs.,"71.0""",Orthodox,15,6,0,
4518,Xiong,Jingnan,The Panda,"5' 4""",115 lbs.,"63.0""",Switch,19,4,0,
4519,Jamie,Yager,The Chosyn 1,"6' 1""",185 lbs.,--,Orthodox,8,4,0,
4520,Eddie,Yagin,The Filipino Phenom,"5' 7""",145 lbs.,--,Orthodox,16,7,1,
4521,Rani,Yahya,,"5' 6""",135 lbs.,"67.0""",Orthodox,28,12,1,
4522,Mohammad,Yahya,The UAE Warrior,"5' 9""",145 lbs.,"73.0""",Switch,12,6,0,
4523,Abdul Rakhman,Yakhyaev,The Hunter,"6' 2""",205 lbs.,"78.0""",Orthodox,10,0,0,
4524,Alexander,Yakovlev,Russian Thunder,"6' 3""",155 lbs.,"74.0""",Southpaw,24,10,1,
4525,Keiichiro,Yamamiya,,"5' 11""",185 lbs.,--,Southpaw,45,35,10,
4526,Kenichi,Yamamoto,,"6' 0""",170 lbs.,--,Orthodox,5,12,2,
4527,Yoshihisa,Yamamoto,,"6' 2""",220 lbs.,--,Southpaw,14,25,1,
4528,Atsushi,Yamamoto,,"5' 6""",139 lbs.,--,Orthodox,19,11,3,
4529,Norifumi,Yamamoto,Kid,"5' 4""",135 lbs.,"66.0""",Southpaw,18,6,0,
4530,Hiroko,Yamanaka,Cat's Eye,"5' 11""",135 lbs.,--,,13,3,0,
4531,Goiti,Yamauchi,,"5' 10""",145 lbs.,--,,21,3,0,
4532,Wataru,Yamauchi,,"5' 6""",125 lbs.,"68.0""",Orthodox,7,2,0,
4533,Takeshi,Yamazaki,,"5' 8""",139 lbs.,--,Southpaw,15,12,3,
4534,Yan,Xiaonan,,"5' 5""",115 lbs.,"63.0""",Orthodox,19,6,0,
4535,Petr,Yan,No Mercy,"5' 7""",135 lbs.,"67.0""",Switch,20,5,0,
4536,Yan,Qihui,Queen Kong,"5' 3""",125 lbs.,"62.0""",Orthodox,25,5,0,
4537,Yuito,Yanagawa,,"5' 8""",145 lbs.,"68.0""",Orthodox,8,2,0,
4538,Adam,Yandiev,Boroda,"5' 9""",185 lbs.,"74.0""",Orthodox,9,1,0,
4539,Adrian,Yanez,,"5' 7""",135 lbs.,"70.0""",Orthodox,18,6,1,
4540,Dongi,Yang,The Ox,"5' 10""",185 lbs.,"73.0""",Southpaw,13,3,0,
4541,Jianping,Yang,,"5' 7""",145 lbs.,--,Orthodox,11,4,1,
4542,John,Yannis,,"5' 7""",135 lbs.,"70.0""",Southpaw,10,5,0,
4543,Masutatsu,Yano,,"5' 9""",198 lbs.,--,Orthodox,2,4,1,
4544,Emmanuel,Yarborough,,"6' 8""",770 lbs.,--,Open Stance,1,2,0,
4545,Cale,Yarbrough,,"6' 1""",185 lbs.,--,Orthodox,8,3,0,
4546,Tadao,Yasuda,,"6' 4""",310 lbs.,--,Orthodox,2,4,0,
4547,Yoshiaki,Yatsu,,"6' 1""",165 lbs.,--,Orthodox,0,2,0,
4548,Chris,Yee,,"5' 9""",185 lbs.,--,,4,6,0,
4549,,Yibugele,Eagle,"5' 7""",145 lbs.,"69.0""",Southpaw,24,13,1,
4550,Yin,Shuai,Black Panther,"5' 5""",125 lbs.,"66.0""",Southpaw,18,7,0,
4551,,Yizha,,"5' 7""",145 lbs.,"71.0""",Orthodox,26,6,0,
4552,Ashley,Yoder,SpiderMonkey,"5' 7""",115 lbs.,"69.0""",Southpaw,8,9,0,
4553,Hirotaka,Yokoi,Kaibatsu-Kun,"5' 11""",205 lbs.,--,Orthodox,11,5,0,
4554,Kazunori,Yokota,,"5' 8""",154 lbs.,--,Orthodox,25,7,3,
4555,John,Yoo,,--,135 lbs.,--,,0,1,0,
4556,SangHoon,Yoo,Assassin,"6' 0""",170 lbs.,"74.0""",Orthodox,8,2,0,
4557,JooSang,Yoo,Zombie Jr.,"5' 7""",145 lbs.,"71.0""",Orthodox,9,1,0,
4558,Dong Sik,Yoon,,"6' 0""",185 lbs.,--,Orthodox,9,9,0,
4559,ChangMin,Yoon,The Big Heart,"5' 8""",145 lbs.,"70.0""",Orthodox,8,3,1,
4560,Yoshiyuki,Yoshida,Zenko,"5' 11""",170 lbs.,"70.0""",Southpaw,18,9,0,
4561,Hidehiko,Yoshida,,"5' 11""",225 lbs.,--,Orthodox,6,8,1,
4562,Kai,Yoshida,Scorpion,"5' 9""",125 lbs.,"69.0""",Southpaw,6,2,0,
4563,SuYoung,You,Yoo-Jitsu,"5' 6""",135 lbs.,"65.0""",Orthodox,16,4,0,
4564,Kaitlin,Young,,"5' 9""",135 lbs.,--,Orthodox,7,9,1,
4565,Artenus,Young,,--,205 lbs.,--,,10,12,0,
4566,Trenell,Young,Savant,"5' 6""",145 lbs.,--,Orthodox,11,9,0,
4567,Jason,Young,Shotgun,"5' 9""",145 lbs.,"73.0""",Orthodox,9,6,0,
4568,Shane,Young,Smokin',"5' 8""",145 lbs.,"72.0""",Orthodox,13,8,0,
4569,Shanna,Young,The Shanimal,"5' 7""",125 lbs.,"65.0""",Orthodox,9,6,0,
4570,Gauge,Young,Gee Money,"5' 9""",155 lbs.,"70.0""",Orthodox,11,4,0,
4571,Besam,Yousef,,"5' 11""",170 lbs.,--,Orthodox,7,4,0,
4572,Han Ten,Yun,,"5' 11""",220 lbs.,--,,0,1,0,
4573,Rob,Yundt,Monster,"6' 1""",185 lbs.,--,Orthodox,9,5,0,
4574,Sodiq,Yusuff,Super,"5' 9""",155 lbs.,"71.0""",Orthodox,13,5,0,
4575,Gilbert,Yvel,The Hurricane,"6' 2""",225 lbs.,"77.0""",Orthodox,39,16,1,
4576,Luke,Zachrich,,"6' 2""",185 lbs.,"74.0""",Orthodox,14,4,0,
4577,Anton,Zafir,The Professor,"5' 11""",170 lbs.,--,Orthodox,7,3,0,
4578,Aiemann,Zahabi,Icemann,"5' 8""",135 lbs.,"68.0""",Orthodox,14,3,0,
4579,Joao,Zaiden,,--,205 lbs.,--,,10,3,0,
4580,Youssef,Zalal,The Moroccan Devil,"5' 10""",145 lbs.,"72.0""",Switch,18,6,1,
4581,Elizeu,Zaleski dos Santos,Capoeira,"5' 11""",170 lbs.,"73.0""",Orthodox,25,10,1,
4582,Zach,Zane,The Hurricane,"5' 7""",145 lbs.,"69.0""",Southpaw,10,7,0,
4583,Roger,Zapata,Viva,"5' 11""",170 lbs.,--,Southpaw,4,2,0,
4584,Marius,Zaromskis,The Whitemare,"5' 9""",170 lbs.,--,Orthodox,20,9,0,
4585,David,Zawada,Sagat,"6' 0""",170 lbs.,"75.0""",Orthodox,17,7,0,
4586,Magomed,Zaynukov,Wild Chanko,"5' 10""",155 lbs.,"68.0""",Orthodox,9,0,0,
4587,Manolo,Zecchini,Angelo Veneziano,"5' 8""",145 lbs.,"68.0""",Orthodox,11,5,0,
4588,Joao,Zeferino,The Brazilian Samurai,"5' 11""",170 lbs.,--,Orthodox,21,9,0,
4589,Daniel,Zellhuber,Golden Boy,"6' 1""",155 lbs.,"77.0""",Switch,15,4,0,
4590,Craig,Zellner,Big Z,"6' 2""",205 lbs.,--,Orthodox,4,3,0,
4591,Rickson,Zenidim,The King,"5' 7""",125 lbs.,"67.0""",Orthodox,14,2,0,
4592,Roman,Zentsov,The Russian Hammer,"6' 1""",230 lbs.,--,Orthodox,18,12,0,
4593,Carlos,Zevallos,,"6' 0""",205 lbs.,--,Orthodox,3,4,0,
4594,Zhang,Tiequan,The Wolf,"5' 8""",155 lbs.,"69.0""",Orthodox,15,4,0,
4595,Zhang,Lipeng,The Warrior,"5' 11""",155 lbs.,"71.0""",Southpaw,23,9,1,
4596,Zhang,Weili,Magnum,"5' 4""",115 lbs.,"63.0""",Switch,26,4,0,
4597,Zhang,Mingyang,Mountain Tiger,"6' 2""",205 lbs.,"75.0""",Orthodox,19,8,0,
4598,Zhang,Qinghe,,"5' 7""",135 lbs.,"67.0""",Southpaw,16,8,1,
4599,Zhang,Zhenyang,,--,155 lbs.,--,,7,2,0,
4600,Daermisi,Zhawupasi,,"5' 8""",135 lbs.,"68.0""",Switch,9,2,0,
4601,Daria,Zhelezniakova,Iron Lady,"5' 9""",135 lbs.,"68.0""",Orthodox,10,3,0,
4602,Yao,Zhikui,The Conqueror,"5' 5""",125 lbs.,"64.0""",Orthodox,2,4,0,
4603,Zhou,Kun,Mandrill,--,125 lbs.,--,,13,4,0,
4604,Zhu,Kangjie,,"5' 6""",145 lbs.,"70.0""",Orthodox,21,5,0,
4605,Zhalgas,Zhumagulov,,"5' 4""",125 lbs.,"66.0""",Switch,14,9,0,
4606,Fares,Ziam,The Smile Killer,"6' 1""",155 lbs.,"75.0""",Orthodox,18,6,0,
4607,Mike,Zichelle,,--,205 lbs.,--,,8,4,0,
4608,James,Zikic,The Messenger,"6' 2""",205 lbs.,--,Orthodox,21,10,2,
4609,Errol,Zimmerman,The Bonecrusher,"6' 3""",185 lbs.,--,Orthodox,0,1,0,
4610,Cat,Zingano,Alpha,"5' 6""",145 lbs.,"68.0""",Southpaw,10,4,0,
4611,Igor,Zinoviev,Houdini,"6' 1""",199 lbs.,--,Orthodox,4,1,2,
4612,Dave,Zitanick,,--,170 lbs.,--,,5,7,0,
4613,Alex,Zuniga,,--,145 lbs.,--,,6,3,0,
4614,George,Zuniga,,"5' 9""",185 lbs.,--,,3,1,0,
4615,Allan,Zuniga,Tigre,"5' 7""",155 lbs.,"70.0""",Orthodox,13,1,0,
4616,Brahyam,Zurcher,El Jarretas,"5' 10""",145 lbs.,"70.0""",Orthodox,9,1,0,
4617,Virgil,Zwicker,RezDog,"6' 2""",205 lbs.,"74.0""",,15,6,1,
